PRAGMA foreign_keys=OFF;
BEGIN TRANSACTION;
CREATE TABLE IF NOT EXISTS "django_migrations" ("id" integer NOT NULL PRIMARY KEY AUTOINCREMENT, "app" varchar(255) NOT NULL, "name" varchar(255) NOT NULL, "applied" datetime NOT NULL);
INSERT INTO django_migrations VALUES(1,'organizations','0001_initial','2019-03-18 16:09:38.883928');
INSERT INTO django_migrations VALUES(2,'courses','0001_initial','2019-03-18 16:09:39.214577');
INSERT INTO django_migrations VALUES(3,'contenttypes','0001_initial','2019-03-18 16:09:39.458364');
INSERT INTO django_migrations VALUES(4,'contenttypes','0002_remove_content_type_name','2019-03-18 16:09:39.592233');
INSERT INTO django_migrations VALUES(5,'auth','0001_initial','2019-03-18 16:09:39.725315');
INSERT INTO django_migrations VALUES(6,'auth','0002_alter_permission_name_max_length','2019-03-18 16:09:39.823735');
INSERT INTO django_migrations VALUES(7,'auth','0003_alter_user_email_max_length','2019-03-18 16:09:40.013807');
INSERT INTO django_migrations VALUES(8,'auth','0004_alter_user_username_opts','2019-03-18 16:09:40.084941');
INSERT INTO django_migrations VALUES(9,'auth','0005_alter_user_last_login_null','2019-03-18 16:09:40.121695');
INSERT INTO django_migrations VALUES(10,'auth','0006_require_contenttypes_0002','2019-03-18 16:09:40.151970');
INSERT INTO django_migrations VALUES(11,'auth','0007_alter_validators_add_error_messages','2019-03-18 16:09:40.176672');
INSERT INTO django_migrations VALUES(12,'auth','0008_alter_user_username_max_length','2019-03-18 16:09:40.221984');
INSERT INTO django_migrations VALUES(13,'auth','0009_alter_user_last_name_max_length','2019-03-18 16:09:40.284823');
INSERT INTO django_migrations VALUES(14,'users','0001_initial','2019-03-18 16:09:40.573935');
INSERT INTO django_migrations VALUES(15,'admin','0001_initial','2019-03-18 16:09:40.714749');
INSERT INTO django_migrations VALUES(16,'admin','0002_logentry_remove_auto_add','2019-03-18 16:09:40.827514');
INSERT INTO django_migrations VALUES(17,'admin','0003_logentry_add_action_flag_choices','2019-03-18 16:09:40.908024');
INSERT INTO django_migrations VALUES(18,'courses','0002_auto_20190316_1512','2019-03-18 16:09:41.645203');
INSERT INTO django_migrations VALUES(19,'courses','0003_auto_20190316_2235','2019-03-18 16:09:41.893020');
INSERT INTO django_migrations VALUES(20,'dashboard','0001_initial','2019-03-18 16:09:41.979421');
INSERT INTO django_migrations VALUES(21,'jet','0001_initial','2019-03-18 16:09:42.094722');
INSERT INTO django_migrations VALUES(22,'jet','0002_delete_userdashboardmodule','2019-03-18 16:09:42.131893');
INSERT INTO django_migrations VALUES(23,'organizations','0002_auto_20190316_1512','2019-03-18 16:09:42.691799');
INSERT INTO django_migrations VALUES(24,'organizations','0003_auto_20190316_2232','2019-03-18 16:09:42.924726');
INSERT INTO django_migrations VALUES(25,'sessions','0001_initial','2019-03-18 16:09:42.979379');
INSERT INTO django_migrations VALUES(26,'users','0002_auto_20190316_1518','2019-03-18 16:09:43.171155');
INSERT INTO django_migrations VALUES(27,'users','0003_auto_20190316_1535','2019-03-18 16:09:43.679734');
INSERT INTO django_migrations VALUES(28,'timetable','0001_initial','2019-03-18 16:09:44.021173');
INSERT INTO django_migrations VALUES(29,'timetable','0002_attendance_student','2019-03-18 16:09:44.271395');
INSERT INTO django_migrations VALUES(30,'timetable','0003_shift_professor','2019-03-18 16:09:44.499675');
INSERT INTO django_migrations VALUES(31,'users','0004_auto_20190316_2223','2019-03-18 16:09:44.795093');
INSERT INTO django_migrations VALUES(32,'users','0005_auto_20190323_1426','2019-03-23 15:45:34.806540');
INSERT INTO django_migrations VALUES(33,'timetable','0004_auto_20190323_1526','2019-03-23 15:45:35.509941');
INSERT INTO django_migrations VALUES(34,'timetable','0005_auto_20190323_1545','2019-03-23 15:45:36.942801');
INSERT INTO django_migrations VALUES(35,'timetable','0006_auto_20190323_1556','2019-03-23 15:56:42.803493');
INSERT INTO django_migrations VALUES(36,'courses','0004_auto_20190323_1800','2019-03-23 18:21:13.549413');
INSERT INTO django_migrations VALUES(37,'organizations','0004_auto_20190323_1800','2019-03-23 18:21:14.346073');
INSERT INTO django_migrations VALUES(38,'users','0006_auto_20190323_1759','2019-03-23 18:21:15.073724');
INSERT INTO django_migrations VALUES(39,'users','0007_auto_20190323_1800','2019-03-23 18:21:15.538381');
INSERT INTO django_migrations VALUES(40,'courses','0005_auto_20190323_1846','2019-03-23 18:46:34.926277');
INSERT INTO django_migrations VALUES(41,'courses','0006_auto_20190323_1850','2019-03-23 18:50:32.287956');
INSERT INTO django_migrations VALUES(42,'courses','0007_auto_20190323_1902','2019-03-23 19:02:57.727003');
INSERT INTO django_migrations VALUES(43,'organizations','0005_auto_20190323_1907','2019-03-23 19:07:05.755133');
INSERT INTO django_migrations VALUES(44,'jet','0003_userdashboardmodule','2019-03-27 14:04:05.900279');
INSERT INTO django_migrations VALUES(45,'jet','0004_delete_userdashboardmodule','2019-03-27 14:04:05.908960');
INSERT INTO django_migrations VALUES(46,'courses','0008_auto_20190414_1455','2019-04-14 14:55:42.210308');
INSERT INTO django_migrations VALUES(47,'users','0008_auto_20190426_1515','2019-04-26 15:15:44.096037');
INSERT INTO django_migrations VALUES(48,'django_cron','0001_initial','2019-04-30 13:26:19.575433');
INSERT INTO django_migrations VALUES(49,'django_cron','0002_remove_max_length_from_CronJobLog_message','2019-04-30 13:26:19.589326');
INSERT INTO django_migrations VALUES(50,'courses','0009_auto_20190430_1429','2019-04-30 14:29:17.193238');
INSERT INTO django_migrations VALUES(51,'courses','0010_auto_20190512_1311','2019-05-12 13:11:53.293219');
INSERT INTO django_migrations VALUES(52,'timetable','0007_auto_20190608_1939','2019-06-08 19:39:10.946316');
INSERT INTO django_migrations VALUES(53,'timetable','0008_shiftexchangerequest','2019-06-08 22:33:41.078048');
INSERT INTO django_migrations VALUES(54,'timetable','0009_shiftexchangerequest_acceptance','2019-06-08 22:39:03.719595');
CREATE TABLE IF NOT EXISTS "organizations_faculty" ("id" integer NOT NULL PRIMARY KEY AUTOINCREMENT, "code" varchar(10) NOT NULL, "designation" varchar(200) NOT NULL);
INSERT INTO organizations_faculty VALUES(1,'1','FCUL');
INSERT INTO organizations_faculty VALUES(2,'2','ISEG');
CREATE TABLE IF NOT EXISTS "courses_entranceexam" ("id" integer NOT NULL PRIMARY KEY AUTOINCREMENT, "designation" varchar(50) NOT NULL, "min_classification" real NOT NULL, "field" varchar(50) NOT NULL, "weight" real NOT NULL);
INSERT INTO courses_entranceexam VALUES(1,'Mat A',95.0,'Matemática',50.0);
CREATE TABLE IF NOT EXISTS "courses_subject" ("id" integer NOT NULL PRIMARY KEY AUTOINCREMENT, "lective_year" date NOT NULL, "semester" varchar(1) NOT NULL, "duration" smallint unsigned NOT NULL, "subject_spec_id" integer NOT NULL REFERENCES "courses_subjectspecification" ("id") DEFERRABLE INITIALLY DEFERRED);
INSERT INTO courses_subject VALUES(1,'2019-03-19','1',16,1);
CREATE TABLE IF NOT EXISTS "django_content_type" ("id" integer NOT NULL PRIMARY KEY AUTOINCREMENT, "app_label" varchar(100) NOT NULL, "model" varchar(100) NOT NULL);
INSERT INTO django_content_type VALUES(1,'dashboard','userdashboardmodule');
INSERT INTO django_content_type VALUES(2,'jet','bookmark');
INSERT INTO django_content_type VALUES(3,'jet','pinnedapplication');
INSERT INTO django_content_type VALUES(4,'admin','logentry');
INSERT INTO django_content_type VALUES(5,'auth','permission');
INSERT INTO django_content_type VALUES(6,'auth','group');
INSERT INTO django_content_type VALUES(7,'contenttypes','contenttype');
INSERT INTO django_content_type VALUES(8,'sessions','session');
INSERT INTO django_content_type VALUES(9,'users','appuser');
INSERT INTO django_content_type VALUES(10,'users','administrator');
INSERT INTO django_content_type VALUES(11,'users','professor');
INSERT INTO django_content_type VALUES(12,'users','student');
INSERT INTO django_content_type VALUES(13,'courses','course');
INSERT INTO django_content_type VALUES(14,'courses','coursespecification');
INSERT INTO django_content_type VALUES(15,'courses','coursesubject');
INSERT INTO django_content_type VALUES(16,'courses','entranceexam');
INSERT INTO django_content_type VALUES(17,'courses','finalgrade');
INSERT INTO django_content_type VALUES(18,'courses','grade');
INSERT INTO django_content_type VALUES(19,'courses','subject');
INSERT INTO django_content_type VALUES(20,'courses','subjectspecification');
INSERT INTO django_content_type VALUES(21,'organizations','department');
INSERT INTO django_content_type VALUES(22,'organizations','departmentcouncil');
INSERT INTO django_content_type VALUES(23,'organizations','faculty');
INSERT INTO django_content_type VALUES(24,'organizations','room');
INSERT INTO django_content_type VALUES(25,'timetable','attendance');
INSERT INTO django_content_type VALUES(26,'timetable','class');
INSERT INTO django_content_type VALUES(27,'timetable','lesson');
INSERT INTO django_content_type VALUES(28,'timetable','lessonspecification');
INSERT INTO django_content_type VALUES(29,'timetable','shift');
INSERT INTO django_content_type VALUES(30,'auth','user');
INSERT INTO django_content_type VALUES(31,'django_cron','cronjoblog');
INSERT INTO django_content_type VALUES(32,'timetable','shiftexchangerequest');
CREATE TABLE IF NOT EXISTS "auth_group" ("id" integer NOT NULL PRIMARY KEY AUTOINCREMENT, "name" varchar(80) NOT NULL UNIQUE);
CREATE TABLE IF NOT EXISTS "auth_group_permissions" ("id" integer NOT NULL PRIMARY KEY AUTOINCREMENT, "group_id" integer NOT NULL REFERENCES "auth_group" ("id") DEFERRABLE INITIALLY DEFERRED, "permission_id" integer NOT NULL REFERENCES "auth_permission" ("id") DEFERRABLE INITIALLY DEFERRED);
CREATE TABLE IF NOT EXISTS "auth_permission" ("id" integer NOT NULL PRIMARY KEY AUTOINCREMENT, "content_type_id" integer NOT NULL REFERENCES "django_content_type" ("id") DEFERRABLE INITIALLY DEFERRED, "codename" varchar(100) NOT NULL, "name" varchar(255) NOT NULL);
INSERT INTO auth_permission VALUES(1,1,'add_userdashboardmodule','Can add user dashboard module');
INSERT INTO auth_permission VALUES(2,1,'change_userdashboardmodule','Can change user dashboard module');
INSERT INTO auth_permission VALUES(3,1,'delete_userdashboardmodule','Can delete user dashboard module');
INSERT INTO auth_permission VALUES(4,1,'view_userdashboardmodule','Can view user dashboard module');
INSERT INTO auth_permission VALUES(5,2,'add_bookmark','Can add bookmark');
INSERT INTO auth_permission VALUES(6,2,'change_bookmark','Can change bookmark');
INSERT INTO auth_permission VALUES(7,2,'delete_bookmark','Can delete bookmark');
INSERT INTO auth_permission VALUES(8,2,'view_bookmark','Can view bookmark');
INSERT INTO auth_permission VALUES(9,3,'add_pinnedapplication','Can add pinned application');
INSERT INTO auth_permission VALUES(10,3,'change_pinnedapplication','Can change pinned application');
INSERT INTO auth_permission VALUES(11,3,'delete_pinnedapplication','Can delete pinned application');
INSERT INTO auth_permission VALUES(12,3,'view_pinnedapplication','Can view pinned application');
INSERT INTO auth_permission VALUES(13,4,'add_logentry','Can add log entry');
INSERT INTO auth_permission VALUES(14,4,'change_logentry','Can change log entry');
INSERT INTO auth_permission VALUES(15,4,'delete_logentry','Can delete log entry');
INSERT INTO auth_permission VALUES(16,4,'view_logentry','Can view log entry');
INSERT INTO auth_permission VALUES(17,5,'add_permission','Can add permission');
INSERT INTO auth_permission VALUES(18,5,'change_permission','Can change permission');
INSERT INTO auth_permission VALUES(19,5,'delete_permission','Can delete permission');
INSERT INTO auth_permission VALUES(20,5,'view_permission','Can view permission');
INSERT INTO auth_permission VALUES(21,6,'add_group','Can add group');
INSERT INTO auth_permission VALUES(22,6,'change_group','Can change group');
INSERT INTO auth_permission VALUES(23,6,'delete_group','Can delete group');
INSERT INTO auth_permission VALUES(24,6,'view_group','Can view group');
INSERT INTO auth_permission VALUES(25,7,'add_contenttype','Can add content type');
INSERT INTO auth_permission VALUES(26,7,'change_contenttype','Can change content type');
INSERT INTO auth_permission VALUES(27,7,'delete_contenttype','Can delete content type');
INSERT INTO auth_permission VALUES(28,7,'view_contenttype','Can view content type');
INSERT INTO auth_permission VALUES(29,8,'add_session','Can add session');
INSERT INTO auth_permission VALUES(30,8,'change_session','Can change session');
INSERT INTO auth_permission VALUES(31,8,'delete_session','Can delete session');
INSERT INTO auth_permission VALUES(32,8,'view_session','Can view session');
INSERT INTO auth_permission VALUES(33,9,'add_appuser','Can add user');
INSERT INTO auth_permission VALUES(34,9,'change_appuser','Can change user');
INSERT INTO auth_permission VALUES(35,9,'delete_appuser','Can delete user');
INSERT INTO auth_permission VALUES(36,9,'view_appuser','Can view user');
INSERT INTO auth_permission VALUES(37,10,'add_administrator','Can add administrator');
INSERT INTO auth_permission VALUES(38,10,'change_administrator','Can change administrator');
INSERT INTO auth_permission VALUES(39,10,'delete_administrator','Can delete administrator');
INSERT INTO auth_permission VALUES(40,10,'view_administrator','Can view administrator');
INSERT INTO auth_permission VALUES(41,11,'add_professor','Can add professor');
INSERT INTO auth_permission VALUES(42,11,'change_professor','Can change professor');
INSERT INTO auth_permission VALUES(43,11,'delete_professor','Can delete professor');
INSERT INTO auth_permission VALUES(44,11,'view_professor','Can view professor');
INSERT INTO auth_permission VALUES(45,12,'add_student','Can add student');
INSERT INTO auth_permission VALUES(46,12,'change_student','Can change student');
INSERT INTO auth_permission VALUES(47,12,'delete_student','Can delete student');
INSERT INTO auth_permission VALUES(48,12,'view_student','Can view student');
INSERT INTO auth_permission VALUES(49,13,'add_course','Can add course');
INSERT INTO auth_permission VALUES(50,13,'change_course','Can change course');
INSERT INTO auth_permission VALUES(51,13,'delete_course','Can delete course');
INSERT INTO auth_permission VALUES(52,13,'view_course','Can view course');
INSERT INTO auth_permission VALUES(53,14,'add_coursespecification','Can add course specification');
INSERT INTO auth_permission VALUES(54,14,'change_coursespecification','Can change course specification');
INSERT INTO auth_permission VALUES(55,14,'delete_coursespecification','Can delete course specification');
INSERT INTO auth_permission VALUES(56,14,'view_coursespecification','Can view course specification');
INSERT INTO auth_permission VALUES(57,15,'add_coursesubject','Can add course subject');
INSERT INTO auth_permission VALUES(58,15,'change_coursesubject','Can change course subject');
INSERT INTO auth_permission VALUES(59,15,'delete_coursesubject','Can delete course subject');
INSERT INTO auth_permission VALUES(60,15,'view_coursesubject','Can view course subject');
INSERT INTO auth_permission VALUES(61,16,'add_entranceexam','Can add entrance exam');
INSERT INTO auth_permission VALUES(62,16,'change_entranceexam','Can change entrance exam');
INSERT INTO auth_permission VALUES(63,16,'delete_entranceexam','Can delete entrance exam');
INSERT INTO auth_permission VALUES(64,16,'view_entranceexam','Can view entrance exam');
INSERT INTO auth_permission VALUES(65,17,'add_finalgrade','Can add final grade');
INSERT INTO auth_permission VALUES(66,17,'change_finalgrade','Can change final grade');
INSERT INTO auth_permission VALUES(67,17,'delete_finalgrade','Can delete final grade');
INSERT INTO auth_permission VALUES(68,17,'view_finalgrade','Can view final grade');
INSERT INTO auth_permission VALUES(69,18,'add_grade','Can add grade');
INSERT INTO auth_permission VALUES(70,18,'change_grade','Can change grade');
INSERT INTO auth_permission VALUES(71,18,'delete_grade','Can delete grade');
INSERT INTO auth_permission VALUES(72,18,'view_grade','Can view grade');
INSERT INTO auth_permission VALUES(73,19,'add_subject','Can add subject');
INSERT INTO auth_permission VALUES(74,19,'change_subject','Can change subject');
INSERT INTO auth_permission VALUES(75,19,'delete_subject','Can delete subject');
INSERT INTO auth_permission VALUES(76,19,'view_subject','Can view subject');
INSERT INTO auth_permission VALUES(77,20,'add_subjectspecification','Can add subject specification');
INSERT INTO auth_permission VALUES(78,20,'change_subjectspecification','Can change subject specification');
INSERT INTO auth_permission VALUES(79,20,'delete_subjectspecification','Can delete subject specification');
INSERT INTO auth_permission VALUES(80,20,'view_subjectspecification','Can view subject specification');
INSERT INTO auth_permission VALUES(81,21,'add_department','Can add department');
INSERT INTO auth_permission VALUES(82,21,'change_department','Can change department');
INSERT INTO auth_permission VALUES(83,21,'delete_department','Can delete department');
INSERT INTO auth_permission VALUES(84,21,'view_department','Can view department');
INSERT INTO auth_permission VALUES(85,22,'add_departmentcouncil','Can add department council');
INSERT INTO auth_permission VALUES(86,22,'change_departmentcouncil','Can change department council');
INSERT INTO auth_permission VALUES(87,22,'delete_departmentcouncil','Can delete department council');
INSERT INTO auth_permission VALUES(88,22,'view_departmentcouncil','Can view department council');
INSERT INTO auth_permission VALUES(89,23,'add_faculty','Can add faculty');
INSERT INTO auth_permission VALUES(90,23,'change_faculty','Can change faculty');
INSERT INTO auth_permission VALUES(91,23,'delete_faculty','Can delete faculty');
INSERT INTO auth_permission VALUES(92,23,'view_faculty','Can view faculty');
INSERT INTO auth_permission VALUES(93,24,'add_room','Can add room');
INSERT INTO auth_permission VALUES(94,24,'change_room','Can change room');
INSERT INTO auth_permission VALUES(95,24,'delete_room','Can delete room');
INSERT INTO auth_permission VALUES(96,24,'view_room','Can view room');
INSERT INTO auth_permission VALUES(97,25,'add_attendance','Can add attendance');
INSERT INTO auth_permission VALUES(98,25,'change_attendance','Can change attendance');
INSERT INTO auth_permission VALUES(99,25,'delete_attendance','Can delete attendance');
INSERT INTO auth_permission VALUES(100,25,'view_attendance','Can view attendance');
INSERT INTO auth_permission VALUES(101,26,'add_class','Can add class');
INSERT INTO auth_permission VALUES(102,26,'change_class','Can change class');
INSERT INTO auth_permission VALUES(103,26,'delete_class','Can delete class');
INSERT INTO auth_permission VALUES(104,26,'view_class','Can view class');
INSERT INTO auth_permission VALUES(105,27,'add_lesson','Can add lesson');
INSERT INTO auth_permission VALUES(106,27,'change_lesson','Can change lesson');
INSERT INTO auth_permission VALUES(107,27,'delete_lesson','Can delete lesson');
INSERT INTO auth_permission VALUES(108,27,'view_lesson','Can view lesson');
INSERT INTO auth_permission VALUES(109,28,'add_lessonspecification','Can add lesson specification');
INSERT INTO auth_permission VALUES(110,28,'change_lessonspecification','Can change lesson specification');
INSERT INTO auth_permission VALUES(111,28,'delete_lessonspecification','Can delete lesson specification');
INSERT INTO auth_permission VALUES(112,28,'view_lessonspecification','Can view lesson specification');
INSERT INTO auth_permission VALUES(113,29,'add_shift','Can add shift');
INSERT INTO auth_permission VALUES(114,29,'change_shift','Can change shift');
INSERT INTO auth_permission VALUES(115,29,'delete_shift','Can delete shift');
INSERT INTO auth_permission VALUES(116,29,'view_shift','Can view shift');
INSERT INTO auth_permission VALUES(117,30,'add_user','Can add user');
INSERT INTO auth_permission VALUES(118,30,'change_user','Can change user');
INSERT INTO auth_permission VALUES(119,30,'delete_user','Can delete user');
INSERT INTO auth_permission VALUES(120,30,'view_user','Can view user');
INSERT INTO auth_permission VALUES(121,31,'add_cronjoblog','Can add cron job log');
INSERT INTO auth_permission VALUES(122,31,'change_cronjoblog','Can change cron job log');
INSERT INTO auth_permission VALUES(123,31,'delete_cronjoblog','Can delete cron job log');
INSERT INTO auth_permission VALUES(124,31,'view_cronjoblog','Can view cron job log');
INSERT INTO auth_permission VALUES(125,32,'add_shiftexchangerequest','Can add shift exchange request');
INSERT INTO auth_permission VALUES(126,32,'change_shiftexchangerequest','Can change shift exchange request');
INSERT INTO auth_permission VALUES(127,32,'delete_shiftexchangerequest','Can delete shift exchange request');
INSERT INTO auth_permission VALUES(128,32,'view_shiftexchangerequest','Can view shift exchange request');
CREATE TABLE IF NOT EXISTS "users_appuser_groups" ("id" integer NOT NULL PRIMARY KEY AUTOINCREMENT, "appuser_id" integer NOT NULL REFERENCES "users_appuser" ("id") DEFERRABLE INITIALLY DEFERRED, "group_id" integer NOT NULL REFERENCES "auth_group" ("id") DEFERRABLE INITIALLY DEFERRED);
CREATE TABLE IF NOT EXISTS "users_appuser_user_permissions" ("id" integer NOT NULL PRIMARY KEY AUTOINCREMENT, "appuser_id" integer NOT NULL REFERENCES "users_appuser" ("id") DEFERRABLE INITIALLY DEFERRED, "permission_id" integer NOT NULL REFERENCES "auth_permission" ("id") DEFERRABLE INITIALLY DEFERRED);
CREATE TABLE IF NOT EXISTS "users_administrator" ("id" integer NOT NULL PRIMARY KEY AUTOINCREMENT, "number" integer unsigned NOT NULL, "app_user_id" integer NOT NULL REFERENCES "users_appuser" ("id") DEFERRABLE INITIALLY DEFERRED);
INSERT INTO users_administrator VALUES(1,1,1);
CREATE TABLE IF NOT EXISTS "users_professor" ("id" integer NOT NULL PRIMARY KEY AUTOINCREMENT, "number" integer unsigned NOT NULL, "rank" varchar(9) NOT NULL, "app_user_id" integer NOT NULL REFERENCES "users_appuser" ("id") DEFERRABLE INITIALLY DEFERRED);
INSERT INTO users_professor VALUES(1,1,'full',3);
CREATE TABLE IF NOT EXISTS "django_admin_log" ("id" integer NOT NULL PRIMARY KEY AUTOINCREMENT, "action_time" datetime NOT NULL, "object_id" text NULL, "object_repr" varchar(200) NOT NULL, "change_message" text NOT NULL, "content_type_id" integer NULL REFERENCES "django_content_type" ("id") DEFERRABLE INITIALLY DEFERRED, "user_id" integer NOT NULL REFERENCES "users_appuser" ("id") DEFERRABLE INITIALLY DEFERRED, "action_flag" smallint unsigned NOT NULL);
INSERT INTO django_admin_log VALUES(1,'2019-03-23 17:49:11.893403','1','Faculty object (1)','[{"added": {}}]',23,1,1);
INSERT INTO django_admin_log VALUES(2,'2019-03-23 17:49:19.286812','2','Faculty object (2)','[{"added": {}}]',23,1,1);
INSERT INTO django_admin_log VALUES(3,'2019-03-23 18:00:14.468393','2','fc1@alunos.ulisboa.pt','[{"added": {}}]',9,1,1);
INSERT INTO django_admin_log VALUES(4,'2019-03-23 18:04:06.419405','3','p1@ulisboa.pt','[{"added": {}}]',9,1,1);
INSERT INTO django_admin_log VALUES(5,'2019-03-23 18:04:24.567900','1','Professor object (1)','[{"added": {}}]',11,1,1);
INSERT INTO django_admin_log VALUES(6,'2019-03-23 18:08:08.008953','1','DepartmentCouncil object (1)','[{"added": {}}]',22,1,1);
INSERT INTO django_admin_log VALUES(7,'2019-03-23 18:08:39.723242','1','Department object (1)','[{"added": {}}]',21,1,1);
INSERT INTO django_admin_log VALUES(8,'2019-03-23 18:10:04.175303','1','EntranceExam object (1)','[{"added": {}}]',16,1,1);
INSERT INTO django_admin_log VALUES(9,'2019-03-23 18:33:06.618573','1','SubjectSpecification object (1)','[{"added": {}}]',20,1,1);
INSERT INTO django_admin_log VALUES(10,'2019-03-23 18:34:13.386494','1','Subject object (1)','[{"added": {}}]',19,1,1);
INSERT INTO django_admin_log VALUES(11,'2019-03-23 18:35:00.817720','2','EntranceExam object (2)','[{"added": {}}]',16,1,1);
INSERT INTO django_admin_log VALUES(12,'2019-03-23 18:35:24.140397','2','EntranceExam object (2)','',16,1,3);
INSERT INTO django_admin_log VALUES(13,'2019-03-23 18:52:47.950145','1','CourseSubject object (1)','[{"added": {}}]',15,1,1);
INSERT INTO django_admin_log VALUES(14,'2019-03-23 18:54:21.437582','1','CourseSpecification object (1)','[{"added": {}}]',14,1,1);
INSERT INTO django_admin_log VALUES(15,'2019-03-23 18:55:03.718966','1','Course object (1)','[{"added": {}}]',13,1,1);
INSERT INTO django_admin_log VALUES(16,'2019-03-23 18:57:14.558009','1','Student object (1)','[{"added": {}}]',12,1,1);
INSERT INTO django_admin_log VALUES(17,'2019-03-23 18:58:24.328778','1','Subject object (1)','[{"changed": {"fields": ["students"]}}]',19,1,2);
INSERT INTO django_admin_log VALUES(18,'2019-03-23 19:03:53.389659','1','Grade object (1)','[{"added": {}}]',18,1,1);
INSERT INTO django_admin_log VALUES(19,'2019-03-23 19:04:15.568976','1','FinalGrade object (1)','[{"added": {}}]',17,1,1);
INSERT INTO django_admin_log VALUES(20,'2019-03-23 19:08:06.865129','1','Room object (1)','[{"added": {}}]',24,1,1);
INSERT INTO django_admin_log VALUES(21,'2019-03-23 19:08:41.340662','1','Administrator object (1)','[{"added": {}}]',10,1,1);
INSERT INTO django_admin_log VALUES(22,'2019-03-23 19:10:20.891280','1','Shift object (1)','[{"added": {}}]',29,1,1);
INSERT INTO django_admin_log VALUES(23,'2019-03-23 19:11:06.103081','1','Class object (1)','[{"added": {}}]',26,1,1);
INSERT INTO django_admin_log VALUES(24,'2019-03-23 19:12:15.857654','1','LessonSpecification object (1)','[{"added": {}}]',28,1,1);
INSERT INTO django_admin_log VALUES(25,'2019-03-23 19:12:34.621418','1','Lesson object (1)','[{"added": {}}]',27,1,1);
INSERT INTO django_admin_log VALUES(26,'2019-03-23 19:13:28.545527','1','LessonSpecification object (1)','[{"changed": {"fields": ["time"]}}]',28,1,2);
INSERT INTO django_admin_log VALUES(27,'2019-03-23 19:40:44.710720','2','Attendance object (2)','',25,1,3);
INSERT INTO django_admin_log VALUES(28,'2019-03-23 19:45:38.807415','1','Attendance object (1)','',25,1,3);
INSERT INTO django_admin_log VALUES(29,'2019-03-27 14:07:32.215889','2','Student object (2)','[{"added": {}}]',12,1,1);
INSERT INTO django_admin_log VALUES(30,'2019-03-27 14:09:10.501456','1','test@zelda.pt','[{"changed": {"fields": ["user_type"]}}]',9,1,2);
INSERT INTO django_admin_log VALUES(31,'2019-03-27 14:10:25.482811','1','test@zelda.pt','[{"changed": {"fields": ["first_name", "last_name"]}}]',9,1,2);
INSERT INTO django_admin_log VALUES(32,'2019-03-27 14:48:52.467060','2','Student object (2)','[{"changed": {"fields": ["statute"]}}]',12,1,2);
INSERT INTO django_admin_log VALUES(33,'2019-03-27 14:49:55.515105','3','Student object (3)','[{"added": {}}]',12,1,1);
INSERT INTO django_admin_log VALUES(34,'2019-03-29 18:36:07.314531','1','test@zelda.pt','[{"changed": {"fields": ["country"]}}]',9,1,2);
INSERT INTO django_admin_log VALUES(35,'2019-03-29 22:12:06.694929','2','fc1@alunos.ulisboa.pt','[{"changed": {"fields": ["password"]}}]',9,1,2);
INSERT INTO django_admin_log VALUES(36,'2019-04-02 19:48:40.271545','4','test@ulisboa.pt','[{"added": {}}]',9,1,1);
INSERT INTO django_admin_log VALUES(37,'2019-04-02 19:52:03.695500','4','test@ulisboa.pt','',9,1,3);
INSERT INTO django_admin_log VALUES(38,'2019-04-02 19:58:18.802585','5','test@ulisboa.pt','[{"added": {}}]',9,1,1);
INSERT INTO django_admin_log VALUES(39,'2019-06-08 19:36:06.756571','2','LessonSpecification object (2)','[{"added": {}}]',28,1,1);
INSERT INTO django_admin_log VALUES(40,'2019-06-08 19:39:24.030575','2','Shift object (2)','[{"added": {}}]',29,1,1);
INSERT INTO django_admin_log VALUES(41,'2019-06-08 19:40:22.206157','2','LessonSpecification object (2)','[{"changed": {"fields": ["shift"]}}]',28,1,2);
INSERT INTO django_admin_log VALUES(42,'2019-06-08 19:41:09.714751','3','Shift object (3)','[{"added": {}}]',29,1,1);
INSERT INTO django_admin_log VALUES(43,'2019-06-08 19:41:32.876611','3','LessonSpecification object (3)','[{"added": {}}]',28,1,1);
INSERT INTO django_admin_log VALUES(44,'2019-06-08 21:24:04.076717','2','Shift object (2)','[{"changed": {"fields": ["student"]}}]',29,1,2);
INSERT INTO django_admin_log VALUES(45,'2019-06-08 21:24:30.562406','3','Shift object (3)','[{"changed": {"fields": ["student"]}}]',29,1,2);
INSERT INTO django_admin_log VALUES(46,'2019-06-08 21:26:17.599873','3','Shift object (3)','[{"changed": {"fields": ["student"]}}]',29,1,2);
INSERT INTO django_admin_log VALUES(47,'2019-06-08 21:27:51.783786','3','Shift object (3)','[{"changed": {"fields": ["student"]}}]',29,1,2);
INSERT INTO django_admin_log VALUES(48,'2019-06-08 21:28:21.890603','1','SubjectSpecification object (1)','[{"changed": {"fields": ["theory_shifts", "practice_shifts"]}}]',20,1,2);
INSERT INTO django_admin_log VALUES(49,'2019-06-08 22:00:22.900742','2','Shift object (2)','[{"changed": {"fields": ["student"]}}]',29,1,2);
INSERT INTO django_admin_log VALUES(50,'2019-06-08 22:02:23.509351','2','Shift object (2)','[{"changed": {"fields": ["student"]}}]',29,1,2);
INSERT INTO django_admin_log VALUES(51,'2019-06-08 22:10:26.682087','2','Shift object (2)','[{"changed": {"fields": ["student"]}}]',29,1,2);
INSERT INTO django_admin_log VALUES(52,'2019-06-08 22:27:38.226203','2','Shift object (2)','[{"changed": {"fields": ["student"]}}]',29,1,2);
INSERT INTO django_admin_log VALUES(53,'2019-06-08 23:00:00.376159','1','ShiftExchangeRequest object (1)','',32,1,3);
INSERT INTO django_admin_log VALUES(54,'2019-06-08 23:16:29.573798','2','ShiftExchangeRequest object (2)','',32,1,3);
INSERT INTO django_admin_log VALUES(55,'2019-06-08 23:25:39.871175','3','ShiftExchangeRequest object (3)','',32,1,3);
INSERT INTO django_admin_log VALUES(56,'2019-06-09 20:00:08.159076','4','LessonSpecification object (4)','[{"added": {}}]',28,1,1);
INSERT INTO django_admin_log VALUES(57,'2019-06-09 23:53:01.143209','4','ShiftExchangeRequest object (4)','[{"changed": {"fields": ["acceptance"]}}]',32,1,2);
INSERT INTO django_admin_log VALUES(58,'2019-06-09 23:54:06.664891','1','Shift object (1)','[{"changed": {"fields": ["student"]}}]',29,1,2);
INSERT INTO django_admin_log VALUES(59,'2019-06-09 23:54:12.321121','4','ShiftExchangeRequest object (4)','[{"changed": {"fields": ["acceptance"]}}]',32,1,2);
INSERT INTO django_admin_log VALUES(60,'2019-06-09 23:57:13.014740','3','Shift object (3)','[{"changed": {"fields": ["student"]}}]',29,1,2);
INSERT INTO django_admin_log VALUES(61,'2019-06-09 23:57:17.813695','1','Shift object (1)','[{"changed": {"fields": ["student"]}}]',29,1,2);
INSERT INTO django_admin_log VALUES(62,'2019-06-09 23:57:24.520746','4','ShiftExchangeRequest object (4)','[{"changed": {"fields": ["acceptance"]}}]',32,1,2);
INSERT INTO django_admin_log VALUES(63,'2019-06-17 20:33:44.964086','4','Shift object (4)','[{"added": {}}]',29,1,1);
INSERT INTO django_admin_log VALUES(64,'2019-06-17 20:34:24.216739','5','LessonSpecification object (5)','[{"added": {}}]',28,1,1);
CREATE TABLE IF NOT EXISTS "courses_coursespecification" ("id" integer NOT NULL PRIMARY KEY AUTOINCREMENT, "code" varchar(10) NOT NULL, "designation" varchar(100) NOT NULL, "degree" varchar(9) NOT NULL, "ects" real NOT NULL, "total_semesters" smallint unsigned NOT NULL, "field" varchar(50) NOT NULL, "status" varchar(8) NOT NULL, "regime" varchar(5) NOT NULL, "department_id" integer NOT NULL REFERENCES "organizations_department" ("id") DEFERRABLE INITIALLY DEFERRED);
INSERT INTO courses_coursespecification VALUES(1,'1','LTI','bachelor',179.99999999999999999,6,'Informática','active','day',1);
CREATE TABLE IF NOT EXISTS "courses_coursespecification_entrance_exams" ("id" integer NOT NULL PRIMARY KEY AUTOINCREMENT, "coursespecification_id" integer NOT NULL REFERENCES "courses_coursespecification" ("id") DEFERRABLE INITIALLY DEFERRED, "entranceexam_id" integer NOT NULL REFERENCES "courses_entranceexam" ("id") DEFERRABLE INITIALLY DEFERRED);
INSERT INTO courses_coursespecification_entrance_exams VALUES(1,1,1);
CREATE TABLE IF NOT EXISTS "dashboard_userdashboardmodule" ("id" integer NOT NULL PRIMARY KEY AUTOINCREMENT, "title" varchar(255) NOT NULL, "module" varchar(255) NOT NULL, "app_label" varchar(255) NULL, "user" integer unsigned NOT NULL, "column" integer unsigned NOT NULL, "order" integer NOT NULL, "settings" text NOT NULL, "children" text NOT NULL, "collapsed" bool NOT NULL);
INSERT INTO dashboard_userdashboardmodule VALUES(2,'Application models','jet.dashboard.modules.ModelList','organizations',1,0,0,'{"models": ["organizations.*"], "exclude": null}','',0);
INSERT INTO dashboard_userdashboardmodule VALUES(3,'Recent Actions','jet.dashboard.modules.RecentActions','organizations',1,1,0,'{"limit": 10, "include_list": ["organizations.*"], "exclude_list": null, "user": null}','',0);
INSERT INTO dashboard_userdashboardmodule VALUES(4,'Application models','jet.dashboard.modules.ModelList','users',1,0,0,'{"models": ["users.*"], "exclude": null}','',0);
INSERT INTO dashboard_userdashboardmodule VALUES(5,'Recent Actions','jet.dashboard.modules.RecentActions','users',1,1,0,'{"limit": 10, "include_list": ["users.*"], "exclude_list": null, "user": null}','',0);
INSERT INTO dashboard_userdashboardmodule VALUES(6,'Aplicações','jet.dashboard.modules.AppList',NULL,1,0,0,'{"models": null, "exclude": ["auth.*"]}','',0);
CREATE TABLE IF NOT EXISTS "jet_bookmark" ("id" integer NOT NULL PRIMARY KEY AUTOINCREMENT, "url" varchar(200) NOT NULL, "title" varchar(255) NOT NULL, "user" integer unsigned NOT NULL, "date_add" datetime NOT NULL);
CREATE TABLE IF NOT EXISTS "jet_pinnedapplication" ("id" integer NOT NULL PRIMARY KEY AUTOINCREMENT, "app_label" varchar(255) NOT NULL, "user" integer unsigned NOT NULL, "date_add" datetime NOT NULL);
CREATE TABLE IF NOT EXISTS "organizations_departmentcouncil" ("id" integer NOT NULL PRIMARY KEY AUTOINCREMENT, "president_id" integer NOT NULL REFERENCES "users_professor" ("id") DEFERRABLE INITIALLY DEFERRED, "vice_president_one_id" integer NOT NULL REFERENCES "users_professor" ("id") DEFERRABLE INITIALLY DEFERRED, "vice_president_two_id" integer NOT NULL REFERENCES "users_professor" ("id") DEFERRABLE INITIALLY DEFERRED);
INSERT INTO organizations_departmentcouncil VALUES(1,1,1,1);
CREATE TABLE IF NOT EXISTS "django_session" ("session_key" varchar(40) NOT NULL PRIMARY KEY, "session_data" text NOT NULL, "expire_date" datetime NOT NULL);
INSERT INTO django_session VALUES('hvr9n1ft0xbwtt2ul9t9zt16fy5ehai7','Y2FjYmI3ODU1MDMxYWJmNTE0NDBjYTg3ZGU2ZjY1ZDVhNjcwNmQ0MTp7Il9hdXRoX3VzZXJfaWQiOiIxIiwiX2F1dGhfdXNlcl9iYWNrZW5kIjoiZGphbmdvLmNvbnRyaWIuYXV0aC5iYWNrZW5kcy5Nb2RlbEJhY2tlbmQiLCJfYXV0aF91c2VyX2hhc2giOiI4YjY1OTJhNTc5ODY3NzY4ZThjYjcxN2M5MGJhYmM3YmNkMzgzMDQ3In0=','2019-04-06 17:48:06.402461');
INSERT INTO django_session VALUES('7hd3298a71rly0r8rw9anizbthc825o0','NjY0NTllMmIyMDI0MDBmYmI2MDU1MWQwNzE2YWM2ZWZmMzMzNTRkNTp7Il9hdXRoX3VzZXJfaWQiOiIyIiwiX2F1dGhfdXNlcl9iYWNrZW5kIjoiZGphbmdvLmNvbnRyaWIuYXV0aC5iYWNrZW5kcy5Nb2RlbEJhY2tlbmQiLCJfYXV0aF91c2VyX2hhc2giOiI4YjY1OTJhNTc5ODY3NzY4ZThjYjcxN2M5MGJhYmM3YmNkMzgzMDQ3In0=','2019-04-12 22:12:15.331304');
INSERT INTO django_session VALUES('cjo7ir5sjmbpjt79mbr4gga90uxati4n','MjE5MTcxNWUzOTMwNGFjN2I2NjEyMDE2ZjdkZTQ5YzBmZjViNjFlMjp7Il9hdXRoX3VzZXJfaWQiOiIzIiwiX2F1dGhfdXNlcl9iYWNrZW5kIjoiZGphbmdvLmNvbnRyaWIuYXV0aC5iYWNrZW5kcy5Nb2RlbEJhY2tlbmQiLCJfYXV0aF91c2VyX2hhc2giOiI0MWFiZjdlZTk0ZjViZjhhNWIzMzljMGU0YThkYmMxMWQwMDEwYzlmIn0=','2019-04-16 19:44:09.937459');
INSERT INTO django_session VALUES('5hus2obo9rkw8dg5p62ezq1v6e0gtruw','NjY0NTllMmIyMDI0MDBmYmI2MDU1MWQwNzE2YWM2ZWZmMzMzNTRkNTp7Il9hdXRoX3VzZXJfaWQiOiIyIiwiX2F1dGhfdXNlcl9iYWNrZW5kIjoiZGphbmdvLmNvbnRyaWIuYXV0aC5iYWNrZW5kcy5Nb2RlbEJhY2tlbmQiLCJfYXV0aF91c2VyX2hhc2giOiI4YjY1OTJhNTc5ODY3NzY4ZThjYjcxN2M5MGJhYmM3YmNkMzgzMDQ3In0=','2019-04-17 20:55:21.551537');
INSERT INTO django_session VALUES('dvgk8oxirbffosiyzz0727a8zpvy245m','M2RmZjM3NjIwZGQ0NGQ2YzQ0ODYxMGNkNmVkZDlmNTQ1YmQ3MjlhYzp7Il9sYW5ndWFnZSI6InB0In0=','2019-04-20 17:58:33.156305');
INSERT INTO django_session VALUES('0cfdknshmtf64zj00of4n3osugsmvh2e','Y2FjYmI3ODU1MDMxYWJmNTE0NDBjYTg3ZGU2ZjY1ZDVhNjcwNmQ0MTp7Il9hdXRoX3VzZXJfaWQiOiIxIiwiX2F1dGhfdXNlcl9iYWNrZW5kIjoiZGphbmdvLmNvbnRyaWIuYXV0aC5iYWNrZW5kcy5Nb2RlbEJhY2tlbmQiLCJfYXV0aF91c2VyX2hhc2giOiI4YjY1OTJhNTc5ODY3NzY4ZThjYjcxN2M5MGJhYmM3YmNkMzgzMDQ3In0=','2019-04-28 18:18:24.467540');
INSERT INTO django_session VALUES('fp6qkrxqvf02wk6hbjjefmmb4rbal2w2','NjY0NTllMmIyMDI0MDBmYmI2MDU1MWQwNzE2YWM2ZWZmMzMzNTRkNTp7Il9hdXRoX3VzZXJfaWQiOiIyIiwiX2F1dGhfdXNlcl9iYWNrZW5kIjoiZGphbmdvLmNvbnRyaWIuYXV0aC5iYWNrZW5kcy5Nb2RlbEJhY2tlbmQiLCJfYXV0aF91c2VyX2hhc2giOiI4YjY1OTJhNTc5ODY3NzY4ZThjYjcxN2M5MGJhYmM3YmNkMzgzMDQ3In0=','2019-05-03 14:51:52.371440');
INSERT INTO django_session VALUES('ro16ux7o63tx3rhr8l9kztshllmb5n0n','NjY0NTllMmIyMDI0MDBmYmI2MDU1MWQwNzE2YWM2ZWZmMzMzNTRkNTp7Il9hdXRoX3VzZXJfaWQiOiIyIiwiX2F1dGhfdXNlcl9iYWNrZW5kIjoiZGphbmdvLmNvbnRyaWIuYXV0aC5iYWNrZW5kcy5Nb2RlbEJhY2tlbmQiLCJfYXV0aF91c2VyX2hhc2giOiI4YjY1OTJhNTc5ODY3NzY4ZThjYjcxN2M5MGJhYmM3YmNkMzgzMDQ3In0=','2019-06-01 14:09:19.299006');
INSERT INTO django_session VALUES('sbh0y8clz55yjc0039qcz35p4h0185i1','Y2FjYmI3ODU1MDMxYWJmNTE0NDBjYTg3ZGU2ZjY1ZDVhNjcwNmQ0MTp7Il9hdXRoX3VzZXJfaWQiOiIxIiwiX2F1dGhfdXNlcl9iYWNrZW5kIjoiZGphbmdvLmNvbnRyaWIuYXV0aC5iYWNrZW5kcy5Nb2RlbEJhY2tlbmQiLCJfYXV0aF91c2VyX2hhc2giOiI4YjY1OTJhNTc5ODY3NzY4ZThjYjcxN2M5MGJhYmM3YmNkMzgzMDQ3In0=','2019-06-22 19:28:34.359528');
INSERT INTO django_session VALUES('46je9oxysld395j8qva1168lfhsnf7s4','Y2FjYmI3ODU1MDMxYWJmNTE0NDBjYTg3ZGU2ZjY1ZDVhNjcwNmQ0MTp7Il9hdXRoX3VzZXJfaWQiOiIxIiwiX2F1dGhfdXNlcl9iYWNrZW5kIjoiZGphbmdvLmNvbnRyaWIuYXV0aC5iYWNrZW5kcy5Nb2RlbEJhY2tlbmQiLCJfYXV0aF91c2VyX2hhc2giOiI4YjY1OTJhNTc5ODY3NzY4ZThjYjcxN2M5MGJhYmM3YmNkMzgzMDQ3In0=','2019-07-01 20:32:20.142407');
CREATE TABLE IF NOT EXISTS "timetable_class" ("id" integer NOT NULL PRIMARY KEY AUTOINCREMENT, "code" varchar(10) NOT NULL, "designation" varchar(100) NOT NULL);
INSERT INTO timetable_class VALUES(1,'1','Turma 1');
CREATE TABLE IF NOT EXISTS "timetable_class_shifts" ("id" integer NOT NULL PRIMARY KEY AUTOINCREMENT, "class_id" integer NOT NULL REFERENCES "timetable_class" ("id") DEFERRABLE INITIALLY DEFERRED, "shift_id" integer NOT NULL REFERENCES "timetable_shift" ("id") DEFERRABLE INITIALLY DEFERRED);
INSERT INTO timetable_class_shifts VALUES(1,1,1);
CREATE TABLE IF NOT EXISTS "timetable_attendance" ("id" integer NOT NULL PRIMARY KEY AUTOINCREMENT, "lesson_id" integer NOT NULL REFERENCES "timetable_lesson" ("id") DEFERRABLE INITIALLY DEFERRED, "student_id" integer NOT NULL REFERENCES "users_student" ("id") DEFERRABLE INITIALLY DEFERRED);
INSERT INTO timetable_attendance VALUES(3,1,1);
CREATE TABLE IF NOT EXISTS "users_student_course" ("id" integer NOT NULL PRIMARY KEY AUTOINCREMENT, "student_id" integer NOT NULL REFERENCES "users_student" ("id") DEFERRABLE INITIALLY DEFERRED, "course_id" integer NOT NULL REFERENCES "courses_course" ("id") DEFERRABLE INITIALLY DEFERRED);
INSERT INTO users_student_course VALUES(1,1,1);
INSERT INTO users_student_course VALUES(2,2,1);
INSERT INTO users_student_course VALUES(3,3,1);
INSERT INTO users_student_course VALUES(4,4,1);
INSERT INTO users_student_course VALUES(5,5,1);
INSERT INTO users_student_course VALUES(6,6,1);
INSERT INTO users_student_course VALUES(7,7,1);
INSERT INTO users_student_course VALUES(8,8,1);
INSERT INTO users_student_course VALUES(9,9,1);
INSERT INTO users_student_course VALUES(10,10,1);
INSERT INTO users_student_course VALUES(11,11,1);
INSERT INTO users_student_course VALUES(12,12,1);
INSERT INTO users_student_course VALUES(13,13,1);
INSERT INTO users_student_course VALUES(14,14,1);
INSERT INTO users_student_course VALUES(15,15,1);
INSERT INTO users_student_course VALUES(16,16,1);
INSERT INTO users_student_course VALUES(17,17,1);
INSERT INTO users_student_course VALUES(18,18,1);
INSERT INTO users_student_course VALUES(19,19,1);
INSERT INTO users_student_course VALUES(20,20,1);
INSERT INTO users_student_course VALUES(21,21,1);
INSERT INTO users_student_course VALUES(22,22,1);
INSERT INTO users_student_course VALUES(23,23,1);
INSERT INTO users_student_course VALUES(24,24,1);
INSERT INTO users_student_course VALUES(25,25,1);
INSERT INTO users_student_course VALUES(26,26,1);
INSERT INTO users_student_course VALUES(27,27,1);
INSERT INTO users_student_course VALUES(28,28,1);
INSERT INTO users_student_course VALUES(29,29,1);
INSERT INTO users_student_course VALUES(30,30,1);
INSERT INTO users_student_course VALUES(31,31,1);
INSERT INTO users_student_course VALUES(32,32,1);
INSERT INTO users_student_course VALUES(33,33,1);
INSERT INTO users_student_course VALUES(34,34,1);
INSERT INTO users_student_course VALUES(35,35,1);
INSERT INTO users_student_course VALUES(36,36,1);
INSERT INTO users_student_course VALUES(37,37,1);
INSERT INTO users_student_course VALUES(38,38,1);
INSERT INTO users_student_course VALUES(39,39,1);
INSERT INTO users_student_course VALUES(40,40,1);
INSERT INTO users_student_course VALUES(41,41,1);
INSERT INTO users_student_course VALUES(42,42,1);
INSERT INTO users_student_course VALUES(43,43,1);
INSERT INTO users_student_course VALUES(44,44,1);
INSERT INTO users_student_course VALUES(45,45,1);
INSERT INTO users_student_course VALUES(46,46,1);
INSERT INTO users_student_course VALUES(47,47,1);
INSERT INTO users_student_course VALUES(48,48,1);
INSERT INTO users_student_course VALUES(49,49,1);
INSERT INTO users_student_course VALUES(50,50,1);
INSERT INTO users_student_course VALUES(51,51,1);
INSERT INTO users_student_course VALUES(52,52,1);
INSERT INTO users_student_course VALUES(53,53,1);
INSERT INTO users_student_course VALUES(54,54,1);
INSERT INTO users_student_course VALUES(55,55,1);
INSERT INTO users_student_course VALUES(56,56,1);
INSERT INTO users_student_course VALUES(57,57,1);
INSERT INTO users_student_course VALUES(58,58,1);
INSERT INTO users_student_course VALUES(59,59,1);
INSERT INTO users_student_course VALUES(60,60,1);
INSERT INTO users_student_course VALUES(61,61,1);
INSERT INTO users_student_course VALUES(62,62,1);
INSERT INTO users_student_course VALUES(63,63,1);
INSERT INTO users_student_course VALUES(64,64,1);
INSERT INTO users_student_course VALUES(65,65,1);
INSERT INTO users_student_course VALUES(66,66,1);
INSERT INTO users_student_course VALUES(67,67,1);
INSERT INTO users_student_course VALUES(68,68,1);
INSERT INTO users_student_course VALUES(69,69,1);
INSERT INTO users_student_course VALUES(70,70,1);
INSERT INTO users_student_course VALUES(71,71,1);
INSERT INTO users_student_course VALUES(72,72,1);
INSERT INTO users_student_course VALUES(73,73,1);
INSERT INTO users_student_course VALUES(74,74,1);
INSERT INTO users_student_course VALUES(75,75,1);
INSERT INTO users_student_course VALUES(76,76,1);
INSERT INTO users_student_course VALUES(77,77,1);
INSERT INTO users_student_course VALUES(78,78,1);
INSERT INTO users_student_course VALUES(79,79,1);
INSERT INTO users_student_course VALUES(80,80,1);
INSERT INTO users_student_course VALUES(81,81,1);
INSERT INTO users_student_course VALUES(82,82,1);
INSERT INTO users_student_course VALUES(83,83,1);
INSERT INTO users_student_course VALUES(84,84,1);
INSERT INTO users_student_course VALUES(85,85,1);
INSERT INTO users_student_course VALUES(86,86,1);
INSERT INTO users_student_course VALUES(87,87,1);
INSERT INTO users_student_course VALUES(88,88,1);
INSERT INTO users_student_course VALUES(89,89,1);
INSERT INTO users_student_course VALUES(90,90,1);
INSERT INTO users_student_course VALUES(91,91,1);
INSERT INTO users_student_course VALUES(92,92,1);
INSERT INTO users_student_course VALUES(93,93,1);
INSERT INTO users_student_course VALUES(94,94,1);
INSERT INTO users_student_course VALUES(95,95,1);
INSERT INTO users_student_course VALUES(96,96,1);
INSERT INTO users_student_course VALUES(97,97,1);
INSERT INTO users_student_course VALUES(98,98,1);
INSERT INTO users_student_course VALUES(99,99,1);
INSERT INTO users_student_course VALUES(100,100,1);
INSERT INTO users_student_course VALUES(101,101,1);
INSERT INTO users_student_course VALUES(102,102,1);
INSERT INTO users_student_course VALUES(103,103,1);
INSERT INTO users_student_course VALUES(104,104,1);
INSERT INTO users_student_course VALUES(105,105,1);
INSERT INTO users_student_course VALUES(106,106,1);
INSERT INTO users_student_course VALUES(107,107,1);
INSERT INTO users_student_course VALUES(108,108,1);
INSERT INTO users_student_course VALUES(109,109,1);
INSERT INTO users_student_course VALUES(110,110,1);
INSERT INTO users_student_course VALUES(111,111,1);
INSERT INTO users_student_course VALUES(112,112,1);
INSERT INTO users_student_course VALUES(113,113,1);
INSERT INTO users_student_course VALUES(114,114,1);
INSERT INTO users_student_course VALUES(115,115,1);
INSERT INTO users_student_course VALUES(116,116,1);
INSERT INTO users_student_course VALUES(117,117,1);
INSERT INTO users_student_course VALUES(118,118,1);
INSERT INTO users_student_course VALUES(119,119,1);
INSERT INTO users_student_course VALUES(120,120,1);
INSERT INTO users_student_course VALUES(121,121,1);
INSERT INTO users_student_course VALUES(122,122,1);
INSERT INTO users_student_course VALUES(123,123,1);
INSERT INTO users_student_course VALUES(124,124,1);
INSERT INTO users_student_course VALUES(125,125,1);
INSERT INTO users_student_course VALUES(126,126,1);
INSERT INTO users_student_course VALUES(127,127,1);
INSERT INTO users_student_course VALUES(128,128,1);
INSERT INTO users_student_course VALUES(129,129,1);
INSERT INTO users_student_course VALUES(130,130,1);
INSERT INTO users_student_course VALUES(131,131,1);
INSERT INTO users_student_course VALUES(132,132,1);
INSERT INTO users_student_course VALUES(133,133,1);
INSERT INTO users_student_course VALUES(134,134,1);
INSERT INTO users_student_course VALUES(135,135,1);
INSERT INTO users_student_course VALUES(136,136,1);
INSERT INTO users_student_course VALUES(137,137,1);
INSERT INTO users_student_course VALUES(138,138,1);
INSERT INTO users_student_course VALUES(139,139,1);
INSERT INTO users_student_course VALUES(140,140,1);
INSERT INTO users_student_course VALUES(141,141,1);
INSERT INTO users_student_course VALUES(142,142,1);
INSERT INTO users_student_course VALUES(143,143,1);
INSERT INTO users_student_course VALUES(144,144,1);
INSERT INTO users_student_course VALUES(145,145,1);
INSERT INTO users_student_course VALUES(146,146,1);
INSERT INTO users_student_course VALUES(147,147,1);
INSERT INTO users_student_course VALUES(148,148,1);
INSERT INTO users_student_course VALUES(149,149,1);
INSERT INTO users_student_course VALUES(150,150,1);
INSERT INTO users_student_course VALUES(151,151,1);
INSERT INTO users_student_course VALUES(152,152,1);
INSERT INTO users_student_course VALUES(153,153,1);
INSERT INTO users_student_course VALUES(154,154,1);
INSERT INTO users_student_course VALUES(155,155,1);
INSERT INTO users_student_course VALUES(156,156,1);
INSERT INTO users_student_course VALUES(157,157,1);
INSERT INTO users_student_course VALUES(158,158,1);
INSERT INTO users_student_course VALUES(159,159,1);
INSERT INTO users_student_course VALUES(160,160,1);
INSERT INTO users_student_course VALUES(161,161,1);
INSERT INTO users_student_course VALUES(162,162,1);
INSERT INTO users_student_course VALUES(163,163,1);
INSERT INTO users_student_course VALUES(164,164,1);
INSERT INTO users_student_course VALUES(165,165,1);
INSERT INTO users_student_course VALUES(166,166,1);
INSERT INTO users_student_course VALUES(167,167,1);
INSERT INTO users_student_course VALUES(168,168,1);
INSERT INTO users_student_course VALUES(169,169,1);
INSERT INTO users_student_course VALUES(170,170,1);
INSERT INTO users_student_course VALUES(171,171,1);
INSERT INTO users_student_course VALUES(172,172,1);
INSERT INTO users_student_course VALUES(173,173,1);
INSERT INTO users_student_course VALUES(174,174,1);
INSERT INTO users_student_course VALUES(175,175,1);
INSERT INTO users_student_course VALUES(176,176,1);
INSERT INTO users_student_course VALUES(177,177,1);
INSERT INTO users_student_course VALUES(178,178,1);
INSERT INTO users_student_course VALUES(179,179,1);
INSERT INTO users_student_course VALUES(180,180,1);
INSERT INTO users_student_course VALUES(181,181,1);
INSERT INTO users_student_course VALUES(182,182,1);
INSERT INTO users_student_course VALUES(183,183,1);
INSERT INTO users_student_course VALUES(184,184,1);
INSERT INTO users_student_course VALUES(185,185,1);
INSERT INTO users_student_course VALUES(186,186,1);
INSERT INTO users_student_course VALUES(187,187,1);
INSERT INTO users_student_course VALUES(188,188,1);
INSERT INTO users_student_course VALUES(189,189,1);
INSERT INTO users_student_course VALUES(190,190,1);
INSERT INTO users_student_course VALUES(191,191,1);
INSERT INTO users_student_course VALUES(192,192,1);
INSERT INTO users_student_course VALUES(193,193,1);
INSERT INTO users_student_course VALUES(194,194,1);
INSERT INTO users_student_course VALUES(195,195,1);
INSERT INTO users_student_course VALUES(196,196,1);
INSERT INTO users_student_course VALUES(197,197,1);
INSERT INTO users_student_course VALUES(198,198,1);
INSERT INTO users_student_course VALUES(199,199,1);
INSERT INTO users_student_course VALUES(200,200,1);
INSERT INTO users_student_course VALUES(201,201,1);
INSERT INTO users_student_course VALUES(202,202,1);
INSERT INTO users_student_course VALUES(203,203,1);
INSERT INTO users_student_course VALUES(204,204,1);
INSERT INTO users_student_course VALUES(205,205,1);
INSERT INTO users_student_course VALUES(206,206,1);
INSERT INTO users_student_course VALUES(207,207,1);
INSERT INTO users_student_course VALUES(208,208,1);
INSERT INTO users_student_course VALUES(209,209,1);
INSERT INTO users_student_course VALUES(210,210,1);
INSERT INTO users_student_course VALUES(211,211,1);
INSERT INTO users_student_course VALUES(212,212,1);
INSERT INTO users_student_course VALUES(213,213,1);
INSERT INTO users_student_course VALUES(214,214,1);
INSERT INTO users_student_course VALUES(215,215,1);
INSERT INTO users_student_course VALUES(216,216,1);
INSERT INTO users_student_course VALUES(217,217,1);
INSERT INTO users_student_course VALUES(218,218,1);
INSERT INTO users_student_course VALUES(219,219,1);
INSERT INTO users_student_course VALUES(220,220,1);
INSERT INTO users_student_course VALUES(221,221,1);
INSERT INTO users_student_course VALUES(222,222,1);
INSERT INTO users_student_course VALUES(223,223,1);
INSERT INTO users_student_course VALUES(224,224,1);
INSERT INTO users_student_course VALUES(225,225,1);
INSERT INTO users_student_course VALUES(226,226,1);
INSERT INTO users_student_course VALUES(227,227,1);
INSERT INTO users_student_course VALUES(228,228,1);
INSERT INTO users_student_course VALUES(229,229,1);
INSERT INTO users_student_course VALUES(230,230,1);
INSERT INTO users_student_course VALUES(231,231,1);
INSERT INTO users_student_course VALUES(232,232,1);
INSERT INTO users_student_course VALUES(233,233,1);
INSERT INTO users_student_course VALUES(234,234,1);
INSERT INTO users_student_course VALUES(235,235,1);
INSERT INTO users_student_course VALUES(236,236,1);
INSERT INTO users_student_course VALUES(237,237,1);
INSERT INTO users_student_course VALUES(238,238,1);
INSERT INTO users_student_course VALUES(239,239,1);
INSERT INTO users_student_course VALUES(240,240,1);
INSERT INTO users_student_course VALUES(241,241,1);
INSERT INTO users_student_course VALUES(242,242,1);
INSERT INTO users_student_course VALUES(243,243,1);
INSERT INTO users_student_course VALUES(244,244,1);
INSERT INTO users_student_course VALUES(245,245,1);
INSERT INTO users_student_course VALUES(246,246,1);
INSERT INTO users_student_course VALUES(247,247,1);
INSERT INTO users_student_course VALUES(248,248,1);
INSERT INTO users_student_course VALUES(249,249,1);
INSERT INTO users_student_course VALUES(250,250,1);
INSERT INTO users_student_course VALUES(251,251,1);
INSERT INTO users_student_course VALUES(252,252,1);
INSERT INTO users_student_course VALUES(253,253,1);
INSERT INTO users_student_course VALUES(254,254,1);
INSERT INTO users_student_course VALUES(255,255,1);
INSERT INTO users_student_course VALUES(256,256,1);
INSERT INTO users_student_course VALUES(257,257,1);
INSERT INTO users_student_course VALUES(258,258,1);
INSERT INTO users_student_course VALUES(259,259,1);
INSERT INTO users_student_course VALUES(260,260,1);
INSERT INTO users_student_course VALUES(261,261,1);
INSERT INTO users_student_course VALUES(262,262,1);
INSERT INTO users_student_course VALUES(263,263,1);
INSERT INTO users_student_course VALUES(264,264,1);
INSERT INTO users_student_course VALUES(265,265,1);
INSERT INTO users_student_course VALUES(266,266,1);
INSERT INTO users_student_course VALUES(267,267,1);
INSERT INTO users_student_course VALUES(268,268,1);
INSERT INTO users_student_course VALUES(269,269,1);
INSERT INTO users_student_course VALUES(270,270,1);
INSERT INTO users_student_course VALUES(271,271,1);
INSERT INTO users_student_course VALUES(272,272,1);
INSERT INTO users_student_course VALUES(273,273,1);
INSERT INTO users_student_course VALUES(274,274,1);
INSERT INTO users_student_course VALUES(275,275,1);
INSERT INTO users_student_course VALUES(276,276,1);
INSERT INTO users_student_course VALUES(277,277,1);
INSERT INTO users_student_course VALUES(278,278,1);
INSERT INTO users_student_course VALUES(279,279,1);
INSERT INTO users_student_course VALUES(280,280,1);
INSERT INTO users_student_course VALUES(281,281,1);
INSERT INTO users_student_course VALUES(282,282,1);
INSERT INTO users_student_course VALUES(283,283,1);
INSERT INTO users_student_course VALUES(284,284,1);
INSERT INTO users_student_course VALUES(285,285,1);
INSERT INTO users_student_course VALUES(286,286,1);
INSERT INTO users_student_course VALUES(287,287,1);
INSERT INTO users_student_course VALUES(288,288,1);
INSERT INTO users_student_course VALUES(289,289,1);
INSERT INTO users_student_course VALUES(290,290,1);
INSERT INTO users_student_course VALUES(291,291,1);
INSERT INTO users_student_course VALUES(292,292,1);
INSERT INTO users_student_course VALUES(293,293,1);
INSERT INTO users_student_course VALUES(294,294,1);
INSERT INTO users_student_course VALUES(295,295,1);
INSERT INTO users_student_course VALUES(296,296,1);
INSERT INTO users_student_course VALUES(297,297,1);
INSERT INTO users_student_course VALUES(298,298,1);
INSERT INTO users_student_course VALUES(299,299,1);
INSERT INTO users_student_course VALUES(300,300,1);
INSERT INTO users_student_course VALUES(301,301,1);
INSERT INTO users_student_course VALUES(302,302,1);
INSERT INTO users_student_course VALUES(303,303,1);
INSERT INTO users_student_course VALUES(304,304,1);
INSERT INTO users_student_course VALUES(305,305,1);
INSERT INTO users_student_course VALUES(306,306,1);
INSERT INTO users_student_course VALUES(307,307,1);
INSERT INTO users_student_course VALUES(308,308,1);
INSERT INTO users_student_course VALUES(309,309,1);
INSERT INTO users_student_course VALUES(310,310,1);
INSERT INTO users_student_course VALUES(311,311,1);
INSERT INTO users_student_course VALUES(312,312,1);
INSERT INTO users_student_course VALUES(313,313,1);
INSERT INTO users_student_course VALUES(314,314,1);
INSERT INTO users_student_course VALUES(315,315,1);
INSERT INTO users_student_course VALUES(316,316,1);
INSERT INTO users_student_course VALUES(317,317,1);
INSERT INTO users_student_course VALUES(318,318,1);
INSERT INTO users_student_course VALUES(319,319,1);
INSERT INTO users_student_course VALUES(320,320,1);
INSERT INTO users_student_course VALUES(321,321,1);
INSERT INTO users_student_course VALUES(322,322,1);
INSERT INTO users_student_course VALUES(323,323,1);
INSERT INTO users_student_course VALUES(324,324,1);
INSERT INTO users_student_course VALUES(325,325,1);
INSERT INTO users_student_course VALUES(326,326,1);
INSERT INTO users_student_course VALUES(327,327,1);
INSERT INTO users_student_course VALUES(328,328,1);
INSERT INTO users_student_course VALUES(329,329,1);
INSERT INTO users_student_course VALUES(330,330,1);
INSERT INTO users_student_course VALUES(331,331,1);
INSERT INTO users_student_course VALUES(332,332,1);
INSERT INTO users_student_course VALUES(333,333,1);
INSERT INTO users_student_course VALUES(334,334,1);
INSERT INTO users_student_course VALUES(335,335,1);
INSERT INTO users_student_course VALUES(336,336,1);
INSERT INTO users_student_course VALUES(337,337,1);
INSERT INTO users_student_course VALUES(338,338,1);
INSERT INTO users_student_course VALUES(339,339,1);
INSERT INTO users_student_course VALUES(340,340,1);
INSERT INTO users_student_course VALUES(341,341,1);
INSERT INTO users_student_course VALUES(342,342,1);
INSERT INTO users_student_course VALUES(343,343,1);
INSERT INTO users_student_course VALUES(344,344,1);
INSERT INTO users_student_course VALUES(345,345,1);
INSERT INTO users_student_course VALUES(346,346,1);
INSERT INTO users_student_course VALUES(347,347,1);
INSERT INTO users_student_course VALUES(348,348,1);
INSERT INTO users_student_course VALUES(349,349,1);
INSERT INTO users_student_course VALUES(350,350,1);
INSERT INTO users_student_course VALUES(351,351,1);
INSERT INTO users_student_course VALUES(352,352,1);
INSERT INTO users_student_course VALUES(353,353,1);
INSERT INTO users_student_course VALUES(354,354,1);
INSERT INTO users_student_course VALUES(355,355,1);
INSERT INTO users_student_course VALUES(356,356,1);
INSERT INTO users_student_course VALUES(357,357,1);
INSERT INTO users_student_course VALUES(358,358,1);
INSERT INTO users_student_course VALUES(359,359,1);
INSERT INTO users_student_course VALUES(360,360,1);
INSERT INTO users_student_course VALUES(361,361,1);
INSERT INTO users_student_course VALUES(362,362,1);
INSERT INTO users_student_course VALUES(363,363,1);
INSERT INTO users_student_course VALUES(364,364,1);
INSERT INTO users_student_course VALUES(365,365,1);
INSERT INTO users_student_course VALUES(366,366,1);
INSERT INTO users_student_course VALUES(367,367,1);
INSERT INTO users_student_course VALUES(368,368,1);
INSERT INTO users_student_course VALUES(369,369,1);
INSERT INTO users_student_course VALUES(370,370,1);
INSERT INTO users_student_course VALUES(371,371,1);
INSERT INTO users_student_course VALUES(372,372,1);
INSERT INTO users_student_course VALUES(373,373,1);
INSERT INTO users_student_course VALUES(374,374,1);
INSERT INTO users_student_course VALUES(375,375,1);
INSERT INTO users_student_course VALUES(376,376,1);
INSERT INTO users_student_course VALUES(377,377,1);
INSERT INTO users_student_course VALUES(378,378,1);
INSERT INTO users_student_course VALUES(379,379,1);
INSERT INTO users_student_course VALUES(380,380,1);
INSERT INTO users_student_course VALUES(381,381,1);
INSERT INTO users_student_course VALUES(382,382,1);
INSERT INTO users_student_course VALUES(383,383,1);
INSERT INTO users_student_course VALUES(384,384,1);
INSERT INTO users_student_course VALUES(385,385,1);
INSERT INTO users_student_course VALUES(386,386,1);
INSERT INTO users_student_course VALUES(387,387,1);
INSERT INTO users_student_course VALUES(388,388,1);
INSERT INTO users_student_course VALUES(389,389,1);
INSERT INTO users_student_course VALUES(390,390,1);
INSERT INTO users_student_course VALUES(391,391,1);
INSERT INTO users_student_course VALUES(392,392,1);
INSERT INTO users_student_course VALUES(393,393,1);
INSERT INTO users_student_course VALUES(394,394,1);
INSERT INTO users_student_course VALUES(395,395,1);
INSERT INTO users_student_course VALUES(396,396,1);
INSERT INTO users_student_course VALUES(397,397,1);
INSERT INTO users_student_course VALUES(398,398,1);
INSERT INTO users_student_course VALUES(399,399,1);
INSERT INTO users_student_course VALUES(400,400,1);
INSERT INTO users_student_course VALUES(401,401,1);
INSERT INTO users_student_course VALUES(402,402,1);
INSERT INTO users_student_course VALUES(403,403,1);
INSERT INTO users_student_course VALUES(404,404,1);
INSERT INTO users_student_course VALUES(405,405,1);
INSERT INTO users_student_course VALUES(406,406,1);
INSERT INTO users_student_course VALUES(407,407,1);
INSERT INTO users_student_course VALUES(408,408,1);
INSERT INTO users_student_course VALUES(409,409,1);
INSERT INTO users_student_course VALUES(410,410,1);
INSERT INTO users_student_course VALUES(411,411,1);
INSERT INTO users_student_course VALUES(412,412,1);
INSERT INTO users_student_course VALUES(413,413,1);
INSERT INTO users_student_course VALUES(414,414,1);
INSERT INTO users_student_course VALUES(415,415,1);
INSERT INTO users_student_course VALUES(416,416,1);
INSERT INTO users_student_course VALUES(417,417,1);
INSERT INTO users_student_course VALUES(418,418,1);
INSERT INTO users_student_course VALUES(419,419,1);
INSERT INTO users_student_course VALUES(420,420,1);
INSERT INTO users_student_course VALUES(421,421,1);
INSERT INTO users_student_course VALUES(422,422,1);
INSERT INTO users_student_course VALUES(423,423,1);
INSERT INTO users_student_course VALUES(424,424,1);
INSERT INTO users_student_course VALUES(425,425,1);
INSERT INTO users_student_course VALUES(426,426,1);
INSERT INTO users_student_course VALUES(427,427,1);
INSERT INTO users_student_course VALUES(428,428,1);
INSERT INTO users_student_course VALUES(429,429,1);
INSERT INTO users_student_course VALUES(430,430,1);
INSERT INTO users_student_course VALUES(431,431,1);
INSERT INTO users_student_course VALUES(432,432,1);
INSERT INTO users_student_course VALUES(433,433,1);
INSERT INTO users_student_course VALUES(434,434,1);
INSERT INTO users_student_course VALUES(435,435,1);
INSERT INTO users_student_course VALUES(436,436,1);
INSERT INTO users_student_course VALUES(437,437,1);
INSERT INTO users_student_course VALUES(438,438,1);
INSERT INTO users_student_course VALUES(439,439,1);
INSERT INTO users_student_course VALUES(440,440,1);
INSERT INTO users_student_course VALUES(441,441,1);
INSERT INTO users_student_course VALUES(442,442,1);
INSERT INTO users_student_course VALUES(443,443,1);
INSERT INTO users_student_course VALUES(444,444,1);
INSERT INTO users_student_course VALUES(445,445,1);
INSERT INTO users_student_course VALUES(446,446,1);
INSERT INTO users_student_course VALUES(447,447,1);
INSERT INTO users_student_course VALUES(448,448,1);
INSERT INTO users_student_course VALUES(449,449,1);
INSERT INTO users_student_course VALUES(450,450,1);
INSERT INTO users_student_course VALUES(451,451,1);
INSERT INTO users_student_course VALUES(452,452,1);
INSERT INTO users_student_course VALUES(453,453,1);
INSERT INTO users_student_course VALUES(454,454,1);
INSERT INTO users_student_course VALUES(455,455,1);
INSERT INTO users_student_course VALUES(456,456,1);
INSERT INTO users_student_course VALUES(457,457,1);
INSERT INTO users_student_course VALUES(458,458,1);
INSERT INTO users_student_course VALUES(459,459,1);
INSERT INTO users_student_course VALUES(460,460,1);
INSERT INTO users_student_course VALUES(461,461,1);
INSERT INTO users_student_course VALUES(462,462,1);
INSERT INTO users_student_course VALUES(463,463,1);
INSERT INTO users_student_course VALUES(464,464,1);
INSERT INTO users_student_course VALUES(465,465,1);
INSERT INTO users_student_course VALUES(466,466,1);
INSERT INTO users_student_course VALUES(467,467,1);
INSERT INTO users_student_course VALUES(468,468,1);
INSERT INTO users_student_course VALUES(469,469,1);
INSERT INTO users_student_course VALUES(470,470,1);
INSERT INTO users_student_course VALUES(471,471,1);
INSERT INTO users_student_course VALUES(472,472,1);
INSERT INTO users_student_course VALUES(473,473,1);
INSERT INTO users_student_course VALUES(474,474,1);
INSERT INTO users_student_course VALUES(475,475,1);
INSERT INTO users_student_course VALUES(476,476,1);
INSERT INTO users_student_course VALUES(477,477,1);
INSERT INTO users_student_course VALUES(478,478,1);
INSERT INTO users_student_course VALUES(479,479,1);
INSERT INTO users_student_course VALUES(480,480,1);
INSERT INTO users_student_course VALUES(481,481,1);
INSERT INTO users_student_course VALUES(482,482,1);
INSERT INTO users_student_course VALUES(483,483,1);
INSERT INTO users_student_course VALUES(484,484,1);
INSERT INTO users_student_course VALUES(485,485,1);
INSERT INTO users_student_course VALUES(486,486,1);
INSERT INTO users_student_course VALUES(487,487,1);
INSERT INTO users_student_course VALUES(488,488,1);
INSERT INTO users_student_course VALUES(489,489,1);
INSERT INTO users_student_course VALUES(490,490,1);
INSERT INTO users_student_course VALUES(491,491,1);
INSERT INTO users_student_course VALUES(492,492,1);
INSERT INTO users_student_course VALUES(493,493,1);
INSERT INTO users_student_course VALUES(494,494,1);
INSERT INTO users_student_course VALUES(495,495,1);
INSERT INTO users_student_course VALUES(496,496,1);
INSERT INTO users_student_course VALUES(497,497,1);
INSERT INTO users_student_course VALUES(498,498,1);
INSERT INTO users_student_course VALUES(499,499,1);
INSERT INTO users_student_course VALUES(500,500,1);
INSERT INTO users_student_course VALUES(501,501,1);
INSERT INTO users_student_course VALUES(502,502,1);
INSERT INTO users_student_course VALUES(503,503,1);
CREATE TABLE IF NOT EXISTS "timetable_lesson" ("id" integer NOT NULL PRIMARY KEY AUTOINCREMENT, "date" date NOT NULL, "lesson_spec_id" integer NOT NULL REFERENCES "timetable_lessonspecification" ("id") DEFERRABLE INITIALLY DEFERRED);
INSERT INTO timetable_lesson VALUES(1,'2019-03-23',1);
CREATE TABLE IF NOT EXISTS "timetable_lessonspecification" ("id" integer NOT NULL PRIMARY KEY AUTOINCREMENT, "weekday" varchar(9) NOT NULL, "time" time NOT NULL, "duration" smallint unsigned NOT NULL, "c_type" varchar(8) NOT NULL, "room_id" integer NOT NULL REFERENCES "organizations_room" ("id") DEFERRABLE INITIALLY DEFERRED, "shift_id" integer NOT NULL REFERENCES "timetable_shift" ("id") DEFERRABLE INITIALLY DEFERRED);
INSERT INTO timetable_lessonspecification VALUES(1,'saturday','19:00:00',90,'practice',1,1);
INSERT INTO timetable_lessonspecification VALUES(2,'wednesday','16:30:00',90,'lab',1,2);
INSERT INTO timetable_lessonspecification VALUES(3,'monday','08:00:00',90,'practice',1,3);
INSERT INTO timetable_lessonspecification VALUES(4,'thursday','15:00:00',90,'practice',1,1);
INSERT INTO timetable_lessonspecification VALUES(5,'friday','08:00:00',90,'theory',1,4);
CREATE TABLE IF NOT EXISTS "timetable_shift" ("id" integer NOT NULL PRIMARY KEY AUTOINCREMENT, "code" varchar(10) NOT NULL, "vacancies" smallint unsigned NOT NULL, "professor_id" integer NOT NULL REFERENCES "users_professor" ("id") DEFERRABLE INITIALLY DEFERRED, "subject_id" integer NOT NULL REFERENCES "courses_subject" ("id") DEFERRABLE INITIALLY DEFERRED);
INSERT INTO timetable_shift VALUES(1,'TP11',30,1,1);
INSERT INTO timetable_shift VALUES(2,'PL12',20,1,1);
INSERT INTO timetable_shift VALUES(3,'TP12',30,1,1);
INSERT INTO timetable_shift VALUES(4,'T1',200,1,1);
CREATE TABLE IF NOT EXISTS "organizations_department" ("id" integer NOT NULL PRIMARY KEY AUTOINCREMENT, "designation" varchar(100) NOT NULL, "field" varchar(50) NOT NULL, "code" varchar(10) NOT NULL, "faculty_id" integer NOT NULL REFERENCES "organizations_faculty" ("id") DEFERRABLE INITIALLY DEFERRED, "council_id" integer NULL REFERENCES "organizations_departmentcouncil" ("id") DEFERRABLE INITIALLY DEFERRED);
INSERT INTO organizations_department VALUES(1,'DI','Informática','1',1,1);
CREATE TABLE IF NOT EXISTS "users_student" ("id" integer NOT NULL PRIMARY KEY AUTOINCREMENT, "number" integer unsigned NOT NULL, "call" varchar(1) NOT NULL, "entry_grade" real NOT NULL, "app_user_id" integer NOT NULL REFERENCES "users_appuser" ("id") DEFERRABLE INITIALLY DEFERRED, "faculty_id" integer NULL REFERENCES "organizations_faculty" ("id") DEFERRABLE INITIALLY DEFERRED, "statute" varchar(8) NULL);
INSERT INTO users_student VALUES(1,1,'1',150.0,2,1,NULL);
INSERT INTO users_student VALUES(2,2,'1',15.0,1,1,'athlete');
INSERT INTO users_student VALUES(3,3,'1',16.0,3,2,NULL);
INSERT INTO users_student VALUES(4,4,'1',142.99999999999999999,6,NULL,NULL);
INSERT INTO users_student VALUES(5,5,'2',186.0,7,NULL,NULL);
INSERT INTO users_student VALUES(6,6,'1',86.999999999999999998,8,NULL,NULL);
INSERT INTO users_student VALUES(7,7,'1',137.99999999999999999,9,NULL,NULL);
INSERT INTO users_student VALUES(8,8,'1',127.99999999999999999,10,NULL,NULL);
INSERT INTO users_student VALUES(9,9,'2',174.0,11,NULL,NULL);
INSERT INTO users_student VALUES(10,10,'1',75.999999999999999999,12,NULL,NULL);
INSERT INTO users_student VALUES(11,11,'1',185.0,13,NULL,NULL);
INSERT INTO users_student VALUES(12,12,'1',41.999999999999999998,14,NULL,NULL);
INSERT INTO users_student VALUES(13,13,'1',132.0,15,NULL,NULL);
INSERT INTO users_student VALUES(14,14,'2',13.999999999999999999,16,NULL,NULL);
INSERT INTO users_student VALUES(15,15,'2',120.0,17,NULL,NULL);
INSERT INTO users_student VALUES(16,16,'1',16.0,18,NULL,NULL);
INSERT INTO users_student VALUES(17,17,'1',7.0,19,NULL,NULL);
INSERT INTO users_student VALUES(18,18,'2',198.99999999999999999,20,NULL,NULL);
INSERT INTO users_student VALUES(19,19,'2',123.0,21,NULL,NULL);
INSERT INTO users_student VALUES(20,20,'1',32.0,22,NULL,NULL);
INSERT INTO users_student VALUES(21,21,'1',7.0,23,NULL,NULL);
INSERT INTO users_student VALUES(22,22,'1',27.0,24,NULL,NULL);
INSERT INTO users_student VALUES(23,23,'2',125.0,25,NULL,NULL);
INSERT INTO users_student VALUES(24,24,'2',178.99999999999999999,26,NULL,NULL);
INSERT INTO users_student VALUES(25,25,'2',96.999999999999999998,27,NULL,NULL);
INSERT INTO users_student VALUES(26,26,'2',13.999999999999999999,28,NULL,NULL);
INSERT INTO users_student VALUES(27,27,'1',54.0,29,NULL,NULL);
INSERT INTO users_student VALUES(28,28,'2',101.99999999999999999,30,NULL,NULL);
INSERT INTO users_student VALUES(29,29,'1',30.999999999999999999,31,NULL,NULL);
INSERT INTO users_student VALUES(30,30,'2',61.999999999999999998,32,NULL,NULL);
INSERT INTO users_student VALUES(31,31,'2',182.0,33,NULL,NULL);
INSERT INTO users_student VALUES(32,32,'2',93.999999999999999996,34,NULL,NULL);
INSERT INTO users_student VALUES(33,33,'1',20.999999999999999999,35,NULL,NULL);
INSERT INTO users_student VALUES(34,34,'1',172.0,36,NULL,NULL);
INSERT INTO users_student VALUES(35,35,'1',96.999999999999999998,37,NULL,NULL);
INSERT INTO users_student VALUES(36,36,'1',180.99999999999999999,38,NULL,NULL);
INSERT INTO users_student VALUES(37,37,'2',22.999999999999999999,39,NULL,NULL);
INSERT INTO users_student VALUES(38,38,'1',59.0,40,NULL,NULL);
INSERT INTO users_student VALUES(39,39,'1',166.99999999999999999,41,NULL,NULL);
INSERT INTO users_student VALUES(40,40,'1',93.999999999999999996,42,NULL,NULL);
INSERT INTO users_student VALUES(41,41,'2',185.0,43,NULL,NULL);
INSERT INTO users_student VALUES(42,42,'1',123.0,44,NULL,NULL);
INSERT INTO users_student VALUES(43,43,'2',61.999999999999999998,45,NULL,NULL);
INSERT INTO users_student VALUES(44,44,'2',46.999999999999999998,46,NULL,NULL);
INSERT INTO users_student VALUES(45,45,'1',120.0,47,NULL,NULL);
INSERT INTO users_student VALUES(46,46,'1',190.0,48,NULL,NULL);
INSERT INTO users_student VALUES(47,47,'2',166.99999999999999999,49,NULL,NULL);
INSERT INTO users_student VALUES(48,48,'1',55.0,50,NULL,NULL);
INSERT INTO users_student VALUES(49,49,'1',198.99999999999999999,51,NULL,NULL);
INSERT INTO users_student VALUES(50,50,'2',90.0,52,NULL,NULL);
INSERT INTO users_student VALUES(51,51,'2',120.0,53,NULL,NULL);
INSERT INTO users_student VALUES(52,52,'1',7.0,54,NULL,NULL);
INSERT INTO users_student VALUES(53,53,'2',9.0,55,NULL,NULL);
INSERT INTO users_student VALUES(54,54,'1',196.0,56,NULL,NULL);
INSERT INTO users_student VALUES(55,55,'1',109.0,57,NULL,NULL);
INSERT INTO users_student VALUES(56,56,'1',135.0,58,NULL,NULL);
INSERT INTO users_student VALUES(57,57,'2',86.000000000000000003,59,NULL,NULL);
INSERT INTO users_student VALUES(58,58,'2',109.0,60,NULL,NULL);
INSERT INTO users_student VALUES(59,59,'2',103.99999999999999999,61,NULL,NULL);
INSERT INTO users_student VALUES(60,60,'1',125.0,62,NULL,NULL);
INSERT INTO users_student VALUES(61,61,'2',144.0,63,NULL,NULL);
INSERT INTO users_student VALUES(62,62,'1',188.99999999999999999,64,NULL,NULL);
INSERT INTO users_student VALUES(63,63,'2',108.0,65,NULL,NULL);
INSERT INTO users_student VALUES(64,64,'2',76.999999999999999998,66,NULL,NULL);
INSERT INTO users_student VALUES(65,65,'2',32.999999999999999999,67,NULL,NULL);
INSERT INTO users_student VALUES(66,66,'1',130.99999999999999999,68,NULL,NULL);
INSERT INTO users_student VALUES(67,67,'1',11.0,69,NULL,NULL);
INSERT INTO users_student VALUES(68,68,'2',120.0,70,NULL,NULL);
INSERT INTO users_student VALUES(69,69,'2',13.999999999999999999,71,NULL,NULL);
INSERT INTO users_student VALUES(70,70,'1',3.0,72,NULL,NULL);
INSERT INTO users_student VALUES(71,71,'1',6.0,73,NULL,NULL);
INSERT INTO users_student VALUES(72,72,'2',85.0,74,NULL,NULL);
INSERT INTO users_student VALUES(73,73,'1',75.999999999999999999,75,NULL,NULL);
INSERT INTO users_student VALUES(74,74,'2',60.999999999999999999,76,NULL,NULL);
INSERT INTO users_student VALUES(75,75,'1',121.0,77,NULL,NULL);
INSERT INTO users_student VALUES(76,76,'2',40.999999999999999999,78,NULL,NULL);
INSERT INTO users_student VALUES(77,77,'2',133.0,79,NULL,NULL);
INSERT INTO users_student VALUES(78,78,'1',76.999999999999999998,80,NULL,NULL);
INSERT INTO users_student VALUES(79,79,'2',180.99999999999999999,81,NULL,NULL);
INSERT INTO users_student VALUES(80,80,'1',132.0,82,NULL,NULL);
INSERT INTO users_student VALUES(81,81,'1',100.99999999999999999,83,NULL,NULL);
INSERT INTO users_student VALUES(82,82,'2',142.99999999999999999,84,NULL,NULL);
INSERT INTO users_student VALUES(83,83,'2',34.0,85,NULL,NULL);
INSERT INTO users_student VALUES(84,84,'1',169.0,86,NULL,NULL);
INSERT INTO users_student VALUES(85,85,'2',91.000000000000000003,87,NULL,NULL);
INSERT INTO users_student VALUES(86,86,'1',98.999999999999999996,88,NULL,NULL);
INSERT INTO users_student VALUES(87,87,'1',155.99999999999999999,89,NULL,NULL);
INSERT INTO users_student VALUES(88,88,'1',91.999999999999999998,90,NULL,NULL);
INSERT INTO users_student VALUES(89,89,'2',88.000000000000000001,91,NULL,NULL);
INSERT INTO users_student VALUES(90,90,'2',46.999999999999999998,92,NULL,NULL);
INSERT INTO users_student VALUES(91,91,'2',159.0,93,NULL,NULL);
INSERT INTO users_student VALUES(92,92,'2',79.0,94,NULL,NULL);
INSERT INTO users_student VALUES(93,93,'1',17.999999999999999999,95,NULL,NULL);
INSERT INTO users_student VALUES(94,94,'2',109.0,96,NULL,NULL);
INSERT INTO users_student VALUES(95,95,'2',98.000000000000000001,97,NULL,NULL);
INSERT INTO users_student VALUES(96,96,'2',75.0,98,NULL,NULL);
INSERT INTO users_student VALUES(97,97,'2',60.999999999999999999,99,NULL,NULL);
INSERT INTO users_student VALUES(98,98,'2',90.0,100,NULL,NULL);
INSERT INTO users_student VALUES(99,99,'2',66.999999999999999998,101,NULL,NULL);
INSERT INTO users_student VALUES(100,100,'2',75.0,102,NULL,NULL);
INSERT INTO users_student VALUES(101,101,'2',98.000000000000000001,103,NULL,NULL);
INSERT INTO users_student VALUES(102,102,'2',150.99999999999999999,104,NULL,NULL);
INSERT INTO users_student VALUES(103,103,'1',12.0,105,NULL,NULL);
INSERT INTO users_student VALUES(104,104,'1',0.0,106,NULL,NULL);
INSERT INTO users_student VALUES(105,105,'2',173.0,107,NULL,NULL);
INSERT INTO users_student VALUES(106,106,'2',192.99999999999999999,108,NULL,NULL);
INSERT INTO users_student VALUES(107,107,'2',117.99999999999999999,109,NULL,NULL);
INSERT INTO users_student VALUES(108,108,'2',39.0,110,NULL,NULL);
INSERT INTO users_student VALUES(109,109,'1',123.0,111,NULL,NULL);
INSERT INTO users_student VALUES(110,110,'1',183.0,112,NULL,NULL);
INSERT INTO users_student VALUES(111,111,'1',35.999999999999999999,113,NULL,NULL);
INSERT INTO users_student VALUES(112,112,'2',35.999999999999999999,114,NULL,NULL);
INSERT INTO users_student VALUES(113,113,'2',68.000000000000000001,115,NULL,NULL);
INSERT INTO users_student VALUES(114,114,'2',69.0,116,NULL,NULL);
INSERT INTO users_student VALUES(115,115,'1',90.0,117,NULL,NULL);
INSERT INTO users_student VALUES(116,116,'1',65.0,118,NULL,NULL);
INSERT INTO users_student VALUES(117,117,'2',134.0,119,NULL,NULL);
INSERT INTO users_student VALUES(118,118,'2',64.0,120,NULL,NULL);
INSERT INTO users_student VALUES(119,119,'1',115.99999999999999999,121,NULL,NULL);
INSERT INTO users_student VALUES(120,120,'1',37.999999999999999999,122,NULL,NULL);
INSERT INTO users_student VALUES(121,121,'1',50.999999999999999999,123,NULL,NULL);
INSERT INTO users_student VALUES(122,122,'1',147.0,124,NULL,NULL);
INSERT INTO users_student VALUES(123,123,'2',96.999999999999999998,125,NULL,NULL);
INSERT INTO users_student VALUES(124,124,'2',69.0,126,NULL,NULL);
INSERT INTO users_student VALUES(125,125,'1',134.0,127,NULL,NULL);
INSERT INTO users_student VALUES(126,126,'1',146.0,128,NULL,NULL);
INSERT INTO users_student VALUES(127,127,'1',78.000000000000000001,129,NULL,NULL);
INSERT INTO users_student VALUES(128,128,'1',86.000000000000000003,130,NULL,NULL);
INSERT INTO users_student VALUES(129,129,'2',95.0,131,NULL,NULL);
INSERT INTO users_student VALUES(130,130,'2',160.0,132,NULL,NULL);
INSERT INTO users_student VALUES(131,131,'1',184.0,133,NULL,NULL);
INSERT INTO users_student VALUES(132,132,'1',86.999999999999999998,134,NULL,NULL);
INSERT INTO users_student VALUES(133,133,'2',128.99999999999999999,135,NULL,NULL);
INSERT INTO users_student VALUES(134,134,'2',37.0,136,NULL,NULL);
INSERT INTO users_student VALUES(135,135,'2',122.0,137,NULL,NULL);
INSERT INTO users_student VALUES(136,136,'2',169.0,138,NULL,NULL);
INSERT INTO users_student VALUES(137,137,'1',75.0,139,NULL,NULL);
INSERT INTO users_student VALUES(138,138,'1',65.999999999999999999,140,NULL,NULL);
INSERT INTO users_student VALUES(139,139,'1',50.0,141,NULL,NULL);
INSERT INTO users_student VALUES(140,140,'1',25.999999999999999999,142,NULL,NULL);
INSERT INTO users_student VALUES(141,141,'2',107.0,143,NULL,NULL);
INSERT INTO users_student VALUES(142,142,'1',0.0,144,NULL,NULL);
INSERT INTO users_student VALUES(143,143,'1',180.99999999999999999,145,NULL,NULL);
INSERT INTO users_student VALUES(144,144,'1',17.999999999999999999,146,NULL,NULL);
INSERT INTO users_student VALUES(145,145,'2',197.0,147,NULL,NULL);
INSERT INTO users_student VALUES(146,146,'2',32.999999999999999999,148,NULL,NULL);
INSERT INTO users_student VALUES(147,147,'2',158.0,149,NULL,NULL);
INSERT INTO users_student VALUES(148,148,'2',102.99999999999999999,150,NULL,NULL);
INSERT INTO users_student VALUES(149,149,'2',74.0,151,NULL,NULL);
INSERT INTO users_student VALUES(150,150,'1',184.0,152,NULL,NULL);
INSERT INTO users_student VALUES(151,151,'1',40.999999999999999999,153,NULL,NULL);
INSERT INTO users_student VALUES(152,152,'2',27.0,154,NULL,NULL);
INSERT INTO users_student VALUES(153,153,'2',56.999999999999999998,155,NULL,NULL);
INSERT INTO users_student VALUES(154,154,'2',58.000000000000000001,156,NULL,NULL);
INSERT INTO users_student VALUES(155,155,'1',71.999999999999999998,157,NULL,NULL);
INSERT INTO users_student VALUES(156,156,'1',165.99999999999999999,158,NULL,NULL);
INSERT INTO users_student VALUES(157,157,'1',128.99999999999999999,159,NULL,NULL);
INSERT INTO users_student VALUES(158,158,'1',49.0,160,NULL,NULL);
INSERT INTO users_student VALUES(159,159,'1',43.000000000000000001,161,NULL,NULL);
INSERT INTO users_student VALUES(160,160,'1',113.99999999999999999,162,NULL,NULL);
INSERT INTO users_student VALUES(161,161,'1',112.0,163,NULL,NULL);
INSERT INTO users_student VALUES(162,162,'2',30.999999999999999999,164,NULL,NULL);
INSERT INTO users_student VALUES(163,163,'2',109.0,165,NULL,NULL);
INSERT INTO users_student VALUES(164,164,'1',112.0,166,NULL,NULL);
INSERT INTO users_student VALUES(165,165,'2',5.0,167,NULL,NULL);
INSERT INTO users_student VALUES(166,166,'1',188.99999999999999999,168,NULL,NULL);
INSERT INTO users_student VALUES(167,167,'1',60.999999999999999999,169,NULL,NULL);
INSERT INTO users_student VALUES(168,168,'1',178.99999999999999999,170,NULL,NULL);
INSERT INTO users_student VALUES(169,169,'1',190.0,171,NULL,NULL);
INSERT INTO users_student VALUES(170,170,'1',79.0,172,NULL,NULL);
INSERT INTO users_student VALUES(171,171,'1',13.999999999999999999,173,NULL,NULL);
INSERT INTO users_student VALUES(172,172,'1',61.999999999999999998,174,NULL,NULL);
INSERT INTO users_student VALUES(173,173,'2',59.0,175,NULL,NULL);
INSERT INTO users_student VALUES(174,174,'2',81.000000000000000003,176,NULL,NULL);
INSERT INTO users_student VALUES(175,175,'2',44.0,177,NULL,NULL);
INSERT INTO users_student VALUES(176,176,'2',6.0,178,NULL,NULL);
INSERT INTO users_student VALUES(177,177,'1',11.0,179,NULL,NULL);
INSERT INTO users_student VALUES(178,178,'2',175.99999999999999999,180,NULL,NULL);
INSERT INTO users_student VALUES(179,179,'2',24.0,181,NULL,NULL);
INSERT INTO users_student VALUES(180,180,'1',188.0,182,NULL,NULL);
INSERT INTO users_student VALUES(181,181,'1',27.999999999999999999,183,NULL,NULL);
INSERT INTO users_student VALUES(182,182,'2',12.0,184,NULL,NULL);
INSERT INTO users_student VALUES(183,183,'2',159.0,185,NULL,NULL);
INSERT INTO users_student VALUES(184,184,'2',165.0,186,NULL,NULL);
INSERT INTO users_student VALUES(185,185,'1',75.999999999999999999,187,NULL,NULL);
INSERT INTO users_student VALUES(186,186,'1',133.0,188,NULL,NULL);
INSERT INTO users_student VALUES(187,187,'2',186.99999999999999999,189,NULL,NULL);
INSERT INTO users_student VALUES(188,188,'1',111.0,190,NULL,NULL);
INSERT INTO users_student VALUES(189,189,'2',27.999999999999999999,191,NULL,NULL);
INSERT INTO users_student VALUES(190,190,'1',137.99999999999999999,192,NULL,NULL);
INSERT INTO users_student VALUES(191,191,'2',65.999999999999999999,193,NULL,NULL);
INSERT INTO users_student VALUES(192,192,'1',6.0,194,NULL,NULL);
INSERT INTO users_student VALUES(193,193,'2',108.0,195,NULL,NULL);
INSERT INTO users_student VALUES(194,194,'2',4.0,196,NULL,NULL);
INSERT INTO users_student VALUES(195,195,'1',88.999999999999999996,197,NULL,NULL);
INSERT INTO users_student VALUES(196,196,'2',70.999999999999999999,198,NULL,NULL);
INSERT INTO users_student VALUES(197,197,'1',120.0,199,NULL,NULL);
INSERT INTO users_student VALUES(198,198,'1',27.999999999999999999,200,NULL,NULL);
INSERT INTO users_student VALUES(199,199,'1',85.0,201,NULL,NULL);
INSERT INTO users_student VALUES(200,200,'2',192.99999999999999999,202,NULL,NULL);
INSERT INTO users_student VALUES(201,201,'2',45.0,203,NULL,NULL);
INSERT INTO users_student VALUES(202,202,'2',146.0,204,NULL,NULL);
INSERT INTO users_student VALUES(203,203,'2',179.99999999999999999,205,NULL,NULL);
INSERT INTO users_student VALUES(204,204,'1',128.99999999999999999,206,NULL,NULL);
INSERT INTO users_student VALUES(205,205,'1',147.0,207,NULL,NULL);
INSERT INTO users_student VALUES(206,206,'2',34.0,208,NULL,NULL);
INSERT INTO users_student VALUES(207,207,'1',169.0,209,NULL,NULL);
INSERT INTO users_student VALUES(208,208,'1',39.0,210,NULL,NULL);
INSERT INTO users_student VALUES(209,209,'2',5.0,211,NULL,NULL);
INSERT INTO users_student VALUES(210,210,'1',147.0,212,NULL,NULL);
INSERT INTO users_student VALUES(211,211,'1',126.99999999999999999,213,NULL,NULL);
INSERT INTO users_student VALUES(212,212,'1',6.0,214,NULL,NULL);
INSERT INTO users_student VALUES(213,213,'1',12.999999999999999999,215,NULL,NULL);
INSERT INTO users_student VALUES(214,214,'2',149.0,216,NULL,NULL);
INSERT INTO users_student VALUES(215,215,'2',35.999999999999999999,217,NULL,NULL);
INSERT INTO users_student VALUES(216,216,'2',65.0,218,NULL,NULL);
INSERT INTO users_student VALUES(217,217,'2',179.99999999999999999,219,NULL,NULL);
INSERT INTO users_student VALUES(218,218,'1',20.0,220,NULL,NULL);
INSERT INTO users_student VALUES(219,219,'1',134.0,221,NULL,NULL);
INSERT INTO users_student VALUES(220,220,'1',10.0,222,NULL,NULL);
INSERT INTO users_student VALUES(221,221,'1',51.999999999999999998,223,NULL,NULL);
INSERT INTO users_student VALUES(222,222,'1',153.99999999999999999,224,NULL,NULL);
INSERT INTO users_student VALUES(223,223,'2',150.99999999999999999,225,NULL,NULL);
INSERT INTO users_student VALUES(224,224,'1',191.99999999999999999,226,NULL,NULL);
INSERT INTO users_student VALUES(225,225,'1',7.0,227,NULL,NULL);
INSERT INTO users_student VALUES(226,226,'2',134.0,228,NULL,NULL);
INSERT INTO users_student VALUES(227,227,'2',198.0,229,NULL,NULL);
INSERT INTO users_student VALUES(228,228,'1',160.0,230,NULL,NULL);
INSERT INTO users_student VALUES(229,229,'1',175.99999999999999999,231,NULL,NULL);
INSERT INTO users_student VALUES(230,230,'2',163.99999999999999999,232,NULL,NULL);
INSERT INTO users_student VALUES(231,231,'2',22.999999999999999999,233,NULL,NULL);
INSERT INTO users_student VALUES(232,232,'2',124.0,234,NULL,NULL);
INSERT INTO users_student VALUES(233,233,'1',175.99999999999999999,235,NULL,NULL);
INSERT INTO users_student VALUES(234,234,'1',56.999999999999999998,236,NULL,NULL);
INSERT INTO users_student VALUES(235,235,'1',81.000000000000000003,237,NULL,NULL);
INSERT INTO users_student VALUES(236,236,'2',132.0,238,NULL,NULL);
INSERT INTO users_student VALUES(237,237,'1',35.999999999999999999,239,NULL,NULL);
INSERT INTO users_student VALUES(238,238,'1',190.0,240,NULL,NULL);
INSERT INTO users_student VALUES(239,239,'2',41.999999999999999998,241,NULL,NULL);
INSERT INTO users_student VALUES(240,240,'1',68.000000000000000001,242,NULL,NULL);
INSERT INTO users_student VALUES(241,241,'1',126.99999999999999999,243,NULL,NULL);
INSERT INTO users_student VALUES(242,242,'2',90.0,244,NULL,NULL);
INSERT INTO users_student VALUES(243,243,'2',125.99999999999999999,245,NULL,NULL);
INSERT INTO users_student VALUES(244,244,'2',123.0,246,NULL,NULL);
INSERT INTO users_student VALUES(245,245,'2',60.0,247,NULL,NULL);
INSERT INTO users_student VALUES(246,246,'2',7.0,248,NULL,NULL);
INSERT INTO users_student VALUES(247,247,'2',37.999999999999999999,249,NULL,NULL);
INSERT INTO users_student VALUES(248,248,'1',68.000000000000000001,250,NULL,NULL);
INSERT INTO users_student VALUES(249,249,'1',30.0,251,NULL,NULL);
INSERT INTO users_student VALUES(250,250,'2',15.0,252,NULL,NULL);
INSERT INTO users_student VALUES(251,251,'2',124.0,253,NULL,NULL);
INSERT INTO users_student VALUES(252,252,'2',17.999999999999999999,254,NULL,NULL);
INSERT INTO users_student VALUES(253,253,'2',137.99999999999999999,255,NULL,NULL);
INSERT INTO users_student VALUES(254,254,'2',100.0,256,NULL,NULL);
INSERT INTO users_student VALUES(255,255,'1',95.0,257,NULL,NULL);
INSERT INTO users_student VALUES(256,256,'1',61.999999999999999998,258,NULL,NULL);
INSERT INTO users_student VALUES(257,257,'2',141.99999999999999999,259,NULL,NULL);
INSERT INTO users_student VALUES(258,258,'2',113.99999999999999999,260,NULL,NULL);
INSERT INTO users_student VALUES(259,259,'2',123.0,261,NULL,NULL);
INSERT INTO users_student VALUES(260,260,'1',11.0,262,NULL,NULL);
INSERT INTO users_student VALUES(261,261,'1',117.99999999999999999,263,NULL,NULL);
INSERT INTO users_student VALUES(262,262,'1',17.0,264,NULL,NULL);
INSERT INTO users_student VALUES(263,263,'2',129.99999999999999999,265,NULL,NULL);
INSERT INTO users_student VALUES(264,264,'2',191.99999999999999999,266,NULL,NULL);
INSERT INTO users_student VALUES(265,265,'1',32.0,267,NULL,NULL);
INSERT INTO users_student VALUES(266,266,'1',80.0,268,NULL,NULL);
INSERT INTO users_student VALUES(267,267,'2',25.999999999999999999,269,NULL,NULL);
INSERT INTO users_student VALUES(268,268,'2',54.0,270,NULL,NULL);
INSERT INTO users_student VALUES(269,269,'1',79.0,271,NULL,NULL);
INSERT INTO users_student VALUES(270,270,'2',125.99999999999999999,272,NULL,NULL);
INSERT INTO users_student VALUES(271,271,'2',40.999999999999999999,273,NULL,NULL);
INSERT INTO users_student VALUES(272,272,'1',136.0,274,NULL,NULL);
INSERT INTO users_student VALUES(273,273,'2',43.000000000000000001,275,NULL,NULL);
INSERT INTO users_student VALUES(274,274,'2',180.99999999999999999,276,NULL,NULL);
INSERT INTO users_student VALUES(275,275,'1',88.999999999999999996,277,NULL,NULL);
INSERT INTO users_student VALUES(276,276,'2',91.999999999999999998,278,NULL,NULL);
INSERT INTO users_student VALUES(277,277,'2',161.0,279,NULL,NULL);
INSERT INTO users_student VALUES(278,278,'1',66.999999999999999998,280,NULL,NULL);
INSERT INTO users_student VALUES(279,279,'2',95.0,281,NULL,NULL);
INSERT INTO users_student VALUES(280,280,'1',105.99999999999999999,282,NULL,NULL);
INSERT INTO users_student VALUES(281,281,'1',100.0,283,NULL,NULL);
INSERT INTO users_student VALUES(282,282,'2',112.99999999999999999,284,NULL,NULL);
INSERT INTO users_student VALUES(283,283,'2',78.000000000000000001,285,NULL,NULL);
INSERT INTO users_student VALUES(284,284,'1',81.999999999999999998,286,NULL,NULL);
INSERT INTO users_student VALUES(285,285,'2',43.000000000000000001,287,NULL,NULL);
INSERT INTO users_student VALUES(286,286,'2',96.000000000000000003,288,NULL,NULL);
INSERT INTO users_student VALUES(287,287,'2',121.0,289,NULL,NULL);
INSERT INTO users_student VALUES(288,288,'2',167.99999999999999999,290,NULL,NULL);
INSERT INTO users_student VALUES(289,289,'2',17.999999999999999999,291,NULL,NULL);
INSERT INTO users_student VALUES(290,290,'2',159.0,292,NULL,NULL);
INSERT INTO users_student VALUES(291,291,'2',146.0,293,NULL,NULL);
INSERT INTO users_student VALUES(292,292,'1',151.99999999999999999,294,NULL,NULL);
INSERT INTO users_student VALUES(293,293,'1',111.0,295,NULL,NULL);
INSERT INTO users_student VALUES(294,294,'2',30.0,296,NULL,NULL);
INSERT INTO users_student VALUES(295,295,'2',12.999999999999999999,297,NULL,NULL);
INSERT INTO users_student VALUES(296,296,'2',170.0,298,NULL,NULL);
INSERT INTO users_student VALUES(297,297,'2',93.000000000000000001,299,NULL,NULL);
INSERT INTO users_student VALUES(298,298,'2',30.0,300,NULL,NULL);
INSERT INTO users_student VALUES(299,299,'2',70.0,301,NULL,NULL);
INSERT INTO users_student VALUES(300,300,'2',64.0,302,NULL,NULL);
INSERT INTO users_student VALUES(301,301,'1',40.999999999999999999,303,NULL,NULL);
INSERT INTO users_student VALUES(302,302,'1',100.99999999999999999,304,NULL,NULL);
INSERT INTO users_student VALUES(303,303,'2',117.99999999999999999,305,NULL,NULL);
INSERT INTO users_student VALUES(304,304,'1',24.0,306,NULL,NULL);
INSERT INTO users_student VALUES(305,305,'1',191.99999999999999999,307,NULL,NULL);
INSERT INTO users_student VALUES(306,306,'1',43.000000000000000001,308,NULL,NULL);
INSERT INTO users_student VALUES(307,307,'1',88.999999999999999996,309,NULL,NULL);
INSERT INTO users_student VALUES(308,308,'2',155.99999999999999999,310,NULL,NULL);
INSERT INTO users_student VALUES(309,309,'2',78.000000000000000001,311,NULL,NULL);
INSERT INTO users_student VALUES(310,310,'2',60.999999999999999999,312,NULL,NULL);
INSERT INTO users_student VALUES(311,311,'1',111.0,313,NULL,NULL);
INSERT INTO users_student VALUES(312,312,'2',44.0,314,NULL,NULL);
INSERT INTO users_student VALUES(313,313,'2',29.0,315,NULL,NULL);
INSERT INTO users_student VALUES(314,314,'1',112.0,316,NULL,NULL);
INSERT INTO users_student VALUES(315,315,'1',129.99999999999999999,317,NULL,NULL);
INSERT INTO users_student VALUES(316,316,'2',137.99999999999999999,318,NULL,NULL);
INSERT INTO users_student VALUES(317,317,'1',81.999999999999999998,319,NULL,NULL);
INSERT INTO users_student VALUES(318,318,'2',29.0,320,NULL,NULL);
INSERT INTO users_student VALUES(319,319,'2',137.99999999999999999,321,NULL,NULL);
INSERT INTO users_student VALUES(320,320,'2',167.99999999999999999,322,NULL,NULL);
INSERT INTO users_student VALUES(321,321,'1',81.999999999999999998,323,NULL,NULL);
INSERT INTO users_student VALUES(322,322,'1',167.99999999999999999,324,NULL,NULL);
INSERT INTO users_student VALUES(323,323,'2',27.0,325,NULL,NULL);
INSERT INTO users_student VALUES(324,324,'1',40.0,326,NULL,NULL);
INSERT INTO users_student VALUES(325,325,'2',111.0,327,NULL,NULL);
INSERT INTO users_student VALUES(326,326,'2',35.0,328,NULL,NULL);
INSERT INTO users_student VALUES(327,327,'1',138.99999999999999999,329,NULL,NULL);
INSERT INTO users_student VALUES(328,328,'2',68.000000000000000001,330,NULL,NULL);
INSERT INTO users_student VALUES(329,329,'2',16.0,331,NULL,NULL);
INSERT INTO users_student VALUES(330,330,'1',80.0,332,NULL,NULL);
INSERT INTO users_student VALUES(331,331,'2',17.999999999999999999,333,NULL,NULL);
INSERT INTO users_student VALUES(332,332,'1',3.0,334,NULL,NULL);
INSERT INTO users_student VALUES(333,333,'2',188.0,335,NULL,NULL);
INSERT INTO users_student VALUES(334,334,'2',78.000000000000000001,336,NULL,NULL);
INSERT INTO users_student VALUES(335,335,'2',140.99999999999999999,337,NULL,NULL);
INSERT INTO users_student VALUES(336,336,'2',20.0,338,NULL,NULL);
INSERT INTO users_student VALUES(337,337,'1',90.0,339,NULL,NULL);
INSERT INTO users_student VALUES(338,338,'1',195.0,340,NULL,NULL);
INSERT INTO users_student VALUES(339,339,'1',86.999999999999999998,341,NULL,NULL);
INSERT INTO users_student VALUES(340,340,'1',11.0,342,NULL,NULL);
INSERT INTO users_student VALUES(341,341,'2',2.0,343,NULL,NULL);
INSERT INTO users_student VALUES(342,342,'2',148.0,344,NULL,NULL);
INSERT INTO users_student VALUES(343,343,'2',175.99999999999999999,345,NULL,NULL);
INSERT INTO users_student VALUES(344,344,'1',136.0,346,NULL,NULL);
INSERT INTO users_student VALUES(345,345,'1',61.999999999999999998,347,NULL,NULL);
INSERT INTO users_student VALUES(346,346,'2',128.99999999999999999,348,NULL,NULL);
INSERT INTO users_student VALUES(347,347,'1',24.0,349,NULL,NULL);
INSERT INTO users_student VALUES(348,348,'1',191.99999999999999999,350,NULL,NULL);
INSERT INTO users_student VALUES(349,349,'1',109.0,351,NULL,NULL);
INSERT INTO users_student VALUES(350,350,'1',117.99999999999999999,352,NULL,NULL);
INSERT INTO users_student VALUES(351,351,'1',60.0,353,NULL,NULL);
INSERT INTO users_student VALUES(352,352,'2',12.0,354,NULL,NULL);
INSERT INTO users_student VALUES(353,353,'2',50.0,355,NULL,NULL);
INSERT INTO users_student VALUES(354,354,'2',90.0,356,NULL,NULL);
INSERT INTO users_student VALUES(355,355,'2',117.99999999999999999,357,NULL,NULL);
INSERT INTO users_student VALUES(356,356,'1',111.0,358,NULL,NULL);
INSERT INTO users_student VALUES(357,357,'1',104.99999999999999999,359,NULL,NULL);
INSERT INTO users_student VALUES(358,358,'1',117.99999999999999999,360,NULL,NULL);
INSERT INTO users_student VALUES(359,359,'1',103.99999999999999999,361,NULL,NULL);
INSERT INTO users_student VALUES(360,360,'1',91.000000000000000003,362,NULL,NULL);
INSERT INTO users_student VALUES(361,361,'1',25.999999999999999999,363,NULL,NULL);
INSERT INTO users_student VALUES(362,362,'2',20.999999999999999999,364,NULL,NULL);
INSERT INTO users_student VALUES(363,363,'1',150.99999999999999999,365,NULL,NULL);
INSERT INTO users_student VALUES(364,364,'2',93.000000000000000001,366,NULL,NULL);
INSERT INTO users_student VALUES(365,365,'1',86.000000000000000003,367,NULL,NULL);
INSERT INTO users_student VALUES(366,366,'1',50.0,368,NULL,NULL);
INSERT INTO users_student VALUES(367,367,'1',53.000000000000000001,369,NULL,NULL);
INSERT INTO users_student VALUES(368,368,'2',69.0,370,NULL,NULL);
INSERT INTO users_student VALUES(369,369,'1',150.0,371,NULL,NULL);
INSERT INTO users_student VALUES(370,370,'1',17.0,372,NULL,NULL);
INSERT INTO users_student VALUES(371,371,'2',190.99999999999999999,373,NULL,NULL);
INSERT INTO users_student VALUES(372,372,'2',174.0,374,NULL,NULL);
INSERT INTO users_student VALUES(373,373,'2',124.0,375,NULL,NULL);
INSERT INTO users_student VALUES(374,374,'1',45.999999999999999999,376,NULL,NULL);
INSERT INTO users_student VALUES(375,375,'1',98.999999999999999996,377,NULL,NULL);
INSERT INTO users_student VALUES(376,376,'1',104.99999999999999999,378,NULL,NULL);
INSERT INTO users_student VALUES(377,377,'1',133.0,379,NULL,NULL);
INSERT INTO users_student VALUES(378,378,'1',166.99999999999999999,380,NULL,NULL);
INSERT INTO users_student VALUES(379,379,'1',69.0,381,NULL,NULL);
INSERT INTO users_student VALUES(380,380,'1',96.999999999999999998,382,NULL,NULL);
INSERT INTO users_student VALUES(381,381,'1',40.999999999999999999,383,NULL,NULL);
INSERT INTO users_student VALUES(382,382,'1',17.999999999999999999,384,NULL,NULL);
INSERT INTO users_student VALUES(383,383,'2',109.0,385,NULL,NULL);
INSERT INTO users_student VALUES(384,384,'1',59.0,386,NULL,NULL);
INSERT INTO users_student VALUES(385,385,'2',0.0,387,NULL,NULL);
INSERT INTO users_student VALUES(386,386,'1',45.0,388,NULL,NULL);
INSERT INTO users_student VALUES(387,387,'1',129.99999999999999999,389,NULL,NULL);
INSERT INTO users_student VALUES(388,388,'1',107.0,390,NULL,NULL);
INSERT INTO users_student VALUES(389,389,'2',145.0,391,NULL,NULL);
INSERT INTO users_student VALUES(390,390,'1',101.99999999999999999,392,NULL,NULL);
INSERT INTO users_student VALUES(391,391,'1',43.000000000000000001,393,NULL,NULL);
INSERT INTO users_student VALUES(392,392,'2',130.99999999999999999,394,NULL,NULL);
INSERT INTO users_student VALUES(393,393,'2',134.0,395,NULL,NULL);
INSERT INTO users_student VALUES(394,394,'1',34.0,396,NULL,NULL);
INSERT INTO users_student VALUES(395,395,'2',66.999999999999999998,397,NULL,NULL);
INSERT INTO users_student VALUES(396,396,'2',188.0,398,NULL,NULL);
INSERT INTO users_student VALUES(397,397,'1',141.99999999999999999,399,NULL,NULL);
INSERT INTO users_student VALUES(398,398,'2',15.0,400,NULL,NULL);
INSERT INTO users_student VALUES(399,399,'2',58.000000000000000001,401,NULL,NULL);
INSERT INTO users_student VALUES(400,400,'1',109.0,402,NULL,NULL);
INSERT INTO users_student VALUES(401,401,'1',116.99999999999999999,403,NULL,NULL);
INSERT INTO users_student VALUES(402,402,'1',69.0,404,NULL,NULL);
INSERT INTO users_student VALUES(403,403,'2',137.0,405,NULL,NULL);
INSERT INTO users_student VALUES(404,404,'1',166.99999999999999999,406,NULL,NULL);
INSERT INTO users_student VALUES(405,405,'2',24.0,407,NULL,NULL);
INSERT INTO users_student VALUES(406,406,'2',86.000000000000000003,408,NULL,NULL);
INSERT INTO users_student VALUES(407,407,'1',75.999999999999999999,409,NULL,NULL);
INSERT INTO users_student VALUES(408,408,'2',198.99999999999999999,410,NULL,NULL);
INSERT INTO users_student VALUES(409,409,'2',39.0,411,NULL,NULL);
INSERT INTO users_student VALUES(410,410,'2',112.0,412,NULL,NULL);
INSERT INTO users_student VALUES(411,411,'2',25.999999999999999999,413,NULL,NULL);
INSERT INTO users_student VALUES(412,412,'2',184.0,414,NULL,NULL);
INSERT INTO users_student VALUES(413,413,'2',16.0,415,NULL,NULL);
INSERT INTO users_student VALUES(414,414,'1',103.99999999999999999,416,NULL,NULL);
INSERT INTO users_student VALUES(415,415,'1',165.0,417,NULL,NULL);
INSERT INTO users_student VALUES(416,416,'1',1.0,418,NULL,NULL);
INSERT INTO users_student VALUES(417,417,'1',19.0,419,NULL,NULL);
INSERT INTO users_student VALUES(418,418,'1',138.99999999999999999,420,NULL,NULL);
INSERT INTO users_student VALUES(419,419,'2',128.99999999999999999,421,NULL,NULL);
INSERT INTO users_student VALUES(420,420,'2',19.0,422,NULL,NULL);
INSERT INTO users_student VALUES(421,421,'1',104.99999999999999999,423,NULL,NULL);
INSERT INTO users_student VALUES(422,422,'1',16.0,424,NULL,NULL);
INSERT INTO users_student VALUES(423,423,'2',70.0,425,NULL,NULL);
INSERT INTO users_student VALUES(424,424,'2',148.0,426,NULL,NULL);
INSERT INTO users_student VALUES(425,425,'2',24.0,427,NULL,NULL);
INSERT INTO users_student VALUES(426,426,'2',190.0,428,NULL,NULL);
INSERT INTO users_student VALUES(427,427,'2',134.0,429,NULL,NULL);
INSERT INTO users_student VALUES(428,428,'1',161.99999999999999999,430,NULL,NULL);
INSERT INTO users_student VALUES(429,429,'1',186.0,431,NULL,NULL);
INSERT INTO users_student VALUES(430,430,'1',171.0,432,NULL,NULL);
INSERT INTO users_student VALUES(431,431,'1',17.0,433,NULL,NULL);
INSERT INTO users_student VALUES(432,432,'2',161.99999999999999999,434,NULL,NULL);
INSERT INTO users_student VALUES(433,433,'2',178.99999999999999999,435,NULL,NULL);
INSERT INTO users_student VALUES(434,434,'1',151.99999999999999999,436,NULL,NULL);
INSERT INTO users_student VALUES(435,435,'2',112.0,437,NULL,NULL);
INSERT INTO users_student VALUES(436,436,'2',122.0,438,NULL,NULL);
INSERT INTO users_student VALUES(437,437,'2',53.000000000000000001,439,NULL,NULL);
INSERT INTO users_student VALUES(438,438,'2',32.999999999999999999,440,NULL,NULL);
INSERT INTO users_student VALUES(439,439,'1',35.999999999999999999,441,NULL,NULL);
INSERT INTO users_student VALUES(440,440,'2',108.0,442,NULL,NULL);
INSERT INTO users_student VALUES(441,441,'1',155.99999999999999999,443,NULL,NULL);
INSERT INTO users_student VALUES(442,442,'2',129.99999999999999999,444,NULL,NULL);
INSERT INTO users_student VALUES(443,443,'1',32.0,445,NULL,NULL);
INSERT INTO users_student VALUES(444,444,'2',73.000000000000000001,446,NULL,NULL);
INSERT INTO users_student VALUES(445,445,'1',4.0,447,NULL,NULL);
INSERT INTO users_student VALUES(446,446,'1',125.99999999999999999,448,NULL,NULL);
INSERT INTO users_student VALUES(447,447,'2',167.99999999999999999,449,NULL,NULL);
INSERT INTO users_student VALUES(448,448,'2',96.999999999999999998,450,NULL,NULL);
INSERT INTO users_student VALUES(449,449,'2',129.99999999999999999,451,NULL,NULL);
INSERT INTO users_student VALUES(450,450,'2',0.0,452,NULL,NULL);
INSERT INTO users_student VALUES(451,451,'2',85.0,453,NULL,NULL);
INSERT INTO users_student VALUES(452,452,'2',147.0,454,NULL,NULL);
INSERT INTO users_student VALUES(453,453,'2',183.0,455,NULL,NULL);
INSERT INTO users_student VALUES(454,454,'2',167.99999999999999999,456,NULL,NULL);
INSERT INTO users_student VALUES(455,455,'2',140.99999999999999999,457,NULL,NULL);
INSERT INTO users_student VALUES(456,456,'1',55.999999999999999999,458,NULL,NULL);
INSERT INTO users_student VALUES(457,457,'1',178.99999999999999999,459,NULL,NULL);
INSERT INTO users_student VALUES(458,458,'2',186.99999999999999999,460,NULL,NULL);
INSERT INTO users_student VALUES(459,459,'2',27.999999999999999999,461,NULL,NULL);
INSERT INTO users_student VALUES(460,460,'1',120.0,462,NULL,NULL);
INSERT INTO users_student VALUES(461,461,'2',192.99999999999999999,463,NULL,NULL);
INSERT INTO users_student VALUES(462,462,'2',65.999999999999999999,464,NULL,NULL);
INSERT INTO users_student VALUES(463,463,'2',15.0,465,NULL,NULL);
INSERT INTO users_student VALUES(464,464,'1',141.99999999999999999,466,NULL,NULL);
INSERT INTO users_student VALUES(465,465,'1',188.99999999999999999,467,NULL,NULL);
INSERT INTO users_student VALUES(466,466,'2',174.0,468,NULL,NULL);
INSERT INTO users_student VALUES(467,467,'2',150.0,469,NULL,NULL);
INSERT INTO users_student VALUES(468,468,'1',19.0,470,NULL,NULL);
INSERT INTO users_student VALUES(469,469,'1',154.99999999999999999,471,NULL,NULL);
INSERT INTO users_student VALUES(470,470,'1',194.0,472,NULL,NULL);
INSERT INTO users_student VALUES(471,471,'1',188.0,473,NULL,NULL);
INSERT INTO users_student VALUES(472,472,'2',142.99999999999999999,474,NULL,NULL);
INSERT INTO users_student VALUES(473,473,'2',81.000000000000000003,475,NULL,NULL);
INSERT INTO users_student VALUES(474,474,'1',85.0,476,NULL,NULL);
INSERT INTO users_student VALUES(475,475,'1',29.0,477,NULL,NULL);
INSERT INTO users_student VALUES(476,476,'2',96.000000000000000003,478,NULL,NULL);
INSERT INTO users_student VALUES(477,477,'2',22.0,479,NULL,NULL);
INSERT INTO users_student VALUES(478,478,'2',71.999999999999999998,480,NULL,NULL);
INSERT INTO users_student VALUES(479,479,'2',46.999999999999999998,481,NULL,NULL);
INSERT INTO users_student VALUES(480,480,'1',22.0,482,NULL,NULL);
INSERT INTO users_student VALUES(481,481,'1',160.0,483,NULL,NULL);
INSERT INTO users_student VALUES(482,482,'2',165.99999999999999999,484,NULL,NULL);
INSERT INTO users_student VALUES(483,483,'1',190.99999999999999999,485,NULL,NULL);
INSERT INTO users_student VALUES(484,484,'2',159.0,486,NULL,NULL);
INSERT INTO users_student VALUES(485,485,'1',98.000000000000000001,487,NULL,NULL);
INSERT INTO users_student VALUES(486,486,'1',5.0,488,NULL,NULL);
INSERT INTO users_student VALUES(487,487,'2',50.999999999999999999,489,NULL,NULL);
INSERT INTO users_student VALUES(488,488,'2',149.0,490,NULL,NULL);
INSERT INTO users_student VALUES(489,489,'1',139.99999999999999999,491,NULL,NULL);
INSERT INTO users_student VALUES(490,490,'2',32.0,492,NULL,NULL);
INSERT INTO users_student VALUES(491,491,'1',83.999999999999999996,493,NULL,NULL);
INSERT INTO users_student VALUES(492,492,'1',22.0,494,NULL,NULL);
INSERT INTO users_student VALUES(493,493,'2',141.99999999999999999,495,NULL,NULL);
INSERT INTO users_student VALUES(494,494,'1',48.000000000000000001,496,NULL,NULL);
INSERT INTO users_student VALUES(495,495,'1',22.0,497,NULL,NULL);
INSERT INTO users_student VALUES(496,496,'2',73.000000000000000001,498,NULL,NULL);
INSERT INTO users_student VALUES(497,497,'2',166.99999999999999999,499,NULL,NULL);
INSERT INTO users_student VALUES(498,498,'2',198.0,500,NULL,NULL);
INSERT INTO users_student VALUES(499,499,'2',165.99999999999999999,501,NULL,NULL);
INSERT INTO users_student VALUES(500,500,'1',22.0,502,NULL,NULL);
INSERT INTO users_student VALUES(501,501,'2',15.0,503,NULL,NULL);
INSERT INTO users_student VALUES(502,502,'2',86.000000000000000003,504,NULL,NULL);
INSERT INTO users_student VALUES(503,503,'2',129.99999999999999999,505,NULL,NULL);
CREATE TABLE IF NOT EXISTS "courses_subject_students" ("id" integer NOT NULL PRIMARY KEY AUTOINCREMENT, "subject_id" integer NOT NULL REFERENCES "courses_subject" ("id") DEFERRABLE INITIALLY DEFERRED, "student_id" integer NOT NULL REFERENCES "users_student" ("id") DEFERRABLE INITIALLY DEFERRED);
INSERT INTO courses_subject_students VALUES(1,1,1);
INSERT INTO courses_subject_students VALUES(2,1,4);
INSERT INTO courses_subject_students VALUES(3,1,5);
INSERT INTO courses_subject_students VALUES(4,1,6);
INSERT INTO courses_subject_students VALUES(5,1,7);
INSERT INTO courses_subject_students VALUES(6,1,8);
INSERT INTO courses_subject_students VALUES(7,1,9);
INSERT INTO courses_subject_students VALUES(8,1,10);
INSERT INTO courses_subject_students VALUES(9,1,11);
INSERT INTO courses_subject_students VALUES(10,1,12);
INSERT INTO courses_subject_students VALUES(11,1,13);
INSERT INTO courses_subject_students VALUES(12,1,14);
INSERT INTO courses_subject_students VALUES(13,1,15);
INSERT INTO courses_subject_students VALUES(14,1,16);
INSERT INTO courses_subject_students VALUES(15,1,17);
INSERT INTO courses_subject_students VALUES(16,1,18);
INSERT INTO courses_subject_students VALUES(17,1,19);
INSERT INTO courses_subject_students VALUES(18,1,20);
INSERT INTO courses_subject_students VALUES(19,1,21);
INSERT INTO courses_subject_students VALUES(20,1,22);
INSERT INTO courses_subject_students VALUES(21,1,23);
INSERT INTO courses_subject_students VALUES(22,1,24);
INSERT INTO courses_subject_students VALUES(23,1,25);
INSERT INTO courses_subject_students VALUES(24,1,26);
INSERT INTO courses_subject_students VALUES(25,1,27);
INSERT INTO courses_subject_students VALUES(26,1,28);
INSERT INTO courses_subject_students VALUES(27,1,29);
INSERT INTO courses_subject_students VALUES(28,1,30);
INSERT INTO courses_subject_students VALUES(29,1,31);
INSERT INTO courses_subject_students VALUES(30,1,32);
INSERT INTO courses_subject_students VALUES(31,1,33);
INSERT INTO courses_subject_students VALUES(32,1,34);
INSERT INTO courses_subject_students VALUES(33,1,35);
INSERT INTO courses_subject_students VALUES(34,1,36);
INSERT INTO courses_subject_students VALUES(35,1,37);
INSERT INTO courses_subject_students VALUES(36,1,38);
INSERT INTO courses_subject_students VALUES(37,1,39);
INSERT INTO courses_subject_students VALUES(38,1,40);
INSERT INTO courses_subject_students VALUES(39,1,41);
INSERT INTO courses_subject_students VALUES(40,1,42);
INSERT INTO courses_subject_students VALUES(41,1,43);
INSERT INTO courses_subject_students VALUES(42,1,44);
INSERT INTO courses_subject_students VALUES(43,1,45);
INSERT INTO courses_subject_students VALUES(44,1,46);
INSERT INTO courses_subject_students VALUES(45,1,47);
INSERT INTO courses_subject_students VALUES(46,1,48);
INSERT INTO courses_subject_students VALUES(47,1,49);
INSERT INTO courses_subject_students VALUES(48,1,50);
INSERT INTO courses_subject_students VALUES(49,1,51);
INSERT INTO courses_subject_students VALUES(50,1,52);
INSERT INTO courses_subject_students VALUES(51,1,53);
INSERT INTO courses_subject_students VALUES(52,1,54);
INSERT INTO courses_subject_students VALUES(53,1,55);
INSERT INTO courses_subject_students VALUES(54,1,56);
INSERT INTO courses_subject_students VALUES(55,1,57);
INSERT INTO courses_subject_students VALUES(56,1,58);
INSERT INTO courses_subject_students VALUES(57,1,59);
INSERT INTO courses_subject_students VALUES(58,1,60);
INSERT INTO courses_subject_students VALUES(59,1,61);
INSERT INTO courses_subject_students VALUES(60,1,62);
INSERT INTO courses_subject_students VALUES(61,1,63);
INSERT INTO courses_subject_students VALUES(62,1,64);
INSERT INTO courses_subject_students VALUES(63,1,65);
INSERT INTO courses_subject_students VALUES(64,1,66);
INSERT INTO courses_subject_students VALUES(65,1,67);
INSERT INTO courses_subject_students VALUES(66,1,68);
INSERT INTO courses_subject_students VALUES(67,1,69);
INSERT INTO courses_subject_students VALUES(68,1,70);
INSERT INTO courses_subject_students VALUES(69,1,71);
INSERT INTO courses_subject_students VALUES(70,1,72);
INSERT INTO courses_subject_students VALUES(71,1,73);
INSERT INTO courses_subject_students VALUES(72,1,74);
INSERT INTO courses_subject_students VALUES(73,1,75);
INSERT INTO courses_subject_students VALUES(74,1,76);
INSERT INTO courses_subject_students VALUES(75,1,77);
INSERT INTO courses_subject_students VALUES(76,1,78);
INSERT INTO courses_subject_students VALUES(77,1,79);
INSERT INTO courses_subject_students VALUES(78,1,80);
INSERT INTO courses_subject_students VALUES(79,1,81);
INSERT INTO courses_subject_students VALUES(80,1,82);
INSERT INTO courses_subject_students VALUES(81,1,83);
INSERT INTO courses_subject_students VALUES(82,1,84);
INSERT INTO courses_subject_students VALUES(83,1,85);
INSERT INTO courses_subject_students VALUES(84,1,86);
INSERT INTO courses_subject_students VALUES(85,1,87);
INSERT INTO courses_subject_students VALUES(86,1,88);
INSERT INTO courses_subject_students VALUES(87,1,89);
INSERT INTO courses_subject_students VALUES(88,1,90);
INSERT INTO courses_subject_students VALUES(89,1,91);
INSERT INTO courses_subject_students VALUES(90,1,92);
INSERT INTO courses_subject_students VALUES(91,1,93);
INSERT INTO courses_subject_students VALUES(92,1,94);
INSERT INTO courses_subject_students VALUES(93,1,95);
INSERT INTO courses_subject_students VALUES(94,1,96);
INSERT INTO courses_subject_students VALUES(95,1,97);
INSERT INTO courses_subject_students VALUES(96,1,98);
INSERT INTO courses_subject_students VALUES(97,1,99);
INSERT INTO courses_subject_students VALUES(98,1,100);
INSERT INTO courses_subject_students VALUES(99,1,101);
INSERT INTO courses_subject_students VALUES(100,1,102);
INSERT INTO courses_subject_students VALUES(101,1,103);
INSERT INTO courses_subject_students VALUES(102,1,104);
INSERT INTO courses_subject_students VALUES(103,1,105);
INSERT INTO courses_subject_students VALUES(104,1,106);
INSERT INTO courses_subject_students VALUES(105,1,107);
INSERT INTO courses_subject_students VALUES(106,1,108);
INSERT INTO courses_subject_students VALUES(107,1,109);
INSERT INTO courses_subject_students VALUES(108,1,110);
INSERT INTO courses_subject_students VALUES(109,1,111);
INSERT INTO courses_subject_students VALUES(110,1,112);
INSERT INTO courses_subject_students VALUES(111,1,113);
INSERT INTO courses_subject_students VALUES(112,1,114);
INSERT INTO courses_subject_students VALUES(113,1,115);
INSERT INTO courses_subject_students VALUES(114,1,116);
INSERT INTO courses_subject_students VALUES(115,1,117);
INSERT INTO courses_subject_students VALUES(116,1,118);
INSERT INTO courses_subject_students VALUES(117,1,119);
INSERT INTO courses_subject_students VALUES(118,1,120);
INSERT INTO courses_subject_students VALUES(119,1,121);
INSERT INTO courses_subject_students VALUES(120,1,122);
INSERT INTO courses_subject_students VALUES(121,1,123);
INSERT INTO courses_subject_students VALUES(122,1,124);
INSERT INTO courses_subject_students VALUES(123,1,125);
INSERT INTO courses_subject_students VALUES(124,1,126);
INSERT INTO courses_subject_students VALUES(125,1,127);
INSERT INTO courses_subject_students VALUES(126,1,128);
INSERT INTO courses_subject_students VALUES(127,1,129);
INSERT INTO courses_subject_students VALUES(128,1,130);
INSERT INTO courses_subject_students VALUES(129,1,131);
INSERT INTO courses_subject_students VALUES(130,1,132);
INSERT INTO courses_subject_students VALUES(131,1,133);
INSERT INTO courses_subject_students VALUES(132,1,134);
INSERT INTO courses_subject_students VALUES(133,1,135);
INSERT INTO courses_subject_students VALUES(134,1,136);
INSERT INTO courses_subject_students VALUES(135,1,137);
INSERT INTO courses_subject_students VALUES(136,1,138);
INSERT INTO courses_subject_students VALUES(137,1,139);
INSERT INTO courses_subject_students VALUES(138,1,140);
INSERT INTO courses_subject_students VALUES(139,1,141);
INSERT INTO courses_subject_students VALUES(140,1,142);
INSERT INTO courses_subject_students VALUES(141,1,143);
INSERT INTO courses_subject_students VALUES(142,1,144);
INSERT INTO courses_subject_students VALUES(143,1,145);
INSERT INTO courses_subject_students VALUES(144,1,146);
INSERT INTO courses_subject_students VALUES(145,1,147);
INSERT INTO courses_subject_students VALUES(146,1,148);
INSERT INTO courses_subject_students VALUES(147,1,149);
INSERT INTO courses_subject_students VALUES(148,1,150);
INSERT INTO courses_subject_students VALUES(149,1,151);
INSERT INTO courses_subject_students VALUES(150,1,152);
INSERT INTO courses_subject_students VALUES(151,1,153);
INSERT INTO courses_subject_students VALUES(152,1,154);
INSERT INTO courses_subject_students VALUES(153,1,155);
INSERT INTO courses_subject_students VALUES(154,1,156);
INSERT INTO courses_subject_students VALUES(155,1,157);
INSERT INTO courses_subject_students VALUES(156,1,158);
INSERT INTO courses_subject_students VALUES(157,1,159);
INSERT INTO courses_subject_students VALUES(158,1,160);
INSERT INTO courses_subject_students VALUES(159,1,161);
INSERT INTO courses_subject_students VALUES(160,1,162);
INSERT INTO courses_subject_students VALUES(161,1,163);
INSERT INTO courses_subject_students VALUES(162,1,164);
INSERT INTO courses_subject_students VALUES(163,1,165);
INSERT INTO courses_subject_students VALUES(164,1,166);
INSERT INTO courses_subject_students VALUES(165,1,167);
INSERT INTO courses_subject_students VALUES(166,1,168);
INSERT INTO courses_subject_students VALUES(167,1,169);
INSERT INTO courses_subject_students VALUES(168,1,170);
INSERT INTO courses_subject_students VALUES(169,1,171);
INSERT INTO courses_subject_students VALUES(170,1,172);
INSERT INTO courses_subject_students VALUES(171,1,173);
INSERT INTO courses_subject_students VALUES(172,1,174);
INSERT INTO courses_subject_students VALUES(173,1,175);
INSERT INTO courses_subject_students VALUES(174,1,176);
INSERT INTO courses_subject_students VALUES(175,1,177);
INSERT INTO courses_subject_students VALUES(176,1,178);
INSERT INTO courses_subject_students VALUES(177,1,179);
INSERT INTO courses_subject_students VALUES(178,1,180);
INSERT INTO courses_subject_students VALUES(179,1,181);
INSERT INTO courses_subject_students VALUES(180,1,182);
INSERT INTO courses_subject_students VALUES(181,1,183);
INSERT INTO courses_subject_students VALUES(182,1,184);
INSERT INTO courses_subject_students VALUES(183,1,185);
INSERT INTO courses_subject_students VALUES(184,1,186);
INSERT INTO courses_subject_students VALUES(185,1,187);
INSERT INTO courses_subject_students VALUES(186,1,188);
INSERT INTO courses_subject_students VALUES(187,1,189);
INSERT INTO courses_subject_students VALUES(188,1,190);
INSERT INTO courses_subject_students VALUES(189,1,191);
INSERT INTO courses_subject_students VALUES(190,1,192);
INSERT INTO courses_subject_students VALUES(191,1,193);
INSERT INTO courses_subject_students VALUES(192,1,194);
INSERT INTO courses_subject_students VALUES(193,1,195);
INSERT INTO courses_subject_students VALUES(194,1,196);
INSERT INTO courses_subject_students VALUES(195,1,197);
INSERT INTO courses_subject_students VALUES(196,1,198);
INSERT INTO courses_subject_students VALUES(197,1,199);
INSERT INTO courses_subject_students VALUES(198,1,200);
INSERT INTO courses_subject_students VALUES(199,1,201);
INSERT INTO courses_subject_students VALUES(200,1,202);
INSERT INTO courses_subject_students VALUES(201,1,203);
INSERT INTO courses_subject_students VALUES(202,1,204);
INSERT INTO courses_subject_students VALUES(203,1,205);
INSERT INTO courses_subject_students VALUES(204,1,206);
INSERT INTO courses_subject_students VALUES(205,1,207);
INSERT INTO courses_subject_students VALUES(206,1,208);
INSERT INTO courses_subject_students VALUES(207,1,209);
INSERT INTO courses_subject_students VALUES(208,1,210);
INSERT INTO courses_subject_students VALUES(209,1,211);
INSERT INTO courses_subject_students VALUES(210,1,212);
INSERT INTO courses_subject_students VALUES(211,1,213);
INSERT INTO courses_subject_students VALUES(212,1,214);
INSERT INTO courses_subject_students VALUES(213,1,215);
INSERT INTO courses_subject_students VALUES(214,1,216);
INSERT INTO courses_subject_students VALUES(215,1,217);
INSERT INTO courses_subject_students VALUES(216,1,218);
INSERT INTO courses_subject_students VALUES(217,1,219);
INSERT INTO courses_subject_students VALUES(218,1,220);
INSERT INTO courses_subject_students VALUES(219,1,221);
INSERT INTO courses_subject_students VALUES(220,1,222);
INSERT INTO courses_subject_students VALUES(221,1,223);
INSERT INTO courses_subject_students VALUES(222,1,224);
INSERT INTO courses_subject_students VALUES(223,1,225);
INSERT INTO courses_subject_students VALUES(224,1,226);
INSERT INTO courses_subject_students VALUES(225,1,227);
INSERT INTO courses_subject_students VALUES(226,1,228);
INSERT INTO courses_subject_students VALUES(227,1,229);
INSERT INTO courses_subject_students VALUES(228,1,230);
INSERT INTO courses_subject_students VALUES(229,1,231);
INSERT INTO courses_subject_students VALUES(230,1,232);
INSERT INTO courses_subject_students VALUES(231,1,233);
INSERT INTO courses_subject_students VALUES(232,1,234);
INSERT INTO courses_subject_students VALUES(233,1,235);
INSERT INTO courses_subject_students VALUES(234,1,236);
INSERT INTO courses_subject_students VALUES(235,1,237);
INSERT INTO courses_subject_students VALUES(236,1,238);
INSERT INTO courses_subject_students VALUES(237,1,239);
INSERT INTO courses_subject_students VALUES(238,1,240);
INSERT INTO courses_subject_students VALUES(239,1,241);
INSERT INTO courses_subject_students VALUES(240,1,242);
INSERT INTO courses_subject_students VALUES(241,1,243);
INSERT INTO courses_subject_students VALUES(242,1,244);
INSERT INTO courses_subject_students VALUES(243,1,245);
INSERT INTO courses_subject_students VALUES(244,1,246);
INSERT INTO courses_subject_students VALUES(245,1,247);
INSERT INTO courses_subject_students VALUES(246,1,248);
INSERT INTO courses_subject_students VALUES(247,1,249);
INSERT INTO courses_subject_students VALUES(248,1,250);
INSERT INTO courses_subject_students VALUES(249,1,251);
INSERT INTO courses_subject_students VALUES(250,1,252);
INSERT INTO courses_subject_students VALUES(251,1,253);
INSERT INTO courses_subject_students VALUES(252,1,254);
INSERT INTO courses_subject_students VALUES(253,1,255);
INSERT INTO courses_subject_students VALUES(254,1,256);
INSERT INTO courses_subject_students VALUES(255,1,257);
INSERT INTO courses_subject_students VALUES(256,1,258);
INSERT INTO courses_subject_students VALUES(257,1,259);
INSERT INTO courses_subject_students VALUES(258,1,260);
INSERT INTO courses_subject_students VALUES(259,1,261);
INSERT INTO courses_subject_students VALUES(260,1,262);
INSERT INTO courses_subject_students VALUES(261,1,263);
INSERT INTO courses_subject_students VALUES(262,1,264);
INSERT INTO courses_subject_students VALUES(263,1,265);
INSERT INTO courses_subject_students VALUES(264,1,266);
INSERT INTO courses_subject_students VALUES(265,1,267);
INSERT INTO courses_subject_students VALUES(266,1,268);
INSERT INTO courses_subject_students VALUES(267,1,269);
INSERT INTO courses_subject_students VALUES(268,1,270);
INSERT INTO courses_subject_students VALUES(269,1,271);
INSERT INTO courses_subject_students VALUES(270,1,272);
INSERT INTO courses_subject_students VALUES(271,1,273);
INSERT INTO courses_subject_students VALUES(272,1,274);
INSERT INTO courses_subject_students VALUES(273,1,275);
INSERT INTO courses_subject_students VALUES(274,1,276);
INSERT INTO courses_subject_students VALUES(275,1,277);
INSERT INTO courses_subject_students VALUES(276,1,278);
INSERT INTO courses_subject_students VALUES(277,1,279);
INSERT INTO courses_subject_students VALUES(278,1,280);
INSERT INTO courses_subject_students VALUES(279,1,281);
INSERT INTO courses_subject_students VALUES(280,1,282);
INSERT INTO courses_subject_students VALUES(281,1,283);
INSERT INTO courses_subject_students VALUES(282,1,284);
INSERT INTO courses_subject_students VALUES(283,1,285);
INSERT INTO courses_subject_students VALUES(284,1,286);
INSERT INTO courses_subject_students VALUES(285,1,287);
INSERT INTO courses_subject_students VALUES(286,1,288);
INSERT INTO courses_subject_students VALUES(287,1,289);
INSERT INTO courses_subject_students VALUES(288,1,290);
INSERT INTO courses_subject_students VALUES(289,1,291);
INSERT INTO courses_subject_students VALUES(290,1,292);
INSERT INTO courses_subject_students VALUES(291,1,293);
INSERT INTO courses_subject_students VALUES(292,1,294);
INSERT INTO courses_subject_students VALUES(293,1,295);
INSERT INTO courses_subject_students VALUES(294,1,296);
INSERT INTO courses_subject_students VALUES(295,1,297);
INSERT INTO courses_subject_students VALUES(296,1,298);
INSERT INTO courses_subject_students VALUES(297,1,299);
INSERT INTO courses_subject_students VALUES(298,1,300);
INSERT INTO courses_subject_students VALUES(299,1,301);
INSERT INTO courses_subject_students VALUES(300,1,302);
INSERT INTO courses_subject_students VALUES(301,1,303);
INSERT INTO courses_subject_students VALUES(302,1,304);
INSERT INTO courses_subject_students VALUES(303,1,305);
INSERT INTO courses_subject_students VALUES(304,1,306);
INSERT INTO courses_subject_students VALUES(305,1,307);
INSERT INTO courses_subject_students VALUES(306,1,308);
INSERT INTO courses_subject_students VALUES(307,1,309);
INSERT INTO courses_subject_students VALUES(308,1,310);
INSERT INTO courses_subject_students VALUES(309,1,311);
INSERT INTO courses_subject_students VALUES(310,1,312);
INSERT INTO courses_subject_students VALUES(311,1,313);
INSERT INTO courses_subject_students VALUES(312,1,314);
INSERT INTO courses_subject_students VALUES(313,1,315);
INSERT INTO courses_subject_students VALUES(314,1,316);
INSERT INTO courses_subject_students VALUES(315,1,317);
INSERT INTO courses_subject_students VALUES(316,1,318);
INSERT INTO courses_subject_students VALUES(317,1,319);
INSERT INTO courses_subject_students VALUES(318,1,320);
INSERT INTO courses_subject_students VALUES(319,1,321);
INSERT INTO courses_subject_students VALUES(320,1,322);
INSERT INTO courses_subject_students VALUES(321,1,323);
INSERT INTO courses_subject_students VALUES(322,1,324);
INSERT INTO courses_subject_students VALUES(323,1,325);
INSERT INTO courses_subject_students VALUES(324,1,326);
INSERT INTO courses_subject_students VALUES(325,1,327);
INSERT INTO courses_subject_students VALUES(326,1,328);
INSERT INTO courses_subject_students VALUES(327,1,329);
INSERT INTO courses_subject_students VALUES(328,1,330);
INSERT INTO courses_subject_students VALUES(329,1,331);
INSERT INTO courses_subject_students VALUES(330,1,332);
INSERT INTO courses_subject_students VALUES(331,1,333);
INSERT INTO courses_subject_students VALUES(332,1,334);
INSERT INTO courses_subject_students VALUES(333,1,335);
INSERT INTO courses_subject_students VALUES(334,1,336);
INSERT INTO courses_subject_students VALUES(335,1,337);
INSERT INTO courses_subject_students VALUES(336,1,338);
INSERT INTO courses_subject_students VALUES(337,1,339);
INSERT INTO courses_subject_students VALUES(338,1,340);
INSERT INTO courses_subject_students VALUES(339,1,341);
INSERT INTO courses_subject_students VALUES(340,1,342);
INSERT INTO courses_subject_students VALUES(341,1,343);
INSERT INTO courses_subject_students VALUES(342,1,344);
INSERT INTO courses_subject_students VALUES(343,1,345);
INSERT INTO courses_subject_students VALUES(344,1,346);
INSERT INTO courses_subject_students VALUES(345,1,347);
INSERT INTO courses_subject_students VALUES(346,1,348);
INSERT INTO courses_subject_students VALUES(347,1,349);
INSERT INTO courses_subject_students VALUES(348,1,350);
INSERT INTO courses_subject_students VALUES(349,1,351);
INSERT INTO courses_subject_students VALUES(350,1,352);
INSERT INTO courses_subject_students VALUES(351,1,353);
INSERT INTO courses_subject_students VALUES(352,1,354);
INSERT INTO courses_subject_students VALUES(353,1,355);
INSERT INTO courses_subject_students VALUES(354,1,356);
INSERT INTO courses_subject_students VALUES(355,1,357);
INSERT INTO courses_subject_students VALUES(356,1,358);
INSERT INTO courses_subject_students VALUES(357,1,359);
INSERT INTO courses_subject_students VALUES(358,1,360);
INSERT INTO courses_subject_students VALUES(359,1,361);
INSERT INTO courses_subject_students VALUES(360,1,362);
INSERT INTO courses_subject_students VALUES(361,1,363);
INSERT INTO courses_subject_students VALUES(362,1,364);
INSERT INTO courses_subject_students VALUES(363,1,365);
INSERT INTO courses_subject_students VALUES(364,1,366);
INSERT INTO courses_subject_students VALUES(365,1,367);
INSERT INTO courses_subject_students VALUES(366,1,368);
INSERT INTO courses_subject_students VALUES(367,1,369);
INSERT INTO courses_subject_students VALUES(368,1,370);
INSERT INTO courses_subject_students VALUES(369,1,371);
INSERT INTO courses_subject_students VALUES(370,1,372);
INSERT INTO courses_subject_students VALUES(371,1,373);
INSERT INTO courses_subject_students VALUES(372,1,374);
INSERT INTO courses_subject_students VALUES(373,1,375);
INSERT INTO courses_subject_students VALUES(374,1,376);
INSERT INTO courses_subject_students VALUES(375,1,377);
INSERT INTO courses_subject_students VALUES(376,1,378);
INSERT INTO courses_subject_students VALUES(377,1,379);
INSERT INTO courses_subject_students VALUES(378,1,380);
INSERT INTO courses_subject_students VALUES(379,1,381);
INSERT INTO courses_subject_students VALUES(380,1,382);
INSERT INTO courses_subject_students VALUES(381,1,383);
INSERT INTO courses_subject_students VALUES(382,1,384);
INSERT INTO courses_subject_students VALUES(383,1,385);
INSERT INTO courses_subject_students VALUES(384,1,386);
INSERT INTO courses_subject_students VALUES(385,1,387);
INSERT INTO courses_subject_students VALUES(386,1,388);
INSERT INTO courses_subject_students VALUES(387,1,389);
INSERT INTO courses_subject_students VALUES(388,1,390);
INSERT INTO courses_subject_students VALUES(389,1,391);
INSERT INTO courses_subject_students VALUES(390,1,392);
INSERT INTO courses_subject_students VALUES(391,1,393);
INSERT INTO courses_subject_students VALUES(392,1,394);
INSERT INTO courses_subject_students VALUES(393,1,395);
INSERT INTO courses_subject_students VALUES(394,1,396);
INSERT INTO courses_subject_students VALUES(395,1,397);
INSERT INTO courses_subject_students VALUES(396,1,398);
INSERT INTO courses_subject_students VALUES(397,1,399);
INSERT INTO courses_subject_students VALUES(398,1,400);
INSERT INTO courses_subject_students VALUES(399,1,401);
INSERT INTO courses_subject_students VALUES(400,1,402);
INSERT INTO courses_subject_students VALUES(401,1,403);
INSERT INTO courses_subject_students VALUES(402,1,404);
INSERT INTO courses_subject_students VALUES(403,1,405);
INSERT INTO courses_subject_students VALUES(404,1,406);
INSERT INTO courses_subject_students VALUES(405,1,407);
INSERT INTO courses_subject_students VALUES(406,1,408);
INSERT INTO courses_subject_students VALUES(407,1,409);
INSERT INTO courses_subject_students VALUES(408,1,410);
INSERT INTO courses_subject_students VALUES(409,1,411);
INSERT INTO courses_subject_students VALUES(410,1,412);
INSERT INTO courses_subject_students VALUES(411,1,413);
INSERT INTO courses_subject_students VALUES(412,1,414);
INSERT INTO courses_subject_students VALUES(413,1,415);
INSERT INTO courses_subject_students VALUES(414,1,416);
INSERT INTO courses_subject_students VALUES(415,1,417);
INSERT INTO courses_subject_students VALUES(416,1,418);
INSERT INTO courses_subject_students VALUES(417,1,419);
INSERT INTO courses_subject_students VALUES(418,1,420);
INSERT INTO courses_subject_students VALUES(419,1,421);
INSERT INTO courses_subject_students VALUES(420,1,422);
INSERT INTO courses_subject_students VALUES(421,1,423);
INSERT INTO courses_subject_students VALUES(422,1,424);
INSERT INTO courses_subject_students VALUES(423,1,425);
INSERT INTO courses_subject_students VALUES(424,1,426);
INSERT INTO courses_subject_students VALUES(425,1,427);
INSERT INTO courses_subject_students VALUES(426,1,428);
INSERT INTO courses_subject_students VALUES(427,1,429);
INSERT INTO courses_subject_students VALUES(428,1,430);
INSERT INTO courses_subject_students VALUES(429,1,431);
INSERT INTO courses_subject_students VALUES(430,1,432);
INSERT INTO courses_subject_students VALUES(431,1,433);
INSERT INTO courses_subject_students VALUES(432,1,434);
INSERT INTO courses_subject_students VALUES(433,1,435);
INSERT INTO courses_subject_students VALUES(434,1,436);
INSERT INTO courses_subject_students VALUES(435,1,437);
INSERT INTO courses_subject_students VALUES(436,1,438);
INSERT INTO courses_subject_students VALUES(437,1,439);
INSERT INTO courses_subject_students VALUES(438,1,440);
INSERT INTO courses_subject_students VALUES(439,1,441);
INSERT INTO courses_subject_students VALUES(440,1,442);
INSERT INTO courses_subject_students VALUES(441,1,443);
INSERT INTO courses_subject_students VALUES(442,1,444);
INSERT INTO courses_subject_students VALUES(443,1,445);
INSERT INTO courses_subject_students VALUES(444,1,446);
INSERT INTO courses_subject_students VALUES(445,1,447);
INSERT INTO courses_subject_students VALUES(446,1,448);
INSERT INTO courses_subject_students VALUES(447,1,449);
INSERT INTO courses_subject_students VALUES(448,1,450);
INSERT INTO courses_subject_students VALUES(449,1,451);
INSERT INTO courses_subject_students VALUES(450,1,452);
INSERT INTO courses_subject_students VALUES(451,1,453);
INSERT INTO courses_subject_students VALUES(452,1,454);
INSERT INTO courses_subject_students VALUES(453,1,455);
INSERT INTO courses_subject_students VALUES(454,1,456);
INSERT INTO courses_subject_students VALUES(455,1,457);
INSERT INTO courses_subject_students VALUES(456,1,458);
INSERT INTO courses_subject_students VALUES(457,1,459);
INSERT INTO courses_subject_students VALUES(458,1,460);
INSERT INTO courses_subject_students VALUES(459,1,461);
INSERT INTO courses_subject_students VALUES(460,1,462);
INSERT INTO courses_subject_students VALUES(461,1,463);
INSERT INTO courses_subject_students VALUES(462,1,464);
INSERT INTO courses_subject_students VALUES(463,1,465);
INSERT INTO courses_subject_students VALUES(464,1,466);
INSERT INTO courses_subject_students VALUES(465,1,467);
INSERT INTO courses_subject_students VALUES(466,1,468);
INSERT INTO courses_subject_students VALUES(467,1,469);
INSERT INTO courses_subject_students VALUES(468,1,470);
INSERT INTO courses_subject_students VALUES(469,1,471);
INSERT INTO courses_subject_students VALUES(470,1,472);
INSERT INTO courses_subject_students VALUES(471,1,473);
INSERT INTO courses_subject_students VALUES(472,1,474);
INSERT INTO courses_subject_students VALUES(473,1,475);
INSERT INTO courses_subject_students VALUES(474,1,476);
INSERT INTO courses_subject_students VALUES(475,1,477);
INSERT INTO courses_subject_students VALUES(476,1,478);
INSERT INTO courses_subject_students VALUES(477,1,479);
INSERT INTO courses_subject_students VALUES(478,1,480);
INSERT INTO courses_subject_students VALUES(479,1,481);
INSERT INTO courses_subject_students VALUES(480,1,482);
INSERT INTO courses_subject_students VALUES(481,1,483);
INSERT INTO courses_subject_students VALUES(482,1,484);
INSERT INTO courses_subject_students VALUES(483,1,485);
INSERT INTO courses_subject_students VALUES(484,1,486);
INSERT INTO courses_subject_students VALUES(485,1,487);
INSERT INTO courses_subject_students VALUES(486,1,488);
INSERT INTO courses_subject_students VALUES(487,1,489);
INSERT INTO courses_subject_students VALUES(488,1,490);
INSERT INTO courses_subject_students VALUES(489,1,491);
INSERT INTO courses_subject_students VALUES(490,1,492);
INSERT INTO courses_subject_students VALUES(491,1,493);
INSERT INTO courses_subject_students VALUES(492,1,494);
INSERT INTO courses_subject_students VALUES(493,1,495);
INSERT INTO courses_subject_students VALUES(494,1,496);
INSERT INTO courses_subject_students VALUES(495,1,497);
INSERT INTO courses_subject_students VALUES(496,1,498);
INSERT INTO courses_subject_students VALUES(497,1,499);
INSERT INTO courses_subject_students VALUES(498,1,500);
INSERT INTO courses_subject_students VALUES(499,1,501);
INSERT INTO courses_subject_students VALUES(500,1,502);
INSERT INTO courses_subject_students VALUES(501,1,503);
CREATE TABLE IF NOT EXISTS "courses_finalgrade" ("id" integer NOT NULL PRIMARY KEY AUTOINCREMENT, "eecc" varchar(1) NOT NULL, "grade" real NOT NULL, "student_id" integer NOT NULL REFERENCES "users_student" ("id") DEFERRABLE INITIALLY DEFERRED, "subject_id" integer NOT NULL REFERENCES "courses_subject" ("id") DEFERRABLE INITIALLY DEFERRED);
INSERT INTO courses_finalgrade VALUES(1,'d',10.0,1,1);
CREATE TABLE IF NOT EXISTS "courses_grade" ("id" integer NOT NULL PRIMARY KEY AUTOINCREMENT, "grade" real NOT NULL, "percentage" real NOT NULL, "designation" varchar(100) NOT NULL, "student_id" integer NOT NULL REFERENCES "users_student" ("id") DEFERRABLE INITIALLY DEFERRED, "subject_id" integer NOT NULL REFERENCES "courses_subject" ("id") DEFERRABLE INITIALLY DEFERRED);
INSERT INTO courses_grade VALUES(1,10.0,20.0,'Teste',1,1);
CREATE TABLE IF NOT EXISTS "organizations_room" ("id" integer NOT NULL PRIMARY KEY AUTOINCREMENT, "capacity" smallint unsigned NOT NULL, "building" smallint unsigned NOT NULL, "floor" smallint unsigned NOT NULL, "door" smallint unsigned NOT NULL, "department_id" integer NULL REFERENCES "organizations_department" ("id") DEFERRABLE INITIALLY DEFERRED, "faculty_id" integer NOT NULL REFERENCES "organizations_faculty" ("id") DEFERRABLE INITIALLY DEFERRED, "r_type" varchar(11) NOT NULL);
INSERT INTO organizations_room VALUES(1,30,1,2,21,1,1,'class');
CREATE TABLE IF NOT EXISTS "courses_subjectspecification" ("id" integer NOT NULL PRIMARY KEY AUTOINCREMENT, "ects" real NOT NULL, "code" varchar(10) NOT NULL, "programme" text NOT NULL, "objectives" text NOT NULL, "evaluation_method" text NOT NULL, "bibliography" text NOT NULL, "field_shifts" smallint NOT NULL, "lab_shifts" smallint NOT NULL, "practice_shifts" smallint NOT NULL, "theory_shifts" smallint NOT NULL);
INSERT INTO courses_subjectspecification VALUES(1,6.0,'1','terrível','passar','exame','slides',0,1,1,1);
CREATE TABLE IF NOT EXISTS "users_appuser" ("id" integer NOT NULL PRIMARY KEY AUTOINCREMENT, "password" varchar(128) NOT NULL, "last_login" datetime NULL, "is_superuser" bool NOT NULL, "username" varchar(150) NOT NULL UNIQUE, "first_name" varchar(30) NOT NULL, "last_name" varchar(150) NOT NULL, "email" varchar(254) NOT NULL, "is_staff" bool NOT NULL, "is_active" bool NOT NULL, "date_joined" datetime NOT NULL, "nif" integer unsigned NULL UNIQUE, "n_cc" integer unsigned NULL UNIQUE, "dob" date NULL, "institutional_email" varchar(254) NULL UNIQUE, "contact" integer unsigned NULL, "emergency_contact" integer unsigned NULL, "professional_occupation" text NULL, "country" varchar(2) NULL, "marital_status" varchar(8) NULL, "gender" varchar(1) NULL, "user_type" varchar(13) NULL, "display_image" varchar(100) NOT NULL);
INSERT INTO users_appuser VALUES(1,'pbkdf2_sha256$120000$IS2rpBtsWao2$QGcoVuCSm/3nWIB/maF1V09roJi9dRZ3cqDf9WQaDFQ=','2019-06-17 20:32:20.136951',1,'admin','Ana','Chascos','ola@adeus.com',1,1,'2019-03-23 17:47:38',NULL,NULL,NULL,'test@zelda.pt',NULL,NULL,'','AF',NULL,NULL,'Student','');
INSERT INTO users_appuser VALUES(2,'pbkdf2_sha256$120000$IS2rpBtsWao2$QGcoVuCSm/3nWIB/maF1V09roJi9dRZ3cqDf9WQaDFQ=','2019-06-10 20:41:32.034924',0,'fc1','Ze','Pombo','ze@pombo.pt',0,1,'2019-03-23 17:55:54',123456789,123456789,'1996-05-20','fc1@alunos.ulisboa.pt',123456789,987654321,'Estudante','AX','single','m','Student','index.jpeg');
INSERT INTO users_appuser VALUES(3,'pbkdf2_sha256$120000$ms0klmrs2MTh$w89Rk2oG+aL0G9TuiI8yLqiOKPeqqgbaYrwjkj8YFmY=','2019-06-09 23:57:04.763582',0,'p1','Zé','Melro','ze@melro.pt',0,1,'2019-03-23 18:02:58',12,12,'2019-03-18','p1@ulisboa.pt',333,21,'Professor','AX','single','m','Professor','index_jzl3tG6.jpeg');
INSERT INTO users_appuser VALUES(5,'pbkdf2_sha256$120000$eAmVaYalzCd5$hFdGFb9hDx7Bjo64q1zYHEega/0kY1wc9EcF5rZvr5g=',NULL,0,'rubenbranco','','','',0,1,'2019-04-02 19:58:18.609732',NULL,NULL,NULL,'test@ulisboa.pt',NULL,NULL,NULL,NULL,NULL,NULL,NULL,'');
INSERT INTO users_appuser VALUES(6,'pbkdf2_sha256$120000$go1611fTHEnD$55UHYmvCJcQS5IZb5OQm9VGMQCkg+GfnihK1ETJ4JyE=',NULL,0,'betty16','Edward','Baldwin','juanweiss@kelley.com',0,1,'2019-06-20 20:13:00.428485',NULL,NULL,NULL,'floydlaura@ulisboa.pt',NULL,NULL,NULL,'PT',NULL,NULL,'Student','');
INSERT INTO users_appuser VALUES(7,'pbkdf2_sha256$120000$51GumsbJbEFP$wsp6fjyCHIHHh8KYusRFQipdUXwkjp6MakkQ11cs8Ek=',NULL,0,'belindamatthews','Michael','Harrison','robert81@chambers.info',0,1,'2019-06-20 20:13:00.622357',NULL,NULL,NULL,'shelly75@ulisboa.pt',NULL,NULL,NULL,'PT',NULL,NULL,'Student','');
INSERT INTO users_appuser VALUES(8,'pbkdf2_sha256$120000$6cq5aWLMtoZm$zLOG4XsqRRV55FaIN7w3hws6IsV/BeiwvLZnDF687H8=',NULL,0,'larsonallison','John','Miller','hamiltontheresa@davis.com',0,1,'2019-06-20 20:13:00.809480',NULL,NULL,NULL,'weaverwendy@ulisboa.pt',NULL,NULL,NULL,'PT',NULL,NULL,'Student','');
INSERT INTO users_appuser VALUES(9,'pbkdf2_sha256$120000$AuahpetAmawV$+BZkrzgJXdkLQjZnGiMvXeVdU2bweZun6MiCHhKI/7w=',NULL,0,'dgreer','Michael','Rodriguez','halemary@yahoo.com',0,1,'2019-06-20 20:13:00.991745',NULL,NULL,NULL,'wilsonjose@ulisboa.pt',NULL,NULL,NULL,'PT',NULL,NULL,'Student','');
INSERT INTO users_appuser VALUES(10,'pbkdf2_sha256$120000$58abxu98s6U9$rL8gGWqcxWExpVqEqTXjceXJqDp+vVxhGVorPOV/PTs=',NULL,0,'deannacollins','Darren','Hale','megan03@thomas-diaz.biz',0,1,'2019-06-20 20:13:01.174013',NULL,NULL,NULL,'matthewhayes@ulisboa.pt',NULL,NULL,NULL,'PT',NULL,NULL,'Student','');
INSERT INTO users_appuser VALUES(11,'pbkdf2_sha256$120000$jID5BfW9eLiM$Mp2P+1njZmvNffHIzIM6+CUrI3gHXMW+Lj6pU8g2SbU=',NULL,0,'matthewsmith','Amanda','Lester','juliakennedy@hotmail.com',0,1,'2019-06-20 20:13:01.354672',NULL,NULL,NULL,'stephaniehowell@ulisboa.pt',NULL,NULL,NULL,'PT',NULL,NULL,'Student','');
INSERT INTO users_appuser VALUES(12,'pbkdf2_sha256$120000$P1xsLt3tom8m$uwWuz/HEDOIMKJuoifEnkWVgfmM2Ho2+rZ88uFOfMoo=',NULL,0,'williamfoster','Jordan','Miller','williamjimenez@mann-baker.com',0,1,'2019-06-20 20:13:01.519534',NULL,NULL,NULL,'debbiewatkins@ulisboa.pt',NULL,NULL,NULL,'PT',NULL,NULL,'Student','');
INSERT INTO users_appuser VALUES(13,'pbkdf2_sha256$120000$6bujEDfjsP6m$ZHgJBUk+xPLvVJUHLO/3/qnii7S++nh9BG/NB3MKmw8=',NULL,0,'iboyd','Scott','Patterson','privera@hotmail.com',0,1,'2019-06-20 20:13:01.710967',NULL,NULL,NULL,'dennis99@ulisboa.pt',NULL,NULL,NULL,'PT',NULL,NULL,'Student','');
INSERT INTO users_appuser VALUES(14,'pbkdf2_sha256$120000$r80AOnvyPaKt$PYFF9trxsEgpiPPiqFn8qsxvPd6snud5vsQuZ8Jmn1U=',NULL,0,'cthomas','Justin','Russell','kimsherry@sullivan.biz',0,1,'2019-06-20 20:13:01.882326',NULL,NULL,NULL,'gdiaz@ulisboa.pt',NULL,NULL,NULL,'PT',NULL,NULL,'Student','');
INSERT INTO users_appuser VALUES(15,'pbkdf2_sha256$120000$TWeRRaYFLqIN$lKwvNYBklzrr659WeAp8o0er+pQICJ9K6F/t4XhtfZs=',NULL,0,'loriwelch','Samuel','Young','shawngriffin@gmail.com',0,1,'2019-06-20 20:13:02.153074',NULL,NULL,NULL,'jwilliams@ulisboa.pt',NULL,NULL,NULL,'PT',NULL,NULL,'Student','');
INSERT INTO users_appuser VALUES(16,'pbkdf2_sha256$120000$W5fatlq3OGRd$lXJbAOmRQDzCJc9E2XCxXUIHT1ZXI46cU5EqRmGk8qE=',NULL,0,'kylemiles','Keith','West','rogerskristy@robinson.com',0,1,'2019-06-20 20:13:02.335813',NULL,NULL,NULL,'twilliams@ulisboa.pt',NULL,NULL,NULL,'PT',NULL,NULL,'Student','');
INSERT INTO users_appuser VALUES(17,'pbkdf2_sha256$120000$N4ox7V8OIdf8$Bndlgzn2CA7eewtplC8R6wwGoIHLS7BMMU9S6s4oUi8=',NULL,0,'vgilbert','Bryan','Brooks','vwagner@gmail.com',0,1,'2019-06-20 20:13:02.509847',NULL,NULL,NULL,'carriemartinez@ulisboa.pt',NULL,NULL,NULL,'PT',NULL,NULL,'Student','');
INSERT INTO users_appuser VALUES(18,'pbkdf2_sha256$120000$A5LH19JIKpZ6$ZilS65UVH+BsOplpjhS16N3Aw5PbOo3Ub3DCQKabobs=',NULL,0,'brian54','Destiny','Hall','jesserubio@reed.com',0,1,'2019-06-20 20:13:02.684523',NULL,NULL,NULL,'owade@ulisboa.pt',NULL,NULL,NULL,'PT',NULL,NULL,'Student','');
INSERT INTO users_appuser VALUES(19,'pbkdf2_sha256$120000$ud0invnwtuQt$ptHjerWGdVVsan0RvSNdVanNq1ne7Rw1p8Sj/JQdlKY=',NULL,0,'michellefrank','Bradley','Savage','angelica44@marquez.com',0,1,'2019-06-20 20:13:02.858952',NULL,NULL,NULL,'michael80@ulisboa.pt',NULL,NULL,NULL,'PT',NULL,NULL,'Student','');
INSERT INTO users_appuser VALUES(20,'pbkdf2_sha256$120000$gG37sco2N62t$6SQRAT75J6uMuvLMk0IVBDEKqZRmup0WusR0b/3EWgE=',NULL,0,'eramirez','Tyler','Murphy','greenesarah@meyer.com',0,1,'2019-06-20 20:13:03.029383',NULL,NULL,NULL,'guerraricky@ulisboa.pt',NULL,NULL,NULL,'PT',NULL,NULL,'Student','');
INSERT INTO users_appuser VALUES(21,'pbkdf2_sha256$120000$SoAt9A13bXSR$o5W7soBcRrKFACUeFLkyXvgphwcaiGYEKA8s9SqrIXI=',NULL,0,'johngross','Jamie','Miller','ojones@goodman.com',0,1,'2019-06-20 20:13:03.208984',NULL,NULL,NULL,'jessicabarber@ulisboa.pt',NULL,NULL,NULL,'PT',NULL,NULL,'Student','');
INSERT INTO users_appuser VALUES(22,'pbkdf2_sha256$120000$ifGH8nrN79Gl$Uw4Dx1dhNy4KGKVl6OanIlqW0TrZEWF5BzapUvqx2RE=',NULL,0,'timothy11','Michael','Carpenter','psimmons@richards.com',0,1,'2019-06-20 20:13:03.377355',NULL,NULL,NULL,'jonathanchristensen@ulisboa.pt',NULL,NULL,NULL,'PT',NULL,NULL,'Student','');
INSERT INTO users_appuser VALUES(23,'pbkdf2_sha256$120000$zj4oQWxbOTCC$Cj4rHfpmt+tSp+Wd1K5oVhMPAiP+PMMlggaUm/hD0yA=',NULL,0,'cannonangela','Tammie','Wilson','danacastillo@gmail.com',0,1,'2019-06-20 20:13:03.552460',NULL,NULL,NULL,'bakerderrick@ulisboa.pt',NULL,NULL,NULL,'PT',NULL,NULL,'Student','');
INSERT INTO users_appuser VALUES(24,'pbkdf2_sha256$120000$xUEugF8fVKlm$aLYLPce6M7JRWgSX+MChvI9CtzsJKhtN2oIxrIgnag0=',NULL,0,'zwilkins','Allen','Davis','robert49@yahoo.com',0,1,'2019-06-20 20:13:03.734501',NULL,NULL,NULL,'dgriffin@ulisboa.pt',NULL,NULL,NULL,'PT',NULL,NULL,'Student','');
INSERT INTO users_appuser VALUES(25,'pbkdf2_sha256$120000$MGCtya2EAOCM$U4RshL/9UZk2MTYD+t871W1F9LepldlMwkweE9bPpD0=',NULL,0,'carlsondarren','Kenneth','Ellis','vwilkins@knight.com',0,1,'2019-06-20 20:13:03.917693',NULL,NULL,NULL,'michelle98@ulisboa.pt',NULL,NULL,NULL,'PT',NULL,NULL,'Student','');
INSERT INTO users_appuser VALUES(26,'pbkdf2_sha256$120000$CHy2lQj4mzUv$3EeGsoqEtMIs/mZMGWT1BZOh3nKutBdKiIZMbCnNUB4=',NULL,0,'fperry','Debra','Mcdaniel','candace68@gmail.com',0,1,'2019-06-20 20:13:04.093674',NULL,NULL,NULL,'carrie13@ulisboa.pt',NULL,NULL,NULL,'PT',NULL,NULL,'Student','');
INSERT INTO users_appuser VALUES(27,'pbkdf2_sha256$120000$1ShokEvH5X4P$Bu+YY8f1ep9ur5eIcumUJZJ62K5hw1IoimsAyrkGv48=',NULL,0,'phillipstimothy','David','Frazier','melissamoore@jackson.org',0,1,'2019-06-20 20:13:04.281419',NULL,NULL,NULL,'paulacox@ulisboa.pt',NULL,NULL,NULL,'PT',NULL,NULL,'Student','');
INSERT INTO users_appuser VALUES(28,'pbkdf2_sha256$120000$XY8ALXteFwTI$Nl7YS34RYTu/5YBNvONQAYLU+4zMHQ58gIsydhoRN8c=',NULL,0,'qbrady','Zachary','Powell','robertwang@gmail.com',0,1,'2019-06-20 20:13:04.449042',NULL,NULL,NULL,'dillonluke@ulisboa.pt',NULL,NULL,NULL,'PT',NULL,NULL,'Student','');
INSERT INTO users_appuser VALUES(29,'pbkdf2_sha256$120000$504K2vLYswtZ$VPVX9F/HeO4BavfrIdsJdizeYie69bGMZ8efR/cTgD4=',NULL,0,'mooreebony','Kathy','Harvey','adam69@gmail.com',0,1,'2019-06-20 20:13:04.636673',NULL,NULL,NULL,'dawsonedward@ulisboa.pt',NULL,NULL,NULL,'PT',NULL,NULL,'Student','');
INSERT INTO users_appuser VALUES(30,'pbkdf2_sha256$120000$9aI5yDjkXMyV$Jm7sRzK5NwZ1lzuFPyX30uHmFbeLBezu8RRzl85cGN4=',NULL,0,'jacob47','Brian','Thomas','erinbutler@griffin.com',0,1,'2019-06-20 20:13:04.810305',NULL,NULL,NULL,'ashleywilliams@ulisboa.pt',NULL,NULL,NULL,'PT',NULL,NULL,'Student','');
INSERT INTO users_appuser VALUES(31,'pbkdf2_sha256$120000$leIoZbHradne$TFVP5bqVTj6a6qa7NVhGgh/HyfxeR7xVQEd6qT4lEuw=',NULL,0,'kelly92','Michele','Reed','burgesspeter@cook.com',0,1,'2019-06-20 20:13:04.991517',NULL,NULL,NULL,'nhoffman@ulisboa.pt',NULL,NULL,NULL,'PT',NULL,NULL,'Student','');
INSERT INTO users_appuser VALUES(32,'pbkdf2_sha256$120000$wG2VxRiii2lC$bVxTwCUUIsXK48OcPxDMp/X6tM9Maw24fHehELxCT84=',NULL,0,'leeeugene','Amy','Yates','johnnolan@yahoo.com',0,1,'2019-06-20 20:13:05.160292',NULL,NULL,NULL,'blairmallory@ulisboa.pt',NULL,NULL,NULL,'PT',NULL,NULL,'Student','');
INSERT INTO users_appuser VALUES(33,'pbkdf2_sha256$120000$djZhpZ7wj1gO$i7jqy+/XInng83cOCpKr/NtRqPoKXPtmEkegOA5uQDg=',NULL,0,'melindanguyen','Daniel','Padilla','sandovalkyle@gmail.com',0,1,'2019-06-20 20:13:05.325009',NULL,NULL,NULL,'christophergreen@ulisboa.pt',NULL,NULL,NULL,'PT',NULL,NULL,'Student','');
INSERT INTO users_appuser VALUES(34,'pbkdf2_sha256$120000$YLvEijfrsvRi$fV5bj2GLlvcJPy4NF6i/6eOnW5P8FJ0prk7UXdADSJQ=',NULL,0,'nmolina','Mindy','Rush','uwhite@gmail.com',0,1,'2019-06-20 20:13:05.492005',NULL,NULL,NULL,'matarebecca@ulisboa.pt',NULL,NULL,NULL,'PT',NULL,NULL,'Student','');
INSERT INTO users_appuser VALUES(35,'pbkdf2_sha256$120000$Vtq2xb8wZUCY$0fsScAso3Uy1oWSA10rcglYfwr/Qe0INxMTUtMA1V84=',NULL,0,'jberry','Bethany','Mccormick','rhunter@gmail.com',0,1,'2019-06-20 20:13:05.663776',NULL,NULL,NULL,'wsingh@ulisboa.pt',NULL,NULL,NULL,'PT',NULL,NULL,'Student','');
INSERT INTO users_appuser VALUES(36,'pbkdf2_sha256$120000$ZCW9fHh6rnuK$veFEscbByB3M9zH5TJuWJmhwKhPq1Sd07iDtLXLWV3Y=',NULL,0,'eprince','Kathryn','Chase','chanlogan@gmail.com',0,1,'2019-06-20 20:13:05.835510',NULL,NULL,NULL,'ogreene@ulisboa.pt',NULL,NULL,NULL,'PT',NULL,NULL,'Student','');
INSERT INTO users_appuser VALUES(37,'pbkdf2_sha256$120000$UZO9zBGU992G$VCZSRLo4bPN4SF/8Oa6G53aKLpkdXsG0HckpbfZSlac=',NULL,0,'pachecodonald','Sharon','Callahan','lawrencealec@hotmail.com',0,1,'2019-06-20 20:13:06.010687',NULL,NULL,NULL,'collinsmorgan@ulisboa.pt',NULL,NULL,NULL,'PT',NULL,NULL,'Student','');
INSERT INTO users_appuser VALUES(38,'pbkdf2_sha256$120000$l3SzKrQ3IEf1$nFnENPSiwnlBUa5GYdVSms8EpTxngIrK3V347qzqC7M=',NULL,0,'marcgomez','Jamie','Mcbride','zdean@gmail.com',0,1,'2019-06-20 20:13:06.188996',NULL,NULL,NULL,'jennifersingh@ulisboa.pt',NULL,NULL,NULL,'PT',NULL,NULL,'Student','');
INSERT INTO users_appuser VALUES(39,'pbkdf2_sha256$120000$ZWEPRG602ozB$dWY7M2cFBRBjvgVAe7EhObgkD+PZBI3FIc2R9gQZsXY=',NULL,0,'wmcmillan','Yvette','Bartlett','curtisdanny@yahoo.com',0,1,'2019-06-20 20:13:06.364225',NULL,NULL,NULL,'donaldjohnson@ulisboa.pt',NULL,NULL,NULL,'PT',NULL,NULL,'Student','');
INSERT INTO users_appuser VALUES(40,'pbkdf2_sha256$120000$Dn2m2oL1YCRw$yf9PccR+szH+wwWImWzQ9lXNMxLg2TQZHTE1P2oX25Y=',NULL,0,'benjamin32','Thomas','Valencia','charlesritter@yahoo.com',0,1,'2019-06-20 20:13:06.540321',NULL,NULL,NULL,'antoniocalderon@ulisboa.pt',NULL,NULL,NULL,'PT',NULL,NULL,'Student','');
INSERT INTO users_appuser VALUES(41,'pbkdf2_sha256$120000$O92USc2NFJaW$r8Tq7M7wEZNoZob1MIPgsqBaUrHG5hEvprD3kOBRvcM=',NULL,0,'bgriffith','Rodney','Rivera','zbutler@garcia.com',0,1,'2019-06-20 20:13:06.715108',NULL,NULL,NULL,'ybrennan@ulisboa.pt',NULL,NULL,NULL,'PT',NULL,NULL,'Student','');
INSERT INTO users_appuser VALUES(42,'pbkdf2_sha256$120000$qPP2GUthyo9l$QjyvduLBmoFGIRbGn+IliEccsAo/Wjoj6KIyzSvFsgY=',NULL,0,'nthomas','Jacob','Levy','ithomas@simpson-king.com',0,1,'2019-06-20 20:13:06.891769',NULL,NULL,NULL,'floydbrenda@ulisboa.pt',NULL,NULL,NULL,'PT',NULL,NULL,'Student','');
INSERT INTO users_appuser VALUES(43,'pbkdf2_sha256$120000$Ci7xqB07wVwP$pqfVKECYJIDUMkXcGTwaWMBFeuT1+pIaOmCT432+Bvo=',NULL,0,'rhodeszachary','Jeremy','Simpson','kayla46@rodriguez.com',0,1,'2019-06-20 20:13:07.075686',NULL,NULL,NULL,'anthony58@ulisboa.pt',NULL,NULL,NULL,'PT',NULL,NULL,'Student','');
INSERT INTO users_appuser VALUES(44,'pbkdf2_sha256$120000$0g6hgyXUtFar$RUO7IxN1Zg/HgjswYIwvlPdBNYBFAOFzF1rjOMGQjUY=',NULL,0,'daniel36','Todd','Sloan','annettelozano@barajas.com',0,1,'2019-06-20 20:13:07.240369',NULL,NULL,NULL,'alexispitts@ulisboa.pt',NULL,NULL,NULL,'PT',NULL,NULL,'Student','');
INSERT INTO users_appuser VALUES(45,'pbkdf2_sha256$120000$0X3sodelEQhb$I1D7z4rkL5Wy+WqgiUjx0eU1fhkMYTNavG5K1IHs4VY=',NULL,0,'johnsonkimberly','David','Rangel','amy99@carey.com',0,1,'2019-06-20 20:13:07.405854',NULL,NULL,NULL,'mhamilton@ulisboa.pt',NULL,NULL,NULL,'PT',NULL,NULL,'Student','');
INSERT INTO users_appuser VALUES(46,'pbkdf2_sha256$120000$Iyh2bLq03GvK$skpyPKnqG2FAxXjXHdVPiIU4EPuqBGTdk3xusJ9gHkg=',NULL,0,'amandafarrell','John','Bender','whiteangela@ayala-morgan.org',0,1,'2019-06-20 20:13:07.568258',NULL,NULL,NULL,'hoffmanwilliam@ulisboa.pt',NULL,NULL,NULL,'PT',NULL,NULL,'Student','');
INSERT INTO users_appuser VALUES(47,'pbkdf2_sha256$120000$Hr0OYiNSdkUS$ugK7K2kOn/0biqdPKIrHkiJv0wR8kqe+7xeQyFrcJRU=',NULL,0,'hbarrera','Lee','Sandoval','miguel85@jackson.com',0,1,'2019-06-20 20:13:07.746484',NULL,NULL,NULL,'hyang@ulisboa.pt',NULL,NULL,NULL,'PT',NULL,NULL,'Student','');
INSERT INTO users_appuser VALUES(48,'pbkdf2_sha256$120000$afVCWZtJrLQV$80cub6h5dIuz87W+F9q26OGxNcrXpRZicK2XR30bLeU=',NULL,0,'bwalton','Kathryn','Paul','mmckee@hotmail.com',0,1,'2019-06-20 20:13:07.911893',NULL,NULL,NULL,'colleenjenkins@ulisboa.pt',NULL,NULL,NULL,'PT',NULL,NULL,'Student','');
INSERT INTO users_appuser VALUES(49,'pbkdf2_sha256$120000$iRkghB2qLG6I$s5CWKXr/Oig+qNV/vsq3Zgxap2UoD3iRIbEENiIU+FI=',NULL,0,'adam98','Christina','Wells','alejandronewton@duke.com',0,1,'2019-06-20 20:13:08.091288',NULL,NULL,NULL,'ramseyjohn@ulisboa.pt',NULL,NULL,NULL,'PT',NULL,NULL,'Student','');
INSERT INTO users_appuser VALUES(50,'pbkdf2_sha256$120000$c1W2eSWsRkcX$eQ/Ch4fhfk4sLtIAD+817BzDNAaQ982RomQlpwnTzFk=',NULL,0,'martinstephanie','Daniel','Cooper','hannakimberly@gmail.com',0,1,'2019-06-20 20:13:08.268399',NULL,NULL,NULL,'jhowell@ulisboa.pt',NULL,NULL,NULL,'PT',NULL,NULL,'Student','');
INSERT INTO users_appuser VALUES(51,'pbkdf2_sha256$120000$KIZvnVvs0Lwe$8UcyLRT3DgPjJBnS6MCOhVFm4TcHNLEbaR3Kn9e0O3Q=',NULL,0,'rachelsandoval','Andrew','Freeman','nayala@hotmail.com',0,1,'2019-06-20 20:13:08.438438',NULL,NULL,NULL,'david57@ulisboa.pt',NULL,NULL,NULL,'PT',NULL,NULL,'Student','');
INSERT INTO users_appuser VALUES(52,'pbkdf2_sha256$120000$Uxoe9gAEfwgZ$tVBhZlh3+n9zPJf7ijLGBXbb6tiV5/0NXMXIkGQOLxk=',NULL,0,'heatherschneider','Cynthia','Nichols','fbrady@yahoo.com',0,1,'2019-06-20 20:13:08.607974',NULL,NULL,NULL,'buchananphilip@ulisboa.pt',NULL,NULL,NULL,'PT',NULL,NULL,'Student','');
INSERT INTO users_appuser VALUES(53,'pbkdf2_sha256$120000$pv1ZLn5xfVEw$/UOSSiHQPBa/qy1s3YnoUcbRcAnJ4RxsZRyY2Ckn6EM=',NULL,0,'michael13','Michelle','Wagner','cortezdavid@mendoza.com',0,1,'2019-06-20 20:13:08.794321',NULL,NULL,NULL,'gblack@ulisboa.pt',NULL,NULL,NULL,'PT',NULL,NULL,'Student','');
INSERT INTO users_appuser VALUES(54,'pbkdf2_sha256$120000$3YuogYS8n2lo$XQFYGDOcBd+Goyp77UD8g0tBivsPDfQfZMSAxqSvnjc=',NULL,0,'fcisneros','Erik','Travis','carolyn46@hotmail.com',0,1,'2019-06-20 20:13:08.964508',NULL,NULL,NULL,'hickmandarryl@ulisboa.pt',NULL,NULL,NULL,'PT',NULL,NULL,'Student','');
INSERT INTO users_appuser VALUES(55,'pbkdf2_sha256$120000$EFOcxQsZSyfi$rW01FoLnkCjhJgOBQj4gdzclmWYas8yPB0RDh+ClUzc=',NULL,0,'john20','Diana','Moran','davidmoore@chavez.com',0,1,'2019-06-20 20:13:09.149557',NULL,NULL,NULL,'brodriguez@ulisboa.pt',NULL,NULL,NULL,'PT',NULL,NULL,'Student','');
INSERT INTO users_appuser VALUES(56,'pbkdf2_sha256$120000$KV1q65Me28Y0$RdW7EZdA1G+ZUt0niGHj7Rl0KfW3OxExLq2PDaZpF+w=',NULL,0,'dawnlewis','Joseph','Wilson','morriskaren@yahoo.com',0,1,'2019-06-20 20:13:09.312989',NULL,NULL,NULL,'jennifer79@ulisboa.pt',NULL,NULL,NULL,'PT',NULL,NULL,'Student','');
INSERT INTO users_appuser VALUES(57,'pbkdf2_sha256$120000$pd4jum92VAf0$Af190lepdI53gEQK0WdPNlLQcJnWCxnF2F3hQydX0pA=',NULL,0,'barberronald','Heather','Williams','parkeramanda@hotmail.com',0,1,'2019-06-20 20:13:09.491600',NULL,NULL,NULL,'thompsonnathan@ulisboa.pt',NULL,NULL,NULL,'PT',NULL,NULL,'Student','');
INSERT INTO users_appuser VALUES(58,'pbkdf2_sha256$120000$9LnOD9Gx3QzL$4KE9BHuuTEk1I6cUBhwxl93m0CeV9jf2vfVF+MPw0qg=',NULL,0,'aaron01','Christopher','Nguyen','jamessusan@wells.com',0,1,'2019-06-20 20:13:09.655921',NULL,NULL,NULL,'krussell@ulisboa.pt',NULL,NULL,NULL,'PT',NULL,NULL,'Student','');
INSERT INTO users_appuser VALUES(59,'pbkdf2_sha256$120000$DxYfdyNz0ZXU$jEn/fo5Ceica0no0vcg2htm7H95PdYF3GiccQJls+yI=',NULL,0,'michael55','Mark','Jordan','bsullivan@rios.com',0,1,'2019-06-20 20:13:09.838699',NULL,NULL,NULL,'david82@ulisboa.pt',NULL,NULL,NULL,'PT',NULL,NULL,'Student','');
INSERT INTO users_appuser VALUES(60,'pbkdf2_sha256$120000$GgW7G5lQ0Bcv$I4deX0rNiKbsj2wmDLJhY1+kzzizFg8MpFy8ScaJQuk=',NULL,0,'arnoldsamantha','Brenda','White','wrightkaren@gmail.com',0,1,'2019-06-20 20:13:10.014656',NULL,NULL,NULL,'mcdanielcarolyn@ulisboa.pt',NULL,NULL,NULL,'PT',NULL,NULL,'Student','');
INSERT INTO users_appuser VALUES(61,'pbkdf2_sha256$120000$ioHjBHc2lokA$a62kkGt+HLBL3uH7KAm1cBCfi/VZufarFLjogdQ261U=',NULL,0,'michael33','Sharon','Fox','cfoster@jones.biz',0,1,'2019-06-20 20:13:10.203950',NULL,NULL,NULL,'browntimothy@ulisboa.pt',NULL,NULL,NULL,'PT',NULL,NULL,'Student','');
INSERT INTO users_appuser VALUES(62,'pbkdf2_sha256$120000$fxUm4QZuJiZN$Cuhyt1/HYYxqp73lslcfpFm4oH2iLr8WlF+2UG74fpg=',NULL,0,'lauralindsey','Kyle','Fowler','martinezaaron@zimmerman-hampton.net',0,1,'2019-06-20 20:13:10.391242',NULL,NULL,NULL,'jessica07@ulisboa.pt',NULL,NULL,NULL,'PT',NULL,NULL,'Student','');
INSERT INTO users_appuser VALUES(63,'pbkdf2_sha256$120000$XSCQjw6JvaPy$X+ENB2NdbFj98dc7ofKggEdjjtoJ7tWcwS/4Rmvjjoo=',NULL,0,'sabrinamendez','Stephen','Adams','bradley74@gmail.com',0,1,'2019-06-20 20:13:10.586205',NULL,NULL,NULL,'andersonscott@ulisboa.pt',NULL,NULL,NULL,'PT',NULL,NULL,'Student','');
INSERT INTO users_appuser VALUES(64,'pbkdf2_sha256$120000$3nvkHIzMTJSR$/WZJEYmjfzNsDA3F/SYEEnvx/ei3bwiOv8f7jsijme8=',NULL,0,'oanderson','Jodi','Barber','thomashoward@riley.org',0,1,'2019-06-20 20:13:10.754025',NULL,NULL,NULL,'perezjohn@ulisboa.pt',NULL,NULL,NULL,'PT',NULL,NULL,'Student','');
INSERT INTO users_appuser VALUES(65,'pbkdf2_sha256$120000$OikH6ICNW7yi$wl0Rgp+n/gwUR/kzecwAmyOCidj9f/wnrvRAoFhtIYo=',NULL,0,'scottgates','Jennifer','Freeman','ealvarez@walker.biz',0,1,'2019-06-20 20:13:10.928512',NULL,NULL,NULL,'willisjeffrey@ulisboa.pt',NULL,NULL,NULL,'PT',NULL,NULL,'Student','');
INSERT INTO users_appuser VALUES(66,'pbkdf2_sha256$120000$1U9aPVbPsxiq$f06Eqzu9ik1JBvz1c2Fvrh9JB+xVHtITJHI2rY74Dx8=',NULL,0,'william98','Antonio','Richards','pfischer@yahoo.com',0,1,'2019-06-20 20:13:11.099828',NULL,NULL,NULL,'brianapratt@ulisboa.pt',NULL,NULL,NULL,'PT',NULL,NULL,'Student','');
INSERT INTO users_appuser VALUES(67,'pbkdf2_sha256$120000$lEWudR4dMXJb$rpN2dX3+sMAUu8w4sOCbDIecshmaLqLEBgXeUNO5z+E=',NULL,0,'jeffrey71','Jessica','Smith','sherrigray@bailey-butler.com',0,1,'2019-06-20 20:13:11.276182',NULL,NULL,NULL,'annette76@ulisboa.pt',NULL,NULL,NULL,'PT',NULL,NULL,'Student','');
INSERT INTO users_appuser VALUES(68,'pbkdf2_sha256$120000$bxeH0y4k8a7j$WKM15S3J+7vZsC5xvf9HOe/OH2iIun2Sf77NPdyOFNQ=',NULL,0,'tjohnson','Daniel','Olsen','tmoreno@gmail.com',0,1,'2019-06-20 20:13:11.457436',NULL,NULL,NULL,'camachomark@ulisboa.pt',NULL,NULL,NULL,'PT',NULL,NULL,'Student','');
INSERT INTO users_appuser VALUES(69,'pbkdf2_sha256$120000$2CW0skHPNDUU$MxbCgyw4FyvopZEIQbAraPyoUpaW6Iw46VZ3SgrDVwI=',NULL,0,'qdrake','Jorge','Zhang','christianward@gmail.com',0,1,'2019-06-20 20:13:11.628556',NULL,NULL,NULL,'zbest@ulisboa.pt',NULL,NULL,NULL,'PT',NULL,NULL,'Student','');
INSERT INTO users_appuser VALUES(70,'pbkdf2_sha256$120000$SQFDe87sRNS5$rW7F7u/3tFjzlTAh2lYA+Zw8IT0RrT50hYBSPGnveE0=',NULL,0,'mccoymelissa','Erika','Roberts','shunter@gmail.com',0,1,'2019-06-20 20:13:11.798693',NULL,NULL,NULL,'jennifertaylor@ulisboa.pt',NULL,NULL,NULL,'PT',NULL,NULL,'Student','');
INSERT INTO users_appuser VALUES(71,'pbkdf2_sha256$120000$ivGFNjnhzMKq$dd5Y6STna0aULBlsMgspmPcUDXb1rcEzhsjMrnhTUqI=',NULL,0,'trevor26','Karen','Fisher','steven07@osborne-steele.com',0,1,'2019-06-20 20:13:11.970307',NULL,NULL,NULL,'thompsonhaley@ulisboa.pt',NULL,NULL,NULL,'PT',NULL,NULL,'Student','');
INSERT INTO users_appuser VALUES(72,'pbkdf2_sha256$120000$TIpTT7rshPzu$Ed832H2fgah+txBW0FOpm1wWupX2PFi49E+C1WvQxdw=',NULL,0,'kosborn','Corey','Lowery','tcampbell@smith-poole.biz',0,1,'2019-06-20 20:13:12.151731',NULL,NULL,NULL,'diamondgarcia@ulisboa.pt',NULL,NULL,NULL,'PT',NULL,NULL,'Student','');
INSERT INTO users_appuser VALUES(73,'pbkdf2_sha256$120000$Dk2oky3rDxWu$PIEtBeqd6Emq+uEwP45NVjEFZ7UcBGms5Sur2Od8GIg=',NULL,0,'herrerajimmy','Matthew','Goodwin','ksmith@hotmail.com',0,1,'2019-06-20 20:13:12.326878',NULL,NULL,NULL,'josephbarber@ulisboa.pt',NULL,NULL,NULL,'PT',NULL,NULL,'Student','');
INSERT INTO users_appuser VALUES(74,'pbkdf2_sha256$120000$I1Bm7JQfXyMv$9DvW55YEHCM/gDl+Umh6dUupAun7wRibQBrhwW4G6Zc=',NULL,0,'brittanydean','Sabrina','Morris','jpratt@fischer.info',0,1,'2019-06-20 20:13:12.587135',NULL,NULL,NULL,'jimenezmichelle@ulisboa.pt',NULL,NULL,NULL,'PT',NULL,NULL,'Student','');
INSERT INTO users_appuser VALUES(75,'pbkdf2_sha256$120000$DUIgjl1Em4qo$uah18sIwQL8Qar4z9ibbiQygkJ+8rE0oR24wryJHjmI=',NULL,0,'qsmith','Jessica','Garcia','yclark@gmail.com',0,1,'2019-06-20 20:13:12.764993',NULL,NULL,NULL,'johnsonkristi@ulisboa.pt',NULL,NULL,NULL,'PT',NULL,NULL,'Student','');
INSERT INTO users_appuser VALUES(76,'pbkdf2_sha256$120000$sqiBSgjKsoRn$yRPBF1bBz9Z8o3K5yDcCsUaen/+tmYT4KhNFIjTu9+Q=',NULL,0,'alexis19','Peter','Brown','chanmichelle@roach.com',0,1,'2019-06-20 20:13:12.947337',NULL,NULL,NULL,'haleysmith@ulisboa.pt',NULL,NULL,NULL,'PT',NULL,NULL,'Student','');
INSERT INTO users_appuser VALUES(77,'pbkdf2_sha256$120000$VAoXEyGiY1Yh$T1cCCrrlC3swhHEWpCdRix2DFp8B6SGZvFp/ZmnobD0=',NULL,0,'tamara85','Valerie','Thompson','uchen@russell-mejia.com',0,1,'2019-06-20 20:13:13.121529',NULL,NULL,NULL,'willisjacob@ulisboa.pt',NULL,NULL,NULL,'PT',NULL,NULL,'Student','');
INSERT INTO users_appuser VALUES(78,'pbkdf2_sha256$120000$6K5Zst5mjhTk$6dAbagLNNRIRgn4UAMUngXiKA+3QyjNOOh1k7syL08w=',NULL,0,'amanda41','Amber','Miles','jonathangross@thompson.com',0,1,'2019-06-20 20:13:13.297141',NULL,NULL,NULL,'lisabrown@ulisboa.pt',NULL,NULL,NULL,'PT',NULL,NULL,'Student','');
INSERT INTO users_appuser VALUES(79,'pbkdf2_sha256$120000$ngmWscJblrRp$xA4/McIaaQvvaF4BU7hFCJaj0AWGJmERSOUiXm33s/w=',NULL,0,'michael37','Anthony','Cantu','angela59@webb.info',0,1,'2019-06-20 20:13:13.472907',NULL,NULL,NULL,'jessica98@ulisboa.pt',NULL,NULL,NULL,'PT',NULL,NULL,'Student','');
INSERT INTO users_appuser VALUES(80,'pbkdf2_sha256$120000$l2NtcAK03cuJ$oKqtao+mt/++GqcLAoSC2YyEAeaWcW9EfLd94IUJQEc=',NULL,0,'gregory63','Timothy','Young','sabrinabrown@mckinney-johnson.com',0,1,'2019-06-20 20:13:13.646708',NULL,NULL,NULL,'brightstephanie@ulisboa.pt',NULL,NULL,NULL,'PT',NULL,NULL,'Student','');
INSERT INTO users_appuser VALUES(81,'pbkdf2_sha256$120000$UAKdGGLIklHV$FhoG3f7KKN4NVKP7bUwLQ47gBsD9k7o9ISloqlWjRq0=',NULL,0,'louis21','William','Mcconnell','irwindavid@smith.com',0,1,'2019-06-20 20:13:13.816563',NULL,NULL,NULL,'lynchsean@ulisboa.pt',NULL,NULL,NULL,'PT',NULL,NULL,'Student','');
INSERT INTO users_appuser VALUES(82,'pbkdf2_sha256$120000$VTwA4nJTL6D2$2YdUg/fXqeeiiGdMcE6hXTozUv2fJ4Z9hodPUBkaRos=',NULL,0,'joelwalker','Jonathan','Meza','jacksondonald@gmail.com',0,1,'2019-06-20 20:13:14.004500',NULL,NULL,NULL,'jessicacarter@ulisboa.pt',NULL,NULL,NULL,'PT',NULL,NULL,'Student','');
INSERT INTO users_appuser VALUES(83,'pbkdf2_sha256$120000$3se7GPDfbxUB$D0VtYcmuG7yq02NuQy2LS+ahQ6BE7h+lGVZWZikToWE=',NULL,0,'coffeywhitney','Michael','Bass','mross@hotmail.com',0,1,'2019-06-20 20:13:14.182867',NULL,NULL,NULL,'garciashawn@ulisboa.pt',NULL,NULL,NULL,'PT',NULL,NULL,'Student','');
INSERT INTO users_appuser VALUES(84,'pbkdf2_sha256$120000$7iWxVPWMegpF$HTP2TUqbjmt2wMH+LpHGK224HwMI46eSyJ9w6n2ShrA=',NULL,0,'fisherkirk','Amanda','Oneal','stephanie25@yahoo.com',0,1,'2019-06-20 20:13:14.352080',NULL,NULL,NULL,'davidmeyer@ulisboa.pt',NULL,NULL,NULL,'PT',NULL,NULL,'Student','');
INSERT INTO users_appuser VALUES(85,'pbkdf2_sha256$120000$DyAFeztfHcKh$2TkJUX48TyPHI+toRG0oIGFfBLKqHisicIwIGfsYXVQ=',NULL,0,'katrina19','Cody','Curtis','bbean@hotmail.com',0,1,'2019-06-20 20:13:14.517446',NULL,NULL,NULL,'yadams@ulisboa.pt',NULL,NULL,NULL,'PT',NULL,NULL,'Student','');
INSERT INTO users_appuser VALUES(86,'pbkdf2_sha256$120000$c0M1t0mdb1dn$Cix+EUBQdFVfuDkdaRheWburNVzyvpJpY16jR+UF+BA=',NULL,0,'tylermartinez','Kevin','Collins','moorejoseph@hanson.com',0,1,'2019-06-20 20:13:14.680526',NULL,NULL,NULL,'zdavis@ulisboa.pt',NULL,NULL,NULL,'PT',NULL,NULL,'Student','');
INSERT INTO users_appuser VALUES(87,'pbkdf2_sha256$120000$U3xDf2qWbXc4$NPBR/AfAyYjqPWL4Uk625v4a0YOrgPRLi5o6PvpPSDc=',NULL,0,'stephen65','Pamela','Rhodes','katherine34@gmail.com',0,1,'2019-06-20 20:13:14.860887',NULL,NULL,NULL,'lmurray@ulisboa.pt',NULL,NULL,NULL,'PT',NULL,NULL,'Student','');
INSERT INTO users_appuser VALUES(88,'pbkdf2_sha256$120000$XH7Zi5J3cHQ2$JssyPMxsCZqcPa+o5bMWzfCKU5oJ9oFFtT0iWxfEiWQ=',NULL,0,'michael72','April','Reeves','tylerballard@hotmail.com',0,1,'2019-06-20 20:13:15.036286',NULL,NULL,NULL,'nosborn@ulisboa.pt',NULL,NULL,NULL,'PT',NULL,NULL,'Student','');
INSERT INTO users_appuser VALUES(89,'pbkdf2_sha256$120000$caXWy6IWSESV$RocEKeUZjPh0UNODLRZguvpqT0p6Cdj0fr8/8Vt5djU=',NULL,0,'parkerlisa','Sarah','Clay','aayers@stewart-henderson.com',0,1,'2019-06-20 20:13:15.210830',NULL,NULL,NULL,'ywagner@ulisboa.pt',NULL,NULL,NULL,'PT',NULL,NULL,'Student','');
INSERT INTO users_appuser VALUES(90,'pbkdf2_sha256$120000$TDoVXnCCDXon$t/f/6FIzRod9TWkLttte1qYdOJl8eVxdJXEE7aosIzw=',NULL,0,'amygraham','Harold','Jones','christopherfrank@osborn.com',0,1,'2019-06-20 20:13:15.399092',NULL,NULL,NULL,'lesliebradley@ulisboa.pt',NULL,NULL,NULL,'PT',NULL,NULL,'Student','');
INSERT INTO users_appuser VALUES(91,'pbkdf2_sha256$120000$gPPPV8Los865$RtCB/L2k92EMXIY0Q+qFvw+uo+qz5i+7JAoVCCyN73w=',NULL,0,'james05','Michael','Owens','matthewhenry@gmail.com',0,1,'2019-06-20 20:13:15.594198',NULL,NULL,NULL,'eric02@ulisboa.pt',NULL,NULL,NULL,'PT',NULL,NULL,'Student','');
INSERT INTO users_appuser VALUES(92,'pbkdf2_sha256$120000$pP6BpUI4xZ6E$/DyFC/v8YqYvZpxVsNe6J6Be7dxoW3Tk0KXg2E4d268=',NULL,0,'craigjennifer','Amy','Wong','rjohnson@gmail.com',0,1,'2019-06-20 20:13:15.767962',NULL,NULL,NULL,'leonardellen@ulisboa.pt',NULL,NULL,NULL,'PT',NULL,NULL,'Student','');
INSERT INTO users_appuser VALUES(93,'pbkdf2_sha256$120000$8vd1Z7SowlfL$9ZcAF8yMw0y7v5UTBomxLj+J3NrlKPeNogVKYLBRIQk=',NULL,0,'jonathanavila','Jonathan','Barber','rebeccashepherd@gmail.com',0,1,'2019-06-20 20:13:15.943472',NULL,NULL,NULL,'heather32@ulisboa.pt',NULL,NULL,NULL,'PT',NULL,NULL,'Student','');
INSERT INTO users_appuser VALUES(94,'pbkdf2_sha256$120000$ZjiME8uztv27$4yVe4MFGXyarqukvBx5qugx9wJwt3bfSy2CybqUMaQc=',NULL,0,'russell17','Heather','Reynolds','garciajohn@gmail.com',0,1,'2019-06-20 20:13:16.117138',NULL,NULL,NULL,'rodriguezhannah@ulisboa.pt',NULL,NULL,NULL,'PT',NULL,NULL,'Student','');
INSERT INTO users_appuser VALUES(95,'pbkdf2_sha256$120000$UNgCQFcyqNp1$uOV3fmTrIJL4P8JWqIZG8qtdH67LxF6Q8LOT3ktZCT4=',NULL,0,'stephenschristopher','Kyle','Stone','mossjoe@mccarty.com',0,1,'2019-06-20 20:13:16.297487',NULL,NULL,NULL,'calderoncindy@ulisboa.pt',NULL,NULL,NULL,'PT',NULL,NULL,'Student','');
INSERT INTO users_appuser VALUES(96,'pbkdf2_sha256$120000$53KVv0RFVBuf$HWeHjukZBca2kJebf2twSCo3QJy293RWa1rMC4rrEh0=',NULL,0,'webstereric','Heather','Roberson','gberry@yahoo.com',0,1,'2019-06-20 20:13:16.460908',NULL,NULL,NULL,'khicks@ulisboa.pt',NULL,NULL,NULL,'PT',NULL,NULL,'Student','');
INSERT INTO users_appuser VALUES(97,'pbkdf2_sha256$120000$DD74ctQk2XvJ$ugybRd+pyW/H2hl6HB20BHTsjo/48I5V2LzBS3SMEms=',NULL,0,'daniel55','Lori','Mitchell','carsonyvette@taylor.com',0,1,'2019-06-20 20:13:16.632125',NULL,NULL,NULL,'rodriguezsteven@ulisboa.pt',NULL,NULL,NULL,'PT',NULL,NULL,'Student','');
INSERT INTO users_appuser VALUES(98,'pbkdf2_sha256$120000$1bHK7XGPHXfs$xLMrwFL+FfZv8VcSk6rwW0PiazN7vaXV56RGqfZX4N8=',NULL,0,'nharrison','Tamara','Morris','misty19@kelley-shaw.com',0,1,'2019-06-20 20:13:16.796532',NULL,NULL,NULL,'henry97@ulisboa.pt',NULL,NULL,NULL,'PT',NULL,NULL,'Student','');
INSERT INTO users_appuser VALUES(99,'pbkdf2_sha256$120000$76aRnfj6Mdui$85fYF8vfRRk6/59Zw3uAQiRM9FtMAqaczwkR5WOdY5A=',NULL,0,'owenscurtis','Margaret','Turner','butlerjim@yahoo.com',0,1,'2019-06-20 20:13:17.028186',NULL,NULL,NULL,'collinstodd@ulisboa.pt',NULL,NULL,NULL,'PT',NULL,NULL,'Student','');
INSERT INTO users_appuser VALUES(100,'pbkdf2_sha256$120000$0KJ2TviHuuLj$qrAqJhK43JvjAfqq6iP2bzvNi20sR54oP33G51taa0E=',NULL,0,'leechristopher','Michael','Anderson','amanda01@moore-walters.com',0,1,'2019-06-20 20:13:17.221604',NULL,NULL,NULL,'robertrush@ulisboa.pt',NULL,NULL,NULL,'PT',NULL,NULL,'Student','');
INSERT INTO users_appuser VALUES(101,'pbkdf2_sha256$120000$yuZv9dDb2vj7$tMYMd9jRg7icJQa1MdijNidmmHwC4mb5zQ+qKqt6xZQ=',NULL,0,'deborahreyes','Paul','Simpson','margarethill@gmail.com',0,1,'2019-06-20 20:13:17.406886',NULL,NULL,NULL,'tuckerthomas@ulisboa.pt',NULL,NULL,NULL,'PT',NULL,NULL,'Student','');
INSERT INTO users_appuser VALUES(102,'pbkdf2_sha256$120000$SzBzlfCsAroe$vFopaUoxE64oxdDMf/e5Lztexzh7oLF54/hGldz4yfo=',NULL,0,'lindsay28','Dillon','Thornton','aaron83@yahoo.com',0,1,'2019-06-20 20:13:17.756669',NULL,NULL,NULL,'tatejesse@ulisboa.pt',NULL,NULL,NULL,'PT',NULL,NULL,'Student','');
INSERT INTO users_appuser VALUES(103,'pbkdf2_sha256$120000$RDRs3YlxqefJ$lVqUKL2Q5W6H3GsDM/Fo80PLohuVRPunhZR2kt8QSa4=',NULL,0,'mejiahannah','Donald','Harris','corey66@gmail.com',0,1,'2019-06-20 20:13:18.025264',NULL,NULL,NULL,'zbailey@ulisboa.pt',NULL,NULL,NULL,'PT',NULL,NULL,'Student','');
INSERT INTO users_appuser VALUES(104,'pbkdf2_sha256$120000$kbaAP59Hvx6Z$qiFL7vnuTFYvWCbZyneQraf9cM3SHAjwIDo1l4Dsa5U=',NULL,0,'lisathomas','Carolyn','Melton','reyestammy@lewis-luna.info',0,1,'2019-06-20 20:13:18.244976',NULL,NULL,NULL,'toddmcclure@ulisboa.pt',NULL,NULL,NULL,'PT',NULL,NULL,'Student','');
INSERT INTO users_appuser VALUES(105,'pbkdf2_sha256$120000$VW2xIxJPR64U$RD/PIlnV2j66ocN/fvqhdpfydVUu0B9iVFSMNUeL7Kg=',NULL,0,'morenojeffrey','Alyssa','Johnson','xfernandez@hotmail.com',0,1,'2019-06-20 20:13:18.477467',NULL,NULL,NULL,'margaret11@ulisboa.pt',NULL,NULL,NULL,'PT',NULL,NULL,'Student','');
INSERT INTO users_appuser VALUES(106,'pbkdf2_sha256$120000$X7b5VJcs4lTJ$0RVwOUdfqeJKcXX0nX+nOT+6UoioQO/k2YlQk0S6AYc=',NULL,0,'judith54','Joseph','Washington','osmith@warren-cain.com',0,1,'2019-06-20 20:13:18.691322',NULL,NULL,NULL,'jlong@ulisboa.pt',NULL,NULL,NULL,'PT',NULL,NULL,'Student','');
INSERT INTO users_appuser VALUES(107,'pbkdf2_sha256$120000$xx2SL6gSPo29$RCZCJG2k4oXKNuGAvRDWcqkq8n6tDF76E/tw6yqlt1c=',NULL,0,'iburns','Jimmy','Duncan','zmyers@barrett.org',0,1,'2019-06-20 20:13:18.896547',NULL,NULL,NULL,'robert03@ulisboa.pt',NULL,NULL,NULL,'PT',NULL,NULL,'Student','');
INSERT INTO users_appuser VALUES(108,'pbkdf2_sha256$120000$ZvDwgXKSbR3H$yIdlD0+sxH8dSpvsBziWhbe54OM/C4n+4NlaHxlFoy8=',NULL,0,'whitedennis','Stephen','Miller','ralphpollard@leach.info',0,1,'2019-06-20 20:13:19.082456',NULL,NULL,NULL,'curtis50@ulisboa.pt',NULL,NULL,NULL,'PT',NULL,NULL,'Student','');
INSERT INTO users_appuser VALUES(109,'pbkdf2_sha256$120000$dzdOzJVWwUwW$eb0J9mrFKBNc/q4wKxuxMwCdMeOUrl7PjjYYsG/trlA=',NULL,0,'miguelbrown','Adam','Shaffer','btaylor@meyer.org',0,1,'2019-06-20 20:13:19.262142',NULL,NULL,NULL,'sarah04@ulisboa.pt',NULL,NULL,NULL,'PT',NULL,NULL,'Student','');
INSERT INTO users_appuser VALUES(110,'pbkdf2_sha256$120000$r8NWpjaMO6bF$OIgU+MBOvLZRqfAJxzhDfqpFKwG4RL4+9khxSoPxp44=',NULL,0,'tracydickerson','Joseph','Wood','wendy74@hotmail.com',0,1,'2019-06-20 20:13:19.473944',NULL,NULL,NULL,'whitedenise@ulisboa.pt',NULL,NULL,NULL,'PT',NULL,NULL,'Student','');
INSERT INTO users_appuser VALUES(111,'pbkdf2_sha256$120000$IGw74mrW0Ltt$AAHC7Pizd5hXy+46Z1rIq1Kx2DkOnnE3IuPdL+Ttp9U=',NULL,0,'rbaxter','Dawn','Potts','kennedyjustin@hotmail.com',0,1,'2019-06-20 20:13:19.663946',NULL,NULL,NULL,'ahall@ulisboa.pt',NULL,NULL,NULL,'PT',NULL,NULL,'Student','');
INSERT INTO users_appuser VALUES(112,'pbkdf2_sha256$120000$J1EpO0EQL3fe$KF9QTXQja8RNi2/+YgfsqKroh/iqIpMo1RiDdq+ZTWM=',NULL,0,'kristen79','Andrea','Shah','hhouston@carter.com',0,1,'2019-06-20 20:13:19.866310',NULL,NULL,NULL,'cohenmaria@ulisboa.pt',NULL,NULL,NULL,'PT',NULL,NULL,'Student','');
INSERT INTO users_appuser VALUES(113,'pbkdf2_sha256$120000$uqrGjmW4llFJ$tfawCD7hCXlll6RTQ3e/DevhtCriyUjTpFfTOcsJ7y0=',NULL,0,'wendy17','Sara','Arellano','madeline54@hotmail.com',0,1,'2019-06-20 20:13:20.098271',NULL,NULL,NULL,'taylorsteven@ulisboa.pt',NULL,NULL,NULL,'PT',NULL,NULL,'Student','');
INSERT INTO users_appuser VALUES(114,'pbkdf2_sha256$120000$FPsYpbWktL4x$UNwauH6OjvTVThfo/3wfnJwnc8KlkYEonJmmz46xlTE=',NULL,0,'zochoa','David','Miller','yparker@lewis-ward.com',0,1,'2019-06-20 20:13:20.349295',NULL,NULL,NULL,'wfuller@ulisboa.pt',NULL,NULL,NULL,'PT',NULL,NULL,'Student','');
INSERT INTO users_appuser VALUES(115,'pbkdf2_sha256$120000$xpXE9CnovAOR$ue+M8/C/PXSUw0gyuxYu8M2bSKWhiEL46XqHyefVbWs=',NULL,0,'ywhite','Christopher','Robertson','johnsondaniel@yahoo.com',0,1,'2019-06-20 20:13:20.566248',NULL,NULL,NULL,'ayoung@ulisboa.pt',NULL,NULL,NULL,'PT',NULL,NULL,'Student','');
INSERT INTO users_appuser VALUES(116,'pbkdf2_sha256$120000$jPAGz54yqYrZ$QDpibUZ4NkGDuBqHKAKwNir/kA34dWS8aUej8iwYSDE=',NULL,0,'wblack','Eugene','Mcguire','james96@waller.com',0,1,'2019-06-20 20:13:20.743206',NULL,NULL,NULL,'oheath@ulisboa.pt',NULL,NULL,NULL,'PT',NULL,NULL,'Student','');
INSERT INTO users_appuser VALUES(117,'pbkdf2_sha256$120000$EURODdls3m1k$1vfZ5VBUS9ry7SQ18dyEsKLZTfChzNVUPoLdWuXWKls=',NULL,0,'elliszachary','Amber','Henderson','jonesmelissa@hale.com',0,1,'2019-06-20 20:13:20.931358',NULL,NULL,NULL,'erica91@ulisboa.pt',NULL,NULL,NULL,'PT',NULL,NULL,'Student','');
INSERT INTO users_appuser VALUES(118,'pbkdf2_sha256$120000$HwFrprfHBsCW$dBRWg9YZ4SWuAZvTj7jPmMCZwThjQAAEN66eebUfvJo=',NULL,0,'vtrujillo','Stacey','Hart','wrightdavid@yahoo.com',0,1,'2019-06-20 20:13:21.114153',NULL,NULL,NULL,'snichols@ulisboa.pt',NULL,NULL,NULL,'PT',NULL,NULL,'Student','');
INSERT INTO users_appuser VALUES(119,'pbkdf2_sha256$120000$pSvk67sM7ttL$WrdaxTXX0IiJTFCu2fr9UjrrcB4QlH1QWDTIPb1+I6U=',NULL,0,'kschwartz','Daniel','Phelps','joseph10@gmail.com',0,1,'2019-06-20 20:13:21.295487',NULL,NULL,NULL,'chavezjustin@ulisboa.pt',NULL,NULL,NULL,'PT',NULL,NULL,'Student','');
INSERT INTO users_appuser VALUES(120,'pbkdf2_sha256$120000$tiFQNH5nSHQR$zLHqEylIFD1K/At7ShTgGyPEUcjHEXQGZDoUSQIuNPQ=',NULL,0,'julia19','Sarah','Parsons','nwhite@gmail.com',0,1,'2019-06-20 20:13:21.493822',NULL,NULL,NULL,'franklingary@ulisboa.pt',NULL,NULL,NULL,'PT',NULL,NULL,'Student','');
INSERT INTO users_appuser VALUES(121,'pbkdf2_sha256$120000$jz5Aw8Vj7IXs$OR7MLm4nEdWYbc/hWErKznanFJBE3gzGorVCrDsIjwY=',NULL,0,'williammyers','Adrian','Powell','tiffany22@gmail.com',0,1,'2019-06-20 20:13:21.701213',NULL,NULL,NULL,'cowanzachary@ulisboa.pt',NULL,NULL,NULL,'PT',NULL,NULL,'Student','');
INSERT INTO users_appuser VALUES(122,'pbkdf2_sha256$120000$SNHahq8bULKT$J3LQyJI4TuBZw1+n95iLUx+CLjlVnruZJT4MQxpCq44=',NULL,0,'carterjennifer','Sarah','Rios','brookecurtis@baker.com',0,1,'2019-06-20 20:13:21.930804',NULL,NULL,NULL,'smithzachary@ulisboa.pt',NULL,NULL,NULL,'PT',NULL,NULL,'Student','');
INSERT INTO users_appuser VALUES(123,'pbkdf2_sha256$120000$rmV1QpH6cahS$5DP9xUV1QCPFmQnRBUKWnHKZFMkWP2SFACIFglghp20=',NULL,0,'mark57','Jeffrey','Mann','davidsonkathryn@gmail.com',0,1,'2019-06-20 20:13:22.103119',NULL,NULL,NULL,'vwilliams@ulisboa.pt',NULL,NULL,NULL,'PT',NULL,NULL,'Student','');
INSERT INTO users_appuser VALUES(124,'pbkdf2_sha256$120000$nZ05bktCvwbC$7dMLM1+84ZDjibekY5FoyW68+yUcirK6+I6v7c0kfdY=',NULL,0,'qrivers','Robert','Foster','vhale@yahoo.com',0,1,'2019-06-20 20:13:22.289266',NULL,NULL,NULL,'msmith@ulisboa.pt',NULL,NULL,NULL,'PT',NULL,NULL,'Student','');
INSERT INTO users_appuser VALUES(125,'pbkdf2_sha256$120000$G9q35safSQkn$8hPvo1eXvqbQnWFZ4OiaLA4Ru2vCSulbnCsW3cHNA4k=',NULL,0,'maryparrish','Yvonne','Blair','katherine28@hotmail.com',0,1,'2019-06-20 20:13:22.491287',NULL,NULL,NULL,'justin61@ulisboa.pt',NULL,NULL,NULL,'PT',NULL,NULL,'Student','');
INSERT INTO users_appuser VALUES(126,'pbkdf2_sha256$120000$ZLLfoANuRZen$MDPoHfmFVWw3EYl5olBmHcpV0QUDH05N65Q1rlYWa4Y=',NULL,0,'esmith','Joseph','Hudson','qross@ward.com',0,1,'2019-06-20 20:13:22.690000',NULL,NULL,NULL,'justinnichols@ulisboa.pt',NULL,NULL,NULL,'PT',NULL,NULL,'Student','');
INSERT INTO users_appuser VALUES(127,'pbkdf2_sha256$120000$dZbaSH0M5VfK$zIffLRVwd30M2CiXcC5ZqbkAMCVA9Bkt7RIoT9fBW/8=',NULL,0,'elaine87','Denise','Underwood','levinemelissa@hotmail.com',0,1,'2019-06-20 20:13:22.876723',NULL,NULL,NULL,'moorejustin@ulisboa.pt',NULL,NULL,NULL,'PT',NULL,NULL,'Student','');
INSERT INTO users_appuser VALUES(128,'pbkdf2_sha256$120000$F7nACp16RrDb$maAkyciZb2W78zjj0R8a/eo11llIr1fvjcrdlPk9ekI=',NULL,0,'usteele','Daniel','Turner','nclark@hotmail.com',0,1,'2019-06-20 20:13:23.051608',NULL,NULL,NULL,'troyreid@ulisboa.pt',NULL,NULL,NULL,'PT',NULL,NULL,'Student','');
INSERT INTO users_appuser VALUES(129,'pbkdf2_sha256$120000$H8Mur1jpK4Nm$gS1ACYUhgK+YaKHwrHaRbbTrZkUnJ8IwH+VyD7jQLDQ=',NULL,0,'rothmichelle','Eric','Frazier','robertsondiana@hotmail.com',0,1,'2019-06-20 20:13:23.269731',NULL,NULL,NULL,'paige96@ulisboa.pt',NULL,NULL,NULL,'PT',NULL,NULL,'Student','');
INSERT INTO users_appuser VALUES(130,'pbkdf2_sha256$120000$PUs9LvOlw9kv$kX3IQYfyMPu21ExVI3NfE14v7F0s4ZJn5mMgVTVwsxo=',NULL,0,'kimberly02','Wendy','Lara','karl47@hotmail.com',0,1,'2019-06-20 20:13:23.463173',NULL,NULL,NULL,'earnold@ulisboa.pt',NULL,NULL,NULL,'PT',NULL,NULL,'Student','');
INSERT INTO users_appuser VALUES(131,'pbkdf2_sha256$120000$jE7zz8acUMyS$igtlwyJftznD4MCtXt9XqM1ty3vRnjRYmeRekiHXxUI=',NULL,0,'michael76','Mark','Parks','michael95@powell.com',0,1,'2019-06-20 20:13:23.653226',NULL,NULL,NULL,'roy83@ulisboa.pt',NULL,NULL,NULL,'PT',NULL,NULL,'Student','');
INSERT INTO users_appuser VALUES(132,'pbkdf2_sha256$120000$aDufmr5WnC32$2bKP+FGZsuhewjoCdN6F6VmhAw0OsdNssaSRIWE1//g=',NULL,0,'jillian07','Ronnie','Hughes','matthew02@perez.net',0,1,'2019-06-20 20:13:23.829566',NULL,NULL,NULL,'angel48@ulisboa.pt',NULL,NULL,NULL,'PT',NULL,NULL,'Student','');
INSERT INTO users_appuser VALUES(133,'pbkdf2_sha256$120000$mTn0UNMUo10s$4CXfL1Qctht7reTTRpXJWAGNeaT9XJJzmL0HMfzYgCY=',NULL,0,'jenniferherman','Debra','Osborne','nsimmons@cortez-hicks.com',0,1,'2019-06-20 20:13:24.019372',NULL,NULL,NULL,'lesliecampbell@ulisboa.pt',NULL,NULL,NULL,'PT',NULL,NULL,'Student','');
INSERT INTO users_appuser VALUES(134,'pbkdf2_sha256$120000$T3tuGIag74bD$t+RyCqAAwDM9nHYsnwYYhPcGU+NBnLkrBVYG4cb1ioM=',NULL,0,'ssmith','David','Young','wrightscott@gmail.com',0,1,'2019-06-20 20:13:24.216739',NULL,NULL,NULL,'bhess@ulisboa.pt',NULL,NULL,NULL,'PT',NULL,NULL,'Student','');
INSERT INTO users_appuser VALUES(135,'pbkdf2_sha256$120000$t3Y5G8KHXgLD$V/Pd3KDHnOhN6/uxtzRxYdhFrEnTFF6/xL6/V7wLQx8=',NULL,0,'fmoss','Sean','James','johnsonroy@yahoo.com',0,1,'2019-06-20 20:13:24.404708',NULL,NULL,NULL,'qhartman@ulisboa.pt',NULL,NULL,NULL,'PT',NULL,NULL,'Student','');
INSERT INTO users_appuser VALUES(136,'pbkdf2_sha256$120000$f8SHxYjrYCfi$A+Z37Zqkb0BMBKsQjiagfJ1uSq+YJvk7r9T39sAVvLw=',NULL,0,'imiller','Amy','Pena','xdiaz@banks.net',0,1,'2019-06-20 20:13:24.630570',NULL,NULL,NULL,'chelseamartinez@ulisboa.pt',NULL,NULL,NULL,'PT',NULL,NULL,'Student','');
INSERT INTO users_appuser VALUES(137,'pbkdf2_sha256$120000$Wehli7rO1Q0b$k6kmHNmOkpnawqH6k0fTMK14H6fC/RIfNvkhx4a/abQ=',NULL,0,'leslie19','Adam','Rios','james09@sheppard.com',0,1,'2019-06-20 20:13:24.807973',NULL,NULL,NULL,'bryantravis@ulisboa.pt',NULL,NULL,NULL,'PT',NULL,NULL,'Student','');
INSERT INTO users_appuser VALUES(138,'pbkdf2_sha256$120000$BfpTRkBDkxSk$EvwDI5JBgU/rL9QLtuC9NnNOyJv5WbsLmQ3g59rTiQ0=',NULL,0,'nellis','Carlos','Cooley','michael90@gonzalez-griffith.com',0,1,'2019-06-20 20:13:24.995832',NULL,NULL,NULL,'christopher91@ulisboa.pt',NULL,NULL,NULL,'PT',NULL,NULL,'Student','');
INSERT INTO users_appuser VALUES(139,'pbkdf2_sha256$120000$VUaWmX9PTw6h$Arqs4yyDl1wpFqWlrAOg42Wlp6+nNt24M5xtH/T+rfU=',NULL,0,'edwardsmichelle','Dawn','Bailey','hsmith@merritt.com',0,1,'2019-06-20 20:13:25.176882',NULL,NULL,NULL,'grantashley@ulisboa.pt',NULL,NULL,NULL,'PT',NULL,NULL,'Student','');
INSERT INTO users_appuser VALUES(140,'pbkdf2_sha256$120000$jL4FE8kAEYyJ$WohA1UmA8qeohGFZFOMXt7Yjs/8xVryYpoFzWFIZ8aU=',NULL,0,'austinallen','Brandi','Farrell','jessicaanderson@yahoo.com',0,1,'2019-06-20 20:13:25.371080',NULL,NULL,NULL,'itate@ulisboa.pt',NULL,NULL,NULL,'PT',NULL,NULL,'Student','');
INSERT INTO users_appuser VALUES(141,'pbkdf2_sha256$120000$VhhcpLpfb6O9$aQHOUhl1zOyEaBPIg6oJnJEBmvefwRR+qY5fnh3s1BY=',NULL,0,'williewright','Vincent','Hall','hernandezmary@hotmail.com',0,1,'2019-06-20 20:13:25.564361',NULL,NULL,NULL,'tjackson@ulisboa.pt',NULL,NULL,NULL,'PT',NULL,NULL,'Student','');
INSERT INTO users_appuser VALUES(142,'pbkdf2_sha256$120000$uT061CEpmqHn$mrLlIQfyA4GvgnFACeW+sDrZfXE+WhdeRMhyiTCeppA=',NULL,0,'atkinsonjennifer','David','Chavez','michaelmontgomery@hotmail.com',0,1,'2019-06-20 20:13:25.766198',NULL,NULL,NULL,'charlespatel@ulisboa.pt',NULL,NULL,NULL,'PT',NULL,NULL,'Student','');
INSERT INTO users_appuser VALUES(143,'pbkdf2_sha256$120000$xj0Gfzh2y5kU$UZCM9Y/nQD+HKMsbXnAMt4vMdKxHxfitoA0Luuoe1LI=',NULL,0,'charlesdavid','William','Ramirez','chase62@yahoo.com',0,1,'2019-06-20 20:13:25.942399',NULL,NULL,NULL,'fwhite@ulisboa.pt',NULL,NULL,NULL,'PT',NULL,NULL,'Student','');
INSERT INTO users_appuser VALUES(144,'pbkdf2_sha256$120000$dAtTKGpwluUG$khyHy3fVT0rd2pIscTtLnzU/GUZl/CS4uZLjrt9vD+E=',NULL,0,'christopherlee','Christian','David','amandaflynn@richmond-rhodes.biz',0,1,'2019-06-20 20:13:26.142475',NULL,NULL,NULL,'victoria58@ulisboa.pt',NULL,NULL,NULL,'PT',NULL,NULL,'Student','');
INSERT INTO users_appuser VALUES(145,'pbkdf2_sha256$120000$TkTN2UediTeP$TaA4PiicxKUam4P/Sw+MzTBmmD9/pUmqTA4DNICM1Ns=',NULL,0,'martin52','Tina','Klein','angelarivera@yahoo.com',0,1,'2019-06-20 20:13:26.320813',NULL,NULL,NULL,'kellycortez@ulisboa.pt',NULL,NULL,NULL,'PT',NULL,NULL,'Student','');
INSERT INTO users_appuser VALUES(146,'pbkdf2_sha256$120000$wQfPvVINqrWN$eZONFt7agpJwpOE2zCHnrLUJfaZypgAGP6Im05ripN0=',NULL,0,'keithpope','David','Vaughn','joshua40@gmail.com',0,1,'2019-06-20 20:13:26.510576',NULL,NULL,NULL,'aaguilar@ulisboa.pt',NULL,NULL,NULL,'PT',NULL,NULL,'Student','');
INSERT INTO users_appuser VALUES(147,'pbkdf2_sha256$120000$Ck0tbiT90IWY$bUg9c8EwGQgr+eQ8bKRcZma2mP62cbL5BQdEPnqPxCw=',NULL,0,'sjohnson','Catherine','Hughes','fgrant@yahoo.com',0,1,'2019-06-20 20:13:26.690739',NULL,NULL,NULL,'glittle@ulisboa.pt',NULL,NULL,NULL,'PT',NULL,NULL,'Student','');
INSERT INTO users_appuser VALUES(148,'pbkdf2_sha256$120000$nVSDbBRvkAVF$C7sb6YGhzamOUdkafexp4fWJVpRm9iiJZ2GjzpA7XrY=',NULL,0,'joseph22','Angela','Reeves','judy66@gmail.com',0,1,'2019-06-20 20:13:26.872034',NULL,NULL,NULL,'pamelamcintyre@ulisboa.pt',NULL,NULL,NULL,'PT',NULL,NULL,'Student','');
INSERT INTO users_appuser VALUES(149,'pbkdf2_sha256$120000$aLj2ViktMP49$E5T/ydXzR//QaLvH6TgpuowOnwxqAb/TJ82jVLS1MTM=',NULL,0,'englishjustin','Carolyn','Malone','ronalddorsey@jones-reid.org',0,1,'2019-06-20 20:13:27.057061',NULL,NULL,NULL,'nancy65@ulisboa.pt',NULL,NULL,NULL,'PT',NULL,NULL,'Student','');
INSERT INTO users_appuser VALUES(150,'pbkdf2_sha256$120000$qSqTKe8qMT4Y$viHuZIOZnbr7/fB6P/sx1TxdWaw46BTFhyL3RY9Tnu4=',NULL,0,'sanderschristopher','Barry','Huff','elaine84@hotmail.com',0,1,'2019-06-20 20:13:27.235163',NULL,NULL,NULL,'taylorjohn@ulisboa.pt',NULL,NULL,NULL,'PT',NULL,NULL,'Student','');
INSERT INTO users_appuser VALUES(151,'pbkdf2_sha256$120000$zhTxAm6czfqg$c18Jd3uOrLhA5KdoxDKEN1ZYjquu/BrbPlNVVapP+Zc=',NULL,0,'jamie78','Lisa','Mills','gloria66@gmail.com',0,1,'2019-06-20 20:13:27.436860',NULL,NULL,NULL,'wendyanthony@ulisboa.pt',NULL,NULL,NULL,'PT',NULL,NULL,'Student','');
INSERT INTO users_appuser VALUES(152,'pbkdf2_sha256$120000$DMB8xtAHzy1o$TGt/dFVKin5AF/vcTrdwmfkDps3VXf226Pw9puXQ3+I=',NULL,0,'barbaracruz','Matthew','Contreras','patricia77@scott.com',0,1,'2019-06-20 20:13:27.620204',NULL,NULL,NULL,'kennethgilbert@ulisboa.pt',NULL,NULL,NULL,'PT',NULL,NULL,'Student','');
INSERT INTO users_appuser VALUES(153,'pbkdf2_sha256$120000$Zujc1mQ1WWsq$kIq9e0gYoWydf8Hep/vBHwL4qlmMw+RVrYTZoscCoh4=',NULL,0,'nolson','Kim','Hopkins','catherinenorton@marshall.info',0,1,'2019-06-20 20:13:27.803370',NULL,NULL,NULL,'westpaul@ulisboa.pt',NULL,NULL,NULL,'PT',NULL,NULL,'Student','');
INSERT INTO users_appuser VALUES(154,'pbkdf2_sha256$120000$nKJwSlDm9P4X$An1igWmNDd0/N4UEQ3wBYlEzMG/cHVdEJjSerHGQg7Q=',NULL,0,'krios','Robin','Hall','andersonjanice@gmail.com',0,1,'2019-06-20 20:13:28.004890',NULL,NULL,NULL,'daniellejones@ulisboa.pt',NULL,NULL,NULL,'PT',NULL,NULL,'Student','');
INSERT INTO users_appuser VALUES(155,'pbkdf2_sha256$120000$xwFBCsfngmSX$czKOO5L/Thxn6one54m5ySiHO6tEIFJjzyaoT6sf5hM=',NULL,0,'uharvey','Denise','Davis','macdonaldjohn@hotmail.com',0,1,'2019-06-20 20:13:28.338260',NULL,NULL,NULL,'melissahickman@ulisboa.pt',NULL,NULL,NULL,'PT',NULL,NULL,'Student','');
INSERT INTO users_appuser VALUES(156,'pbkdf2_sha256$120000$Qcq657CpdZN0$oNJl7BAEAJTWPYfyH4a4wxj3v0cGKJSGJL2a429KUd8=',NULL,0,'santospatrick','Stacey','Bonilla','keithfuentes@gmail.com',0,1,'2019-06-20 20:13:28.520138',NULL,NULL,NULL,'adamguerra@ulisboa.pt',NULL,NULL,NULL,'PT',NULL,NULL,'Student','');
INSERT INTO users_appuser VALUES(157,'pbkdf2_sha256$120000$zIfNdVNgVFRi$9UTuWtFBECl/a9sBqaH1VidRHba0eoGmW9TS0LSNWAE=',NULL,0,'coreybrown','Brenda','Vargas','alexanderjacobs@wilkinson-santiago.info',0,1,'2019-06-20 20:13:28.715275',NULL,NULL,NULL,'mary30@ulisboa.pt',NULL,NULL,NULL,'PT',NULL,NULL,'Student','');
INSERT INTO users_appuser VALUES(158,'pbkdf2_sha256$120000$oIuUErBPwM53$g5/n4wxb46TsxD2YB73MpbSWXOcBj638ZrYBPuBoCA4=',NULL,0,'thompsonmolly','Scott','Ellis','jennifer37@gmail.com',0,1,'2019-06-20 20:13:28.911154',NULL,NULL,NULL,'dsims@ulisboa.pt',NULL,NULL,NULL,'PT',NULL,NULL,'Student','');
INSERT INTO users_appuser VALUES(159,'pbkdf2_sha256$120000$5icPJLUArPvb$IqrWWmsCABYzqQq6FJRclDER9KstL8aCWNKnOpBgc6o=',NULL,0,'jford','James','Mccormick','ekennedy@gmail.com',0,1,'2019-06-20 20:13:29.081822',NULL,NULL,NULL,'jodireed@ulisboa.pt',NULL,NULL,NULL,'PT',NULL,NULL,'Student','');
INSERT INTO users_appuser VALUES(160,'pbkdf2_sha256$120000$aJDV6h25DB8T$aV6/0rYklvh0zTcL/47Nexv9gkUzKPWyeVAaht7A51Q=',NULL,0,'williamjackson','Brandon','Dalton','serranomatthew@yahoo.com',0,1,'2019-06-20 20:13:29.273479',NULL,NULL,NULL,'brendanortiz@ulisboa.pt',NULL,NULL,NULL,'PT',NULL,NULL,'Student','');
INSERT INTO users_appuser VALUES(161,'pbkdf2_sha256$120000$w9SoUYH51cfa$D8Rc/0BRu/LRRbw0xdX42o1qlr0KVZq4iOUTs3M7INM=',NULL,0,'derekpham','Mark','Morse','gregoryronald@hanson.com',0,1,'2019-06-20 20:13:29.494775',NULL,NULL,NULL,'mary73@ulisboa.pt',NULL,NULL,NULL,'PT',NULL,NULL,'Student','');
INSERT INTO users_appuser VALUES(162,'pbkdf2_sha256$120000$uYRqYkXjyTui$g6PfafcoqepKp6X+EeQ1dRKQJ4bP3jcW9xcv14a9KVw=',NULL,0,'mary54','Jeffery','West','benjaminstevenson@watkins.com',0,1,'2019-06-20 20:13:29.669371',NULL,NULL,NULL,'nelsonbrian@ulisboa.pt',NULL,NULL,NULL,'PT',NULL,NULL,'Student','');
INSERT INTO users_appuser VALUES(163,'pbkdf2_sha256$120000$KBPSLCpWvcIa$kGXMUtL7F4LmI43wa+RjRYjMj2wu+fZuwGBzObntnls=',NULL,0,'carmenhiggins','Earl','Brock','cherrytracy@gmail.com',0,1,'2019-06-20 20:13:29.870845',NULL,NULL,NULL,'matthewparker@ulisboa.pt',NULL,NULL,NULL,'PT',NULL,NULL,'Student','');
INSERT INTO users_appuser VALUES(164,'pbkdf2_sha256$120000$PaVB8te4MHrj$Wx5QAYPC3+W2W8kURC5f8GO2xScQBvSj+xkgJVx+lrc=',NULL,0,'brandi19','Brian','Odom','dzhang@gmail.com',0,1,'2019-06-20 20:13:30.055473',NULL,NULL,NULL,'obriennicole@ulisboa.pt',NULL,NULL,NULL,'PT',NULL,NULL,'Student','');
INSERT INTO users_appuser VALUES(165,'pbkdf2_sha256$120000$KcNB4EaVxIIF$0tqY3cdOfSgq3aEOq+97PxwIRNDmrrH36fqw1/IfnuE=',NULL,0,'virginiahall','George','Solis','romerorobert@hotmail.com',0,1,'2019-06-20 20:13:30.282272',NULL,NULL,NULL,'phillipsjanet@ulisboa.pt',NULL,NULL,NULL,'PT',NULL,NULL,'Student','');
INSERT INTO users_appuser VALUES(166,'pbkdf2_sha256$120000$i8oOyXmRCE5S$I8k1qADi8WrO1irgupfLRxpS/y3ZTSNQmIgiDZZRyuE=',NULL,0,'ericwillis','Tracey','Peterson','martinearl@hotmail.com',0,1,'2019-06-20 20:13:30.491533',NULL,NULL,NULL,'spope@ulisboa.pt',NULL,NULL,NULL,'PT',NULL,NULL,'Student','');
INSERT INTO users_appuser VALUES(167,'pbkdf2_sha256$120000$KbE1Wzjc5zyH$E5adNI3vFj+OiS+xiQhF1z68eThMc3XvHTP/ETOBpPU=',NULL,0,'matthew70','Sean','Manning','ycole@yahoo.com',0,1,'2019-06-20 20:13:30.680283',NULL,NULL,NULL,'darrellelliott@ulisboa.pt',NULL,NULL,NULL,'PT',NULL,NULL,'Student','');
INSERT INTO users_appuser VALUES(168,'pbkdf2_sha256$120000$9ZtLZWHm5n9j$/86afHIoSDFO0wWHVG8ykNwgfPiiC5Ke7RFJpafGSDM=',NULL,0,'qdonaldson','Caitlin','Rice','sbryant@hotmail.com',0,1,'2019-06-20 20:13:30.864508',NULL,NULL,NULL,'georgeduke@ulisboa.pt',NULL,NULL,NULL,'PT',NULL,NULL,'Student','');
INSERT INTO users_appuser VALUES(169,'pbkdf2_sha256$120000$sjTWLlgsCRSm$E4tPv0EFG2lciqx+YuydP4C4aDUEMUOKcWNuCAAOvgw=',NULL,0,'schmittnatalie','Ashley','Novak','maria43@hotmail.com',0,1,'2019-06-20 20:13:31.061756',NULL,NULL,NULL,'rclark@ulisboa.pt',NULL,NULL,NULL,'PT',NULL,NULL,'Student','');
INSERT INTO users_appuser VALUES(170,'pbkdf2_sha256$120000$aFrglivbT48A$t1mHa4i2AWirydIaTT0BpXQmTF+AjFzZrozbujz+5KY=',NULL,0,'srose','William','Simmons','christopher57@hotmail.com',0,1,'2019-06-20 20:13:31.266513',NULL,NULL,NULL,'ymoore@ulisboa.pt',NULL,NULL,NULL,'PT',NULL,NULL,'Student','');
INSERT INTO users_appuser VALUES(171,'pbkdf2_sha256$120000$1UyufZ78Mb3v$BgIbbvOlL67JxjPC0ZTsNbKXGp9TDZgM+uQ7Y0z0ALw=',NULL,0,'camerondavis','Danielle','Greene','olivianeal@thompson.biz',0,1,'2019-06-20 20:13:31.459804',NULL,NULL,NULL,'johnsonbradley@ulisboa.pt',NULL,NULL,NULL,'PT',NULL,NULL,'Student','');
INSERT INTO users_appuser VALUES(172,'pbkdf2_sha256$120000$8TmIbWHdnL6s$WSdl4tevxniPjxN1V/kfw87oOG0DHhti5dQDrLyIbr0=',NULL,0,'calebdunn','Renee','Silva','codyharrison@irwin.org',0,1,'2019-06-20 20:13:31.644598',NULL,NULL,NULL,'lopezjill@ulisboa.pt',NULL,NULL,NULL,'PT',NULL,NULL,'Student','');
INSERT INTO users_appuser VALUES(173,'pbkdf2_sha256$120000$9Xy7qbmIxaz4$sTC1t5SPoFKfews+9tgdvP/6sdjhuwwW5RhCgw7ScG0=',NULL,0,'fsmith','John','Hall','pkennedy@peterson.com',0,1,'2019-06-20 20:13:31.832566',NULL,NULL,NULL,'tammy56@ulisboa.pt',NULL,NULL,NULL,'PT',NULL,NULL,'Student','');
INSERT INTO users_appuser VALUES(174,'pbkdf2_sha256$120000$q2ATiKRLIskj$rplm9vB2w8yYitidrTnRy4fi+QrNRK+c3t6jtFERTF8=',NULL,0,'rcurry','Bryan','Olson','rachelhuff@gmail.com',0,1,'2019-06-20 20:13:32.029847',NULL,NULL,NULL,'kdavis@ulisboa.pt',NULL,NULL,NULL,'PT',NULL,NULL,'Student','');
INSERT INTO users_appuser VALUES(175,'pbkdf2_sha256$120000$VY6PFpT9p8At$c3oB+6xEC1hd5cmL0P3s1G/dRe1E7o6ZXnLROw3Z2E8=',NULL,0,'nsharp','Courtney','Bates','sarah66@hotmail.com',0,1,'2019-06-20 20:13:32.203472',NULL,NULL,NULL,'joseph10@ulisboa.pt',NULL,NULL,NULL,'PT',NULL,NULL,'Student','');
INSERT INTO users_appuser VALUES(176,'pbkdf2_sha256$120000$aaYC90jPi7j7$I4UR++/YLbaLtNmAbmLB9ie0YenjYplXFORRggv2Bec=',NULL,0,'wmckinney','William','Sutton','natashablack@gmail.com',0,1,'2019-06-20 20:13:32.370007',NULL,NULL,NULL,'mary99@ulisboa.pt',NULL,NULL,NULL,'PT',NULL,NULL,'Student','');
INSERT INTO users_appuser VALUES(177,'pbkdf2_sha256$120000$VTRJp6z6TRV5$8PJHLaRrArKSoid4Fy4xkHQ8bWDjI13uBpErxVPfxXc=',NULL,0,'jennifermorrow','Kimberly','Fischer','xberry@yahoo.com',0,1,'2019-06-20 20:13:32.542809',NULL,NULL,NULL,'loweedwin@ulisboa.pt',NULL,NULL,NULL,'PT',NULL,NULL,'Student','');
INSERT INTO users_appuser VALUES(178,'pbkdf2_sha256$120000$F41MY67jyvB2$vYsap5F8cGU43S10057EPhhqxCh1bpjRwTfQ9ux6hss=',NULL,0,'mhunt','Kathryn','Cabrera','erik04@haas-powell.info',0,1,'2019-06-20 20:13:32.713038',NULL,NULL,NULL,'gregorymartin@ulisboa.pt',NULL,NULL,NULL,'PT',NULL,NULL,'Student','');
INSERT INTO users_appuser VALUES(179,'pbkdf2_sha256$120000$ppoGV2m17dj7$+XCnY71hsMS7QO/NTakWdReg3s4mCRZfN8ww2eD3xKA=',NULL,0,'brennannathan','Susan','Martin','zstout@sherman.info',0,1,'2019-06-20 20:13:32.888154',NULL,NULL,NULL,'brian21@ulisboa.pt',NULL,NULL,NULL,'PT',NULL,NULL,'Student','');
INSERT INTO users_appuser VALUES(180,'pbkdf2_sha256$120000$EwQFggP4VkMJ$e2NoLp2fz5TB845ZGQHfeJQvmy+0dlmRFfqHRA7GMA4=',NULL,0,'wphillips','Tony','Martin','sarah23@yahoo.com',0,1,'2019-06-20 20:13:33.067504',NULL,NULL,NULL,'elizabeth88@ulisboa.pt',NULL,NULL,NULL,'PT',NULL,NULL,'Student','');
INSERT INTO users_appuser VALUES(181,'pbkdf2_sha256$120000$2Eu9QOLvy2oC$+jFMlkMvD/Siz36Twu9NsVUMWbfzCnGWLEekl34YMpM=',NULL,0,'dayeric','Betty','Holt','jacob23@neal.net',0,1,'2019-06-20 20:13:33.237876',NULL,NULL,NULL,'branchjennifer@ulisboa.pt',NULL,NULL,NULL,'PT',NULL,NULL,'Student','');
INSERT INTO users_appuser VALUES(182,'pbkdf2_sha256$120000$W7FWXP72gb0z$OKtj3iUlEWn9INX4ZJnL/GwY2MYJB6zO1D2YFeLgU3g=',NULL,0,'armstrongrobert','Jesus','Davis','ocooper@flowers-morrison.org',0,1,'2019-06-20 20:13:33.419921',NULL,NULL,NULL,'kayla58@ulisboa.pt',NULL,NULL,NULL,'PT',NULL,NULL,'Student','');
INSERT INTO users_appuser VALUES(183,'pbkdf2_sha256$120000$uglNH4DvAwVp$is9y4TT5UnIwOL/CsbTGr7/cxB81M/R31HLS8M3P3w0=',NULL,0,'ramirezedwin','Gregory','Jordan','mcguirekathleen@valentine.com',0,1,'2019-06-20 20:13:33.594631',NULL,NULL,NULL,'stephen85@ulisboa.pt',NULL,NULL,NULL,'PT',NULL,NULL,'Student','');
INSERT INTO users_appuser VALUES(184,'pbkdf2_sha256$120000$CW3LHNfDqZpY$6ZjtgBUbWNWpJiuglfKKHfwRaFhUvyKwmnXi4QyQ4Bc=',NULL,0,'travis21','Patrick','Price','wpatterson@gmail.com',0,1,'2019-06-20 20:13:33.760808',NULL,NULL,NULL,'butlernicole@ulisboa.pt',NULL,NULL,NULL,'PT',NULL,NULL,'Student','');
INSERT INTO users_appuser VALUES(185,'pbkdf2_sha256$120000$D7sqkKVGFDXr$YGy76UXFL/2q+wO3IkONRGKisysdahVMQEc6X9QXBTY=',NULL,0,'lisa13','Robert','Clarke','kerremily@miller-trujillo.com',0,1,'2019-06-20 20:13:33.935534',NULL,NULL,NULL,'kylebrewer@ulisboa.pt',NULL,NULL,NULL,'PT',NULL,NULL,'Student','');
INSERT INTO users_appuser VALUES(186,'pbkdf2_sha256$120000$p1LptJVvaA5P$0yFyJfoF93p9fOjs+gywo3yE3LREoQYy6PmWWbZE/YA=',NULL,0,'hickskelly','Kevin','Olson','taylorspencer@campbell-banks.info',0,1,'2019-06-20 20:13:34.111239',NULL,NULL,NULL,'andrea79@ulisboa.pt',NULL,NULL,NULL,'PT',NULL,NULL,'Student','');
INSERT INTO users_appuser VALUES(187,'pbkdf2_sha256$120000$cIFzGR86Y9jq$FYiERX1Y9wO4absHlRC+owOsjM1dA0WI/JIz8uq7uio=',NULL,0,'ishelton','Bruce','Spencer','charlotte15@abbott.com',0,1,'2019-06-20 20:13:34.280592',NULL,NULL,NULL,'ibarrajon@ulisboa.pt',NULL,NULL,NULL,'PT',NULL,NULL,'Student','');
INSERT INTO users_appuser VALUES(188,'pbkdf2_sha256$120000$4LFNyGsfB3Ek$oQXYD5ar6yXxwQNEl2F8fxXKMwmsRiImj8k6MVnlJGs=',NULL,0,'robin56','Donald','Guerrero','priceryan@sanchez-green.com',0,1,'2019-06-20 20:13:34.451469',NULL,NULL,NULL,'boltonkristopher@ulisboa.pt',NULL,NULL,NULL,'PT',NULL,NULL,'Student','');
INSERT INTO users_appuser VALUES(189,'pbkdf2_sha256$120000$Qm9CydNAEKk4$Ugmrap9InnQAKXEKjBy6tU2xe8alviWtxOdT0CjLpvw=',NULL,0,'arnoldamanda','Melissa','Christensen','dryan@torres-padilla.com',0,1,'2019-06-20 20:13:34.614989',NULL,NULL,NULL,'gregoryanderson@ulisboa.pt',NULL,NULL,NULL,'PT',NULL,NULL,'Student','');
INSERT INTO users_appuser VALUES(190,'pbkdf2_sha256$120000$X0uydNA1PiY2$6vmZRjMDpJq+6NyNC0e8NTEP0tGV+WeHIRHTQiJbdYY=',NULL,0,'edwardsemily','James','Elliott','kevin80@torres.org',0,1,'2019-06-20 20:13:34.788712',NULL,NULL,NULL,'brookebrennan@ulisboa.pt',NULL,NULL,NULL,'PT',NULL,NULL,'Student','');
INSERT INTO users_appuser VALUES(191,'pbkdf2_sha256$120000$ZlEw8lpWALY4$TFmhh107mGaQcaa3AlG4Q27UR3tCpoSg8HpEbRAuWb0=',NULL,0,'brent26','Brenda','Pacheco','stephenssandra@rangel.org',0,1,'2019-06-20 20:13:34.956560',NULL,NULL,NULL,'youngjessica@ulisboa.pt',NULL,NULL,NULL,'PT',NULL,NULL,'Student','');
INSERT INTO users_appuser VALUES(192,'pbkdf2_sha256$120000$CXtbNpTghZC7$+3RaPQvpK7t8+iNnoKemwUSqywAHlpy8ybT1aQRe97M=',NULL,0,'jorgeweiss','Matthew','Curry','jamesbrown@hotmail.com',0,1,'2019-06-20 20:13:35.125829',NULL,NULL,NULL,'johnstonmatthew@ulisboa.pt',NULL,NULL,NULL,'PT',NULL,NULL,'Student','');
INSERT INTO users_appuser VALUES(193,'pbkdf2_sha256$120000$f8TUvNk710lb$1ZKTXb2yQL3iZ8ih1dcdywrGDnganqAZhArWRjaJszQ=',NULL,0,'lopezvictoria','Rachel','Pennington','danajohnson@gallegos-shepard.com',0,1,'2019-06-20 20:13:35.290601',NULL,NULL,NULL,'davismichael@ulisboa.pt',NULL,NULL,NULL,'PT',NULL,NULL,'Student','');
INSERT INTO users_appuser VALUES(194,'pbkdf2_sha256$120000$FDNGUsUN1fiD$jfpAmKIYizQ8DcummeZ3hqIdgu+OqHctgHHOS7xygVY=',NULL,0,'sextonheather','Hannah','Rodriguez','debra17@yahoo.com',0,1,'2019-06-20 20:13:35.460951',NULL,NULL,NULL,'elizabethadams@ulisboa.pt',NULL,NULL,NULL,'PT',NULL,NULL,'Student','');
INSERT INTO users_appuser VALUES(195,'pbkdf2_sha256$120000$tWO8dMnp2KMn$pGv6ff8PYCu/l2vy4amdFOVlCKxjjVo8HWE0XFKM59o=',NULL,0,'twilliams','John','Brown','halljustin@yahoo.com',0,1,'2019-06-20 20:13:35.623811',NULL,NULL,NULL,'ashleyshelton@ulisboa.pt',NULL,NULL,NULL,'PT',NULL,NULL,'Student','');
INSERT INTO users_appuser VALUES(196,'pbkdf2_sha256$120000$a39XhE8kpYxt$C6qA+lZTiwEYQWp5U/GYKjfL3L1TJ0cOKc+w9PnmpIw=',NULL,0,'egeorge','Rodney','Gonzalez','danamullins@mcdaniel.com',0,1,'2019-06-20 20:13:35.805315',NULL,NULL,NULL,'slindsey@ulisboa.pt',NULL,NULL,NULL,'PT',NULL,NULL,'Student','');
INSERT INTO users_appuser VALUES(197,'pbkdf2_sha256$120000$y8gf2cwB76Rq$y3eTkIYTHNutNHSOZmw7vCD0phDvziFsz6dSdqJMPbM=',NULL,0,'taylor13','Ashley','Berg','matthewblanchard@collins.org',0,1,'2019-06-20 20:13:35.975058',NULL,NULL,NULL,'smithmichael@ulisboa.pt',NULL,NULL,NULL,'PT',NULL,NULL,'Student','');
INSERT INTO users_appuser VALUES(198,'pbkdf2_sha256$120000$MgSFwU0cnjVY$ahuK48feCzzgkP9ow8XGUnIQj8qBKGOv3PrqZWDRNQc=',NULL,0,'shelly97','Angela','Gregory','jeremy17@lee-benson.com',0,1,'2019-06-20 20:13:36.146638',NULL,NULL,NULL,'carolayers@ulisboa.pt',NULL,NULL,NULL,'PT',NULL,NULL,'Student','');
INSERT INTO users_appuser VALUES(199,'pbkdf2_sha256$120000$9liw0GE2XwzQ$HYGU5qNMlGusIHrjZBZS9kapSDwUlIZJl+l1nfWml6A=',NULL,0,'gregory09','Leah','Perez','garciaheather@gmail.com',0,1,'2019-06-20 20:13:36.315472',NULL,NULL,NULL,'qlee@ulisboa.pt',NULL,NULL,NULL,'PT',NULL,NULL,'Student','');
INSERT INTO users_appuser VALUES(200,'pbkdf2_sha256$120000$fLzCHX6sZvBw$WwqUw4HhLnz/UOYb6McODrhbhDsbyVucifDkoDAbwCo=',NULL,0,'cjackson','Tara','Gibson','sowens@yahoo.com',0,1,'2019-06-20 20:13:36.483298',NULL,NULL,NULL,'rwells@ulisboa.pt',NULL,NULL,NULL,'PT',NULL,NULL,'Student','');
INSERT INTO users_appuser VALUES(201,'pbkdf2_sha256$120000$jbXRwzrlTqC3$c5TfSSNZlnAt59bHP9rFlEa/X7zDrUjAAd1Xdk9zA5s=',NULL,0,'scottkramer','Hannah','Sherman','bryansandra@hopkins.com',0,1,'2019-06-20 20:13:36.666484',NULL,NULL,NULL,'mikepearson@ulisboa.pt',NULL,NULL,NULL,'PT',NULL,NULL,'Student','');
INSERT INTO users_appuser VALUES(202,'pbkdf2_sha256$120000$ZKGPiZVg63jM$RnpiEo+U9w0mfrlIKPXs+AOhstrGw0bFlgy//Vl0OyE=',NULL,0,'ihunter','Elizabeth','Rowland','briannaburton@jones.net',0,1,'2019-06-20 20:13:36.851640',NULL,NULL,NULL,'thompsonzachary@ulisboa.pt',NULL,NULL,NULL,'PT',NULL,NULL,'Student','');
INSERT INTO users_appuser VALUES(203,'pbkdf2_sha256$120000$Vs0tHVVHLnD6$pT9fvcmlcZ1EMjE/nWdlzaObjWpFcEgTJ8hNA+RfKuI=',NULL,0,'jamesturner','Brooke','Vasquez','robinbarry@hotmail.com',0,1,'2019-06-20 20:13:37.046332',NULL,NULL,NULL,'rodriguezsue@ulisboa.pt',NULL,NULL,NULL,'PT',NULL,NULL,'Student','');
INSERT INTO users_appuser VALUES(204,'pbkdf2_sha256$120000$QsntcWofxfI5$aaF+gnn18OvPFG+Sw6J8JsqAvQy8Z7+nFF+6eAC3J2E=',NULL,0,'patricia77','Monica','Villarreal','emily69@yahoo.com',0,1,'2019-06-20 20:13:37.227743',NULL,NULL,NULL,'colemanstacy@ulisboa.pt',NULL,NULL,NULL,'PT',NULL,NULL,'Student','');
INSERT INTO users_appuser VALUES(205,'pbkdf2_sha256$120000$kwH4U1LlpMTl$qDKpFCf7Q2b8Al87OQCeNwPGrHFFumAPJpGq/HMAM7Q=',NULL,0,'chelsea43','Laura','Schwartz','marissacarter@thompson.com',0,1,'2019-06-20 20:13:37.389557',NULL,NULL,NULL,'jbishop@ulisboa.pt',NULL,NULL,NULL,'PT',NULL,NULL,'Student','');
INSERT INTO users_appuser VALUES(206,'pbkdf2_sha256$120000$lng8c584ngW1$gTZ+5Gry59Rdzd7u6Vl2LbQpBfT0zuJia6Bj36uB22E=',NULL,0,'dmyers','Steven','Jensen','kayla75@gmail.com',0,1,'2019-06-20 20:13:37.552835',NULL,NULL,NULL,'wongstephanie@ulisboa.pt',NULL,NULL,NULL,'PT',NULL,NULL,'Student','');
INSERT INTO users_appuser VALUES(207,'pbkdf2_sha256$120000$jxmML4B6M3I8$jbxdWF5+4FkITIOBp1ffQGKra03pbzjVA9g3HQk9bRU=',NULL,0,'nelsonkevin','Gary','Walters','otaylor@gmail.com',0,1,'2019-06-20 20:13:37.729919',NULL,NULL,NULL,'lweaver@ulisboa.pt',NULL,NULL,NULL,'PT',NULL,NULL,'Student','');
INSERT INTO users_appuser VALUES(208,'pbkdf2_sha256$120000$UWb7vDfU03HE$2LB0OvY0jy6f15eqNCOO3lXNL+7jBH6iSuTvn/1VyEI=',NULL,0,'lopezbradley','Diana','Nguyen','douglas79@barker.com',0,1,'2019-06-20 20:13:37.900257',NULL,NULL,NULL,'tami44@ulisboa.pt',NULL,NULL,NULL,'PT',NULL,NULL,'Student','');
INSERT INTO users_appuser VALUES(209,'pbkdf2_sha256$120000$FPskkksVJXKj$JbK9loJXefPmGO/Hhestb9OsHebWHWMxTpKpwIa/q+I=',NULL,0,'iward','Samantha','Griffith','angelamcdaniel@gmail.com',0,1,'2019-06-20 20:13:38.070419',NULL,NULL,NULL,'reynoldsdaniel@ulisboa.pt',NULL,NULL,NULL,'PT',NULL,NULL,'Student','');
INSERT INTO users_appuser VALUES(210,'pbkdf2_sha256$120000$CYu3FCRqPyps$2dXrj9J9Q5jNspXFiIYGw2DqF7cDtUqkwUZMHsrOgUc=',NULL,0,'elizabethweiss','Brandy','Nunez','wrightaaron@hotmail.com',0,1,'2019-06-20 20:13:38.249219',NULL,NULL,NULL,'daydonald@ulisboa.pt',NULL,NULL,NULL,'PT',NULL,NULL,'Student','');
INSERT INTO users_appuser VALUES(211,'pbkdf2_sha256$120000$jOGsZren0wJP$ajz0TYfkFmv4zQqyk5D+AJsPqVsTj9mhSUsL8WynLKI=',NULL,0,'kellysmith','Jacob','Newman','jtaylor@gmail.com',0,1,'2019-06-20 20:13:38.417288',NULL,NULL,NULL,'smathews@ulisboa.pt',NULL,NULL,NULL,'PT',NULL,NULL,'Student','');
INSERT INTO users_appuser VALUES(212,'pbkdf2_sha256$120000$NeoLfHJnHdAb$RzmX3PgXyqOF5PNqeD5OsuMoZsXaH0EQDExlf0dt+tk=',NULL,0,'spencerkevin','Paula','Nguyen','mcmillanvalerie@yahoo.com',0,1,'2019-06-20 20:13:38.591176',NULL,NULL,NULL,'smithsamuel@ulisboa.pt',NULL,NULL,NULL,'PT',NULL,NULL,'Student','');
INSERT INTO users_appuser VALUES(213,'pbkdf2_sha256$120000$G3d7pUCTGIuY$XJjIX5KDASQiCTTl+VA04v9GZxmn5+1BOe0Lz2DGq4s=',NULL,0,'brandon47','James','Martinez','sandrathomas@bowman.com',0,1,'2019-06-20 20:13:38.759544',NULL,NULL,NULL,'david29@ulisboa.pt',NULL,NULL,NULL,'PT',NULL,NULL,'Student','');
INSERT INTO users_appuser VALUES(214,'pbkdf2_sha256$120000$7WFpoyLjSmoc$YXL4GW7Vzc0q7g081dDoBRjs9i7yUNRM3k00VAj4T9k=',NULL,0,'cwilson','Nancy','Garza','rebeccajacobs@smith-pacheco.com',0,1,'2019-06-20 20:13:38.929119',NULL,NULL,NULL,'adamsvalerie@ulisboa.pt',NULL,NULL,NULL,'PT',NULL,NULL,'Student','');
INSERT INTO users_appuser VALUES(215,'pbkdf2_sha256$120000$bxpIhgBQbf4g$HcyP0R0MdZtv5Bi/eQ2Ly+RCiB9yn1KqXayzwDkHWQI=',NULL,0,'bakertammy','Mary','Allen','pgibson@yahoo.com',0,1,'2019-06-20 20:13:39.113688',NULL,NULL,NULL,'martinezjohn@ulisboa.pt',NULL,NULL,NULL,'PT',NULL,NULL,'Student','');
INSERT INTO users_appuser VALUES(216,'pbkdf2_sha256$120000$rAMGIHpoax59$UTeCOk9hsc67+ek0eJADP31oAHh6CWUMB0L5jmF3vts=',NULL,0,'acervantes','Sarah','Hanson','allisonkenneth@weaver.com',0,1,'2019-06-20 20:13:39.286162',NULL,NULL,NULL,'felicia88@ulisboa.pt',NULL,NULL,NULL,'PT',NULL,NULL,'Student','');
INSERT INTO users_appuser VALUES(217,'pbkdf2_sha256$120000$Mibx4VljtmbM$aZNRJxSTQsWBQDv/PjqkpKl5PWva77RXhpwQjUhmZwA=',NULL,0,'wclark','Ronald','Douglas','langlaurie@johnson.com',0,1,'2019-06-20 20:13:39.461885',NULL,NULL,NULL,'cummingskent@ulisboa.pt',NULL,NULL,NULL,'PT',NULL,NULL,'Student','');
INSERT INTO users_appuser VALUES(218,'pbkdf2_sha256$120000$LMFTUogCrMU2$A6jGDEOO/5ibXHzpS5nYidcSjB7MKJMQ59zbqCoGl54=',NULL,0,'david93','Keith','Smith','jacksonlindsay@ellis-evans.com',0,1,'2019-06-20 20:13:39.638045',NULL,NULL,NULL,'stefanie83@ulisboa.pt',NULL,NULL,NULL,'PT',NULL,NULL,'Student','');
INSERT INTO users_appuser VALUES(219,'pbkdf2_sha256$120000$cO6Aq7s99cUF$78g5U+Qt326IqC5L543PsvE/UJY0FIFavLM881kNpOg=',NULL,0,'jessica52','Francis','White','stevenrobinson@gmail.com',0,1,'2019-06-20 20:13:39.802744',NULL,NULL,NULL,'brittanygriffin@ulisboa.pt',NULL,NULL,NULL,'PT',NULL,NULL,'Student','');
INSERT INTO users_appuser VALUES(220,'pbkdf2_sha256$120000$rsR70GlhwIEU$LblRzZYsybsxjiJ5K1awPtRqEg62pifJ6eaJNFYNVIQ=',NULL,0,'trobinson','Ricardo','Meyers','tcampbell@yahoo.com',0,1,'2019-06-20 20:13:39.977603',NULL,NULL,NULL,'ynunez@ulisboa.pt',NULL,NULL,NULL,'PT',NULL,NULL,'Student','');
INSERT INTO users_appuser VALUES(221,'pbkdf2_sha256$120000$Bt02GHaPsaKW$aCQnI6Sfm+sLAlit6cezN7cSpdz+uSPO09ri7F8KHxw=',NULL,0,'graylaura','Glenn','Washington','kgarcia@torres.com',0,1,'2019-06-20 20:13:40.158896',NULL,NULL,NULL,'pamcontreras@ulisboa.pt',NULL,NULL,NULL,'PT',NULL,NULL,'Student','');
INSERT INTO users_appuser VALUES(222,'pbkdf2_sha256$120000$Sees7Sz4KcFk$/xi6nSqF4Tk4RE9wJuTSnVds/xd0xzbRR3KSjKeSMlg=',NULL,0,'susandiaz','Margaret','Collins','bweber@williams.com',0,1,'2019-06-20 20:13:40.328823',NULL,NULL,NULL,'kennedyjulia@ulisboa.pt',NULL,NULL,NULL,'PT',NULL,NULL,'Student','');
INSERT INTO users_appuser VALUES(223,'pbkdf2_sha256$120000$Dg1dJito5DEz$bp+VedO8qVB6HHrnQVWg1lxdnalZEwGNrd3paQyc/gg=',NULL,0,'bakerdawn','Deborah','Valencia','mileslaura@jones.com',0,1,'2019-06-20 20:13:40.505528',NULL,NULL,NULL,'catherinehancock@ulisboa.pt',NULL,NULL,NULL,'PT',NULL,NULL,'Student','');
INSERT INTO users_appuser VALUES(224,'pbkdf2_sha256$120000$dY2VqrtKVEYV$s4Wro5H8QR74g3YEoDxn8GFAjQp0GpXtMH0vbvRc98g=',NULL,0,'davidfrazier','Morgan','Miller','jacobmurphy@gmail.com',0,1,'2019-06-20 20:13:40.677241',NULL,NULL,NULL,'erin25@ulisboa.pt',NULL,NULL,NULL,'PT',NULL,NULL,'Student','');
INSERT INTO users_appuser VALUES(225,'pbkdf2_sha256$120000$7hPES4lxNord$wAdsBdxjlEBQoc9Pvj4kew6hOKmdEyBOCVrOXMB0t1g=',NULL,0,'victornelson','Lisa','Garcia','kevin04@gmail.com',0,1,'2019-06-20 20:13:40.855745',NULL,NULL,NULL,'sabrinachurch@ulisboa.pt',NULL,NULL,NULL,'PT',NULL,NULL,'Student','');
INSERT INTO users_appuser VALUES(226,'pbkdf2_sha256$120000$ZSxVWaZ0HT03$VY9RJt/Cjh2HbC7i0JnauNJ3pBhx3lkXOcIFbwYHPOU=',NULL,0,'melanie87','Patricia','Williams','suzanne97@hotmail.com',0,1,'2019-06-20 20:13:41.023617',NULL,NULL,NULL,'austinjohn@ulisboa.pt',NULL,NULL,NULL,'PT',NULL,NULL,'Student','');
INSERT INTO users_appuser VALUES(227,'pbkdf2_sha256$120000$3yCqEcAmKxer$S7QNz+3iDij3SAe4zHHRIqIUgtFhpW2eiLfajN5tb10=',NULL,0,'tanneranthony','Audrey','Chavez','molly89@johnson.com',0,1,'2019-06-20 20:13:41.186522',NULL,NULL,NULL,'michaela49@ulisboa.pt',NULL,NULL,NULL,'PT',NULL,NULL,'Student','');
INSERT INTO users_appuser VALUES(228,'pbkdf2_sha256$120000$oPUZggldGctM$Un4/3qwsj/MEp3kNevzOPeA8ZmO8LPAEQdI/XZ1TUxo=',NULL,0,'tiffany96','Jesus','Henderson','yfoley@myers.com',0,1,'2019-06-20 20:13:41.351463',NULL,NULL,NULL,'lthompson@ulisboa.pt',NULL,NULL,NULL,'PT',NULL,NULL,'Student','');
INSERT INTO users_appuser VALUES(229,'pbkdf2_sha256$120000$JLosIx4ykxP8$Cwj5tSu2py2/WFg3VI+aMkcWSf1kZQmNQFAmHZeroLI=',NULL,0,'walter82','Debra','Lawrence','hinesgregory@yahoo.com',0,1,'2019-06-20 20:13:41.532392',NULL,NULL,NULL,'micheal31@ulisboa.pt',NULL,NULL,NULL,'PT',NULL,NULL,'Student','');
INSERT INTO users_appuser VALUES(230,'pbkdf2_sha256$120000$cdUBoRrgHMAD$y7nKh60Kvnn/t3Jw/HdBbCUIE3R6CmQsoT7h/fcUK6c=',NULL,0,'paul42','Angela','Brock','parkerchristina@hotmail.com',0,1,'2019-06-20 20:13:41.700323',NULL,NULL,NULL,'tyrone67@ulisboa.pt',NULL,NULL,NULL,'PT',NULL,NULL,'Student','');
INSERT INTO users_appuser VALUES(231,'pbkdf2_sha256$120000$Z5K7GcP8GQx7$LmQBCVB3m3KBcfceCXq/hoihRv2xbnjUrv7NYyc2Nfs=',NULL,0,'hahnrebecca','Dean','Crosby','patelrachel@yahoo.com',0,1,'2019-06-20 20:13:41.870085',NULL,NULL,NULL,'mlozano@ulisboa.pt',NULL,NULL,NULL,'PT',NULL,NULL,'Student','');
INSERT INTO users_appuser VALUES(232,'pbkdf2_sha256$120000$CseIaPLD4kqw$cS40dlMrHYIfJrzmIBvxWTCg9kmbqsbTskJYHZfiD3A=',NULL,0,'jensensandra','Amy','Johns','andreabrown@hotmail.com',0,1,'2019-06-20 20:13:42.043265',NULL,NULL,NULL,'lclark@ulisboa.pt',NULL,NULL,NULL,'PT',NULL,NULL,'Student','');
INSERT INTO users_appuser VALUES(233,'pbkdf2_sha256$120000$0HVdA2mzQ3FZ$lLUrHnEQqSvrlaJ6gaD70yA3b6ABqF0huZlyDHoZWnU=',NULL,0,'katrina91','Andrew','Ferguson','amiller@nichols.com',0,1,'2019-06-20 20:13:42.223231',NULL,NULL,NULL,'cruzmichael@ulisboa.pt',NULL,NULL,NULL,'PT',NULL,NULL,'Student','');
INSERT INTO users_appuser VALUES(234,'pbkdf2_sha256$120000$9LVUnLeAV4b5$8tVXFrCJk5Likysa/vRtTJmb6088VDSY1hamsrUPtU0=',NULL,0,'kimberlynorris','Amy','Mullen','maria05@yahoo.com',0,1,'2019-06-20 20:13:42.395657',NULL,NULL,NULL,'cturner@ulisboa.pt',NULL,NULL,NULL,'PT',NULL,NULL,'Student','');
INSERT INTO users_appuser VALUES(235,'pbkdf2_sha256$120000$RBmFePF5Y3wV$qy0gpfXj8pC71UKWSK+o9rgSk2pl9qe6wA1AWaYo308=',NULL,0,'weavertina','Jessica','Carter','ssantos@berry.net',0,1,'2019-06-20 20:13:42.570371',NULL,NULL,NULL,'hammondmichael@ulisboa.pt',NULL,NULL,NULL,'PT',NULL,NULL,'Student','');
INSERT INTO users_appuser VALUES(236,'pbkdf2_sha256$120000$iSBUbBbw2aJB$IYvPQJd7M2MINc5o5K/WJLP7qo7w1/buyWaP4vcxKrg=',NULL,0,'jessicawalsh','Barbara','Simon','taylorbennett@castillo.com',0,1,'2019-06-20 20:13:42.736376',NULL,NULL,NULL,'johnsoncassandra@ulisboa.pt',NULL,NULL,NULL,'PT',NULL,NULL,'Student','');
INSERT INTO users_appuser VALUES(237,'pbkdf2_sha256$120000$G3a2b5SmrsjM$SVHQ8002Ho7aFuydX6WtVlS56+/NJOhX2tOL+v4kLu4=',NULL,0,'mark87','Olivia','Garcia','walshkaren@jackson.info',0,1,'2019-06-20 20:13:43.009251',NULL,NULL,NULL,'lisaburns@ulisboa.pt',NULL,NULL,NULL,'PT',NULL,NULL,'Student','');
INSERT INTO users_appuser VALUES(238,'pbkdf2_sha256$120000$HTlfwHSdO7EX$xWmNm2rsMN6tlCz2kO0Hpy4tNQ24+UlSG0jIqL4ivw8=',NULL,0,'angela48','Jacob','Serrano','alex13@bryant.net',0,1,'2019-06-20 20:13:43.179737',NULL,NULL,NULL,'tinayates@ulisboa.pt',NULL,NULL,NULL,'PT',NULL,NULL,'Student','');
INSERT INTO users_appuser VALUES(239,'pbkdf2_sha256$120000$XUsmLx5bNffh$2AEJy1v7d7Dvi08EQojoqym56KEdG4xMoXSBw/66l6Y=',NULL,0,'kblevins','John','Blackwell','susan41@gmail.com',0,1,'2019-06-20 20:13:43.340859',NULL,NULL,NULL,'heatherkline@ulisboa.pt',NULL,NULL,NULL,'PT',NULL,NULL,'Student','');
INSERT INTO users_appuser VALUES(240,'pbkdf2_sha256$120000$Q0ZoQJBFslvr$jXqOh31eiJTLAKNcbRciebwnwaH7RCoRTfrSHHfs6UA=',NULL,0,'thomas41','Jennifer','Hernandez','xmarshall@macias-davis.org',0,1,'2019-06-20 20:13:43.507329',NULL,NULL,NULL,'davisdylan@ulisboa.pt',NULL,NULL,NULL,'PT',NULL,NULL,'Student','');
INSERT INTO users_appuser VALUES(241,'pbkdf2_sha256$120000$G6LGUu2YweId$Hm1nhG3LhPUsN790I3FyUw2VWq1nF9xSVmKBmKHNNJE=',NULL,0,'jonathon49','Jeremy','Johnston','vanessasoto@yahoo.com',0,1,'2019-06-20 20:13:43.676276',NULL,NULL,NULL,'speters@ulisboa.pt',NULL,NULL,NULL,'PT',NULL,NULL,'Student','');
INSERT INTO users_appuser VALUES(242,'pbkdf2_sha256$120000$qV7tvQI0pey4$jGr9bqsPGz9fZwsHxKx2HqaC+g2qxgKvBWtDk+UmRZ8=',NULL,0,'andrewsolomon','Jennifer','Clark','michael67@monroe.com',0,1,'2019-06-20 20:13:43.867206',NULL,NULL,NULL,'yorkkelly@ulisboa.pt',NULL,NULL,NULL,'PT',NULL,NULL,'Student','');
INSERT INTO users_appuser VALUES(243,'pbkdf2_sha256$120000$ZaAKdjxdBQd8$mRqIts5ecqRk8gWfL/L69td8zD5RdqHIRcrf5IgubIY=',NULL,0,'erin59','Amber','Stephens','lisa25@rodriguez.org',0,1,'2019-06-20 20:13:44.060546',NULL,NULL,NULL,'zbowman@ulisboa.pt',NULL,NULL,NULL,'PT',NULL,NULL,'Student','');
INSERT INTO users_appuser VALUES(244,'pbkdf2_sha256$120000$233NPyq8MS3G$YERIVaCH4+VHZ8O5em0fct8ia/2FpkHndfbVC7f7Jq4=',NULL,0,'swhite','Manuel','Brown','swhite@long-nelson.com',0,1,'2019-06-20 20:13:44.262265',NULL,NULL,NULL,'anna15@ulisboa.pt',NULL,NULL,NULL,'PT',NULL,NULL,'Student','');
INSERT INTO users_appuser VALUES(245,'pbkdf2_sha256$120000$aSAy2aZmfTnf$jE/A5Idmt/ItoPPp5/HYov0zn0VC8UPPazGzYiZdkAc=',NULL,0,'nruiz','Kathy','Dillon','jessica83@gmail.com',0,1,'2019-06-20 20:13:44.434409',NULL,NULL,NULL,'julian59@ulisboa.pt',NULL,NULL,NULL,'PT',NULL,NULL,'Student','');
INSERT INTO users_appuser VALUES(246,'pbkdf2_sha256$120000$nFC67uy4SMdr$4Uc9cdCKv0MWqJ/MuDKCnICH/aIBojobX4EqeGIP3Eo=',NULL,0,'hmartin','Jennifer','Lang','michaelbradford@thomas.com',0,1,'2019-06-20 20:13:44.616281',NULL,NULL,NULL,'benitezkim@ulisboa.pt',NULL,NULL,NULL,'PT',NULL,NULL,'Student','');
INSERT INTO users_appuser VALUES(247,'pbkdf2_sha256$120000$5i3hHqhakM9n$DnaX54x+AUTSUVrSdm2ylflu3z/5Wi3HA62EQDM9QCM=',NULL,0,'james30','Stephanie','Horton','kylealexander@howell.com',0,1,'2019-06-20 20:13:44.794296',NULL,NULL,NULL,'stephenjohnson@ulisboa.pt',NULL,NULL,NULL,'PT',NULL,NULL,'Student','');
INSERT INTO users_appuser VALUES(248,'pbkdf2_sha256$120000$ODvljz0U1FHj$4+BDr1VJncpBMld6dOF3GWY8YRYMkr1cpWuPaYWbViA=',NULL,0,'craiggallagher','Belinda','Hernandez','mark43@yahoo.com',0,1,'2019-06-20 20:13:44.960292',NULL,NULL,NULL,'kmendez@ulisboa.pt',NULL,NULL,NULL,'PT',NULL,NULL,'Student','');
INSERT INTO users_appuser VALUES(249,'pbkdf2_sha256$120000$bGtEH2YVfnuQ$7qGnO24JTgYRnEuB3wPdrIQRDo2N9Hf0WLDTwONQ3Tg=',NULL,0,'alexandramaldonado','Kevin','Mckinney','nwaters@arellano.com',0,1,'2019-06-20 20:13:45.135213',NULL,NULL,NULL,'zsanchez@ulisboa.pt',NULL,NULL,NULL,'PT',NULL,NULL,'Student','');
INSERT INTO users_appuser VALUES(250,'pbkdf2_sha256$120000$q3WsPzhtoqEK$eK7xo64VHT8wbt5NVDG0lQlPfhrWTwaDtDKz8MBlyZQ=',NULL,0,'sandra09','Kyle','Riggs','gutierrezchristopher@gmail.com',0,1,'2019-06-20 20:13:45.308079',NULL,NULL,NULL,'gentrytammy@ulisboa.pt',NULL,NULL,NULL,'PT',NULL,NULL,'Student','');
INSERT INTO users_appuser VALUES(251,'pbkdf2_sha256$120000$AeZjJOpcIaAt$NVPlXP4cpoO4VL3xX4HEz2HrqxTCyi5+Nu2j0P0zC1A=',NULL,0,'adambarnett','Christopher','Hendrix','amanda49@wiley-castillo.com',0,1,'2019-06-20 20:13:45.473749',NULL,NULL,NULL,'nancystout@ulisboa.pt',NULL,NULL,NULL,'PT',NULL,NULL,'Student','');
INSERT INTO users_appuser VALUES(252,'pbkdf2_sha256$120000$kX3kFCsH380D$5NIpUc7TT85XLrvPF/tS4AMn0gIUmmShCYslSYOFrO0=',NULL,0,'shelly17','Erin','Holt','james03@yahoo.com',0,1,'2019-06-20 20:13:45.644035',NULL,NULL,NULL,'youngwillie@ulisboa.pt',NULL,NULL,NULL,'PT',NULL,NULL,'Student','');
INSERT INTO users_appuser VALUES(253,'pbkdf2_sha256$120000$OcB2WCPOZu19$BD6phtgYK6VUopTiXC6iqdcO2byoBD4spRR7CLsE5kg=',NULL,0,'aherring','Rebecca','Richardson','tracy17@woods-williams.com',0,1,'2019-06-20 20:13:45.813950',NULL,NULL,NULL,'hfigueroa@ulisboa.pt',NULL,NULL,NULL,'PT',NULL,NULL,'Student','');
INSERT INTO users_appuser VALUES(254,'pbkdf2_sha256$120000$cH15brtp2A5I$f7dwn1qeQq3muViXFDqVoV0BzoVx9oh6UeRdAt/D7D8=',NULL,0,'dsmith','Thomas','Casey','ehall@gmail.com',0,1,'2019-06-20 20:13:45.994237',NULL,NULL,NULL,'michaelkirk@ulisboa.pt',NULL,NULL,NULL,'PT',NULL,NULL,'Student','');
INSERT INTO users_appuser VALUES(255,'pbkdf2_sha256$120000$x68YrHNOor2p$vGi9XW/Hl32KHfQ2fqb0yAgUYvJaTnDy35sehImpMx8=',NULL,0,'jessica09','Bonnie','Ross','adavis@gmail.com',0,1,'2019-06-20 20:13:46.164877',NULL,NULL,NULL,'blakematthew@ulisboa.pt',NULL,NULL,NULL,'PT',NULL,NULL,'Student','');
INSERT INTO users_appuser VALUES(256,'pbkdf2_sha256$120000$OsQT5fDc2Gdw$BByC9rmTorhKKLcLrU4TRuPKYiE/w9JUztjvFX7IASI=',NULL,0,'bryantchristopher','Katrina','French','evansjanice@norton.com',0,1,'2019-06-20 20:13:46.344351',NULL,NULL,NULL,'virginia42@ulisboa.pt',NULL,NULL,NULL,'PT',NULL,NULL,'Student','');
INSERT INTO users_appuser VALUES(257,'pbkdf2_sha256$120000$0vyEnUFYTmhU$MbQ3jTLDkotltt/eQookBXvEdhfhCB6TvSaFeW0NH5g=',NULL,0,'judith65','Jill','Nelson','kellytaylor@robinson.com',0,1,'2019-06-20 20:13:46.521493',NULL,NULL,NULL,'wmartinez@ulisboa.pt',NULL,NULL,NULL,'PT',NULL,NULL,'Student','');
INSERT INTO users_appuser VALUES(258,'pbkdf2_sha256$120000$CGhz84iT53D9$K7FArzVAC/dCwZYEmWnawDPZgUzBPQy8o3j82BpzqaQ=',NULL,0,'vincentbrown','Angela','Hunt','ngarcia@mccoy.net',0,1,'2019-06-20 20:13:46.705122',NULL,NULL,NULL,'jessica30@ulisboa.pt',NULL,NULL,NULL,'PT',NULL,NULL,'Student','');
INSERT INTO users_appuser VALUES(259,'pbkdf2_sha256$120000$IktzIkPItP2m$JB8qtB1RBdXfFm/aCVJx94XPZ3cTG9kNM3i9+4/6OEM=',NULL,0,'blee','Tracey','Lang','ramirezheather@turner-henderson.biz',0,1,'2019-06-20 20:13:46.874278',NULL,NULL,NULL,'bonnie00@ulisboa.pt',NULL,NULL,NULL,'PT',NULL,NULL,'Student','');
INSERT INTO users_appuser VALUES(260,'pbkdf2_sha256$120000$Wlp1s3OUewQH$PeqygHEmshhvvS3kFxjA/VDGhOUqHuNcwFqxbZ0ZJDE=',NULL,0,'nicolehess','Thomas','Bennett','ballsandra@lopez.com',0,1,'2019-06-20 20:13:47.068055',NULL,NULL,NULL,'zrodriguez@ulisboa.pt',NULL,NULL,NULL,'PT',NULL,NULL,'Student','');
INSERT INTO users_appuser VALUES(261,'pbkdf2_sha256$120000$NheRZJP6zv9O$8AJWYsHdlvSpVyzJXVllRMaEcjIxAg2LGukQqjLC+CE=',NULL,0,'wrightmichael','Max','Beard','flynnthomas@yahoo.com',0,1,'2019-06-20 20:13:47.235782',NULL,NULL,NULL,'amandadavis@ulisboa.pt',NULL,NULL,NULL,'PT',NULL,NULL,'Student','');
INSERT INTO users_appuser VALUES(262,'pbkdf2_sha256$120000$BncWxh3pDLSt$UGhj0qLrZ1vqPCu64CP5s402TJWwyOoQiFBrbbZ0LXQ=',NULL,0,'anthonychristensen','Kelli','Owen','mcguirenancy@yahoo.com',0,1,'2019-06-20 20:13:47.398754',NULL,NULL,NULL,'iboyer@ulisboa.pt',NULL,NULL,NULL,'PT',NULL,NULL,'Student','');
INSERT INTO users_appuser VALUES(263,'pbkdf2_sha256$120000$I4WoXdgKu07Q$TpRPb1WTD8jWVt69cvk8y6Z7Rj4YFXh+onj40kaW9Eg=',NULL,0,'vsmith','Yvonne','Edwards','vcox@hotmail.com',0,1,'2019-06-20 20:13:47.563368',NULL,NULL,NULL,'danayang@ulisboa.pt',NULL,NULL,NULL,'PT',NULL,NULL,'Student','');
INSERT INTO users_appuser VALUES(264,'pbkdf2_sha256$120000$hSuuc6VoE2i7$kqW20VoOhQ29g4TLla2US7CQkfwybsTSwOVuCJuTfxA=',NULL,0,'browe','Kristin','Phillips','barryhall@turner.net',0,1,'2019-06-20 20:13:47.732150',NULL,NULL,NULL,'anthony73@ulisboa.pt',NULL,NULL,NULL,'PT',NULL,NULL,'Student','');
INSERT INTO users_appuser VALUES(265,'pbkdf2_sha256$120000$hZJyKYp6w3eL$xyrVlrae9kkSibzKRZLFyORFd2DbREYEgrnH7euze3Y=',NULL,0,'xkelly','Kenneth','Sanders','robinsonteresa@yahoo.com',0,1,'2019-06-20 20:13:47.900791',NULL,NULL,NULL,'richardjohnson@ulisboa.pt',NULL,NULL,NULL,'PT',NULL,NULL,'Student','');
INSERT INTO users_appuser VALUES(266,'pbkdf2_sha256$120000$yegOSaN1CQBj$yoO+pJy5WMKdtW0zfth2J4ZeLViRHjrnVVk0sdWX0wM=',NULL,0,'gmartin','Tammy','Nunez','thorntonmary@yahoo.com',0,1,'2019-06-20 20:13:48.076508',NULL,NULL,NULL,'whiteadrienne@ulisboa.pt',NULL,NULL,NULL,'PT',NULL,NULL,'Student','');
INSERT INTO users_appuser VALUES(267,'pbkdf2_sha256$120000$ddq8rhO58H16$KcIv4XDdG4Ol8D1eSiX7zDQKFrluABNAOkUmWBvPsIs=',NULL,0,'jamesgallagher','April','Jones','susan45@park.info',0,1,'2019-06-20 20:13:48.248767',NULL,NULL,NULL,'norrismatthew@ulisboa.pt',NULL,NULL,NULL,'PT',NULL,NULL,'Student','');
INSERT INTO users_appuser VALUES(268,'pbkdf2_sha256$120000$wjbqkTrr2YTg$CWyS5e4taGOmuqbkvqmaxWwu0rkGafitip9JPGU5kc0=',NULL,0,'marquezpaul','Sheri','Poole','david91@moore-dunn.net',0,1,'2019-06-20 20:13:48.424944',NULL,NULL,NULL,'stevencastro@ulisboa.pt',NULL,NULL,NULL,'PT',NULL,NULL,'Student','');
INSERT INTO users_appuser VALUES(269,'pbkdf2_sha256$120000$2L4Ge5M8KOlB$TZ/MvUGr0bL4/ttHxpFyIe4uv57zSAdsIfYUiwcsij0=',NULL,0,'fitzgeraldcassandra','Tara','Hawkins','lisajones@yahoo.com',0,1,'2019-06-20 20:13:48.594131',NULL,NULL,NULL,'donald72@ulisboa.pt',NULL,NULL,NULL,'PT',NULL,NULL,'Student','');
INSERT INTO users_appuser VALUES(270,'pbkdf2_sha256$120000$uwTt2j4zQKF2$yJ4lylPdya/4sqATc8gKZAPFY2wV2cgXQP5/4KBNz8k=',NULL,0,'peterwilliams','Laurie','White','david97@yahoo.com',0,1,'2019-06-20 20:13:48.798979',NULL,NULL,NULL,'daniel95@ulisboa.pt',NULL,NULL,NULL,'PT',NULL,NULL,'Student','');
INSERT INTO users_appuser VALUES(271,'pbkdf2_sha256$120000$Q2PjISEeWNvZ$LHIrf+z1mN8caOou1fY6gEdAaVFoAsgVaQbe20zPknc=',NULL,0,'cbenitez','William','Daniel','andrew70@smith-ramos.com',0,1,'2019-06-20 20:13:48.972217',NULL,NULL,NULL,'traneduardo@ulisboa.pt',NULL,NULL,NULL,'PT',NULL,NULL,'Student','');
INSERT INTO users_appuser VALUES(272,'pbkdf2_sha256$120000$2UQNtfwmV58O$wTHCfEWVr73JZcpVEzs/n8mv+Lh92pQ+PdabJf1Wb5w=',NULL,0,'christopher69','Ann','Porter','michaeladams@richardson-gonzalez.com',0,1,'2019-06-20 20:13:49.146526',NULL,NULL,NULL,'burgessjennifer@ulisboa.pt',NULL,NULL,NULL,'PT',NULL,NULL,'Student','');
INSERT INTO users_appuser VALUES(273,'pbkdf2_sha256$120000$rVArw3iOYSFP$RhHLur1yOsmlvHm7yz5TCPaR0bdJ0Vf1BscjorCeze8=',NULL,0,'justintrevino','Melanie','Gill','justingarner@hotmail.com',0,1,'2019-06-20 20:13:49.317273',NULL,NULL,NULL,'jessicagreene@ulisboa.pt',NULL,NULL,NULL,'PT',NULL,NULL,'Student','');
INSERT INTO users_appuser VALUES(274,'pbkdf2_sha256$120000$mizYDYtUBM2O$KkSvFNUk0vUsC2lAlUFQeye71m+4XdDY6ll4AJ6ezOg=',NULL,0,'warnernicholas','Steven','Hall','brianbrooks@berry.net',0,1,'2019-06-20 20:13:49.626427',NULL,NULL,NULL,'snorton@ulisboa.pt',NULL,NULL,NULL,'PT',NULL,NULL,'Student','');
INSERT INTO users_appuser VALUES(275,'pbkdf2_sha256$120000$88yenPayfTua$axdo8fmL8zolpHmbZAzSqZCrMj+4n0idhU0WpFIDOHg=',NULL,0,'dpatrick','Aaron','Richard','walterstyler@gmail.com',0,1,'2019-06-20 20:13:49.805899',NULL,NULL,NULL,'tjones@ulisboa.pt',NULL,NULL,NULL,'PT',NULL,NULL,'Student','');
INSERT INTO users_appuser VALUES(276,'pbkdf2_sha256$120000$qpwELsrBS2VI$3C6fPLs89G18WyV9LQrAYFUjWLlb/kX2J0yg8YGDH5Y=',NULL,0,'nwhite','Robert','Sanders','craig25@hotmail.com',0,1,'2019-06-20 20:13:49.975844',NULL,NULL,NULL,'randalljonathan@ulisboa.pt',NULL,NULL,NULL,'PT',NULL,NULL,'Student','');
INSERT INTO users_appuser VALUES(277,'pbkdf2_sha256$120000$E2qDvT927svh$wlEc4pxUObs4cg23+kxIRuHTWZXJ9alJ8CFK6XRqcpk=',NULL,0,'ygeorge','Karen','Mccormick','michaelwells@gmail.com',0,1,'2019-06-20 20:13:50.147887',NULL,NULL,NULL,'sheliastewart@ulisboa.pt',NULL,NULL,NULL,'PT',NULL,NULL,'Student','');
INSERT INTO users_appuser VALUES(278,'pbkdf2_sha256$120000$RuGlZRnww1q9$LC/Qqe3nBTPzwCskOyuRs/kp8Kg0+e3TzXnrc1q2lx0=',NULL,0,'rmercado','Andrew','Moore','jon89@davis.org',0,1,'2019-06-20 20:13:50.319137',NULL,NULL,NULL,'mclaughlinkaren@ulisboa.pt',NULL,NULL,NULL,'PT',NULL,NULL,'Student','');
INSERT INTO users_appuser VALUES(279,'pbkdf2_sha256$120000$tnBRH8GVDPAV$7j+3psUdoRxDDj3ahMQTIYscNcnUY0zYeWlV7AHu8fA=',NULL,0,'cfitzgerald','Rhonda','Miller','matthewsmith@yahoo.com',0,1,'2019-06-20 20:13:50.489393',NULL,NULL,NULL,'loriward@ulisboa.pt',NULL,NULL,NULL,'PT',NULL,NULL,'Student','');
INSERT INTO users_appuser VALUES(280,'pbkdf2_sha256$120000$9hsOHNm6fF8v$9YXQjXVIYIeEn8wjABAetTe+qo/LmdjM8/9PQx0a2N0=',NULL,0,'aimee23','Shannon','Wells','npalmer@williams.com',0,1,'2019-06-20 20:13:50.660089',NULL,NULL,NULL,'ncarroll@ulisboa.pt',NULL,NULL,NULL,'PT',NULL,NULL,'Student','');
INSERT INTO users_appuser VALUES(281,'pbkdf2_sha256$120000$r9z3nobHuJFU$8k0JkN4Of3Lc8yRPgNHywEGFKasNpOubH/MqEiV/jSs=',NULL,0,'greenmatthew','Matthew','Holloway','brian31@gmail.com',0,1,'2019-06-20 20:13:50.835882',NULL,NULL,NULL,'brentdiaz@ulisboa.pt',NULL,NULL,NULL,'PT',NULL,NULL,'Student','');
INSERT INTO users_appuser VALUES(282,'pbkdf2_sha256$120000$8KYPEunBXrA0$XDja6TZR1XdHIUE2aOZBzdtb7jONhKQPYRlUDRxckmk=',NULL,0,'bobby64','Jeremy','Jordan','hooperaaron@escobar.com',0,1,'2019-06-20 20:13:51.003991',NULL,NULL,NULL,'jason97@ulisboa.pt',NULL,NULL,NULL,'PT',NULL,NULL,'Student','');
INSERT INTO users_appuser VALUES(283,'pbkdf2_sha256$120000$RLpQViLiTdtQ$a8TXMEn5U/SFKqKWFeDFFen74YDydlooPve8yhPJVT8=',NULL,0,'zle','George','Stout','barry45@yahoo.com',0,1,'2019-06-20 20:13:51.182356',NULL,NULL,NULL,'gjenkins@ulisboa.pt',NULL,NULL,NULL,'PT',NULL,NULL,'Student','');
INSERT INTO users_appuser VALUES(284,'pbkdf2_sha256$120000$GwA37wz5uTZu$SPc8igL4TF9UKe6Qdn0eOx9QoZD8xwJjKCBw+ziTlms=',NULL,0,'xlynn','Tyler','Smith','mackenzieholland@gmail.com',0,1,'2019-06-20 20:13:51.342336',NULL,NULL,NULL,'samueltran@ulisboa.pt',NULL,NULL,NULL,'PT',NULL,NULL,'Student','');
INSERT INTO users_appuser VALUES(285,'pbkdf2_sha256$120000$hbGtAyjAwR6M$H+YMr7zjOIK7kpQ3HqPGWIoAXnA957xcdlTXdkCKjg4=',NULL,0,'hsmith','Anthony','Dean','ngalloway@simmons.com',0,1,'2019-06-20 20:13:51.508468',NULL,NULL,NULL,'ericbrown@ulisboa.pt',NULL,NULL,NULL,'PT',NULL,NULL,'Student','');
INSERT INTO users_appuser VALUES(286,'pbkdf2_sha256$120000$PvhNilsZIKik$VPvW2AIYYO31kE9XCbgFxLrFBKhYYm4PDVnYd/5M9Cg=',NULL,0,'mitchellnathan','Tiffany','Howell','ericksonbryan@gmail.com',0,1,'2019-06-20 20:13:51.673997',NULL,NULL,NULL,'ricelisa@ulisboa.pt',NULL,NULL,NULL,'PT',NULL,NULL,'Student','');
INSERT INTO users_appuser VALUES(287,'pbkdf2_sha256$120000$Y5aoca4QFTsr$fZXJYl/IfUBId7S3V6nViXHhLZ3KQYgTZp1a2WOFxH4=',NULL,0,'jschmidt','Rachel','Conley','rellison@porter.com',0,1,'2019-06-20 20:13:51.855103',NULL,NULL,NULL,'lindsey43@ulisboa.pt',NULL,NULL,NULL,'PT',NULL,NULL,'Student','');
INSERT INTO users_appuser VALUES(288,'pbkdf2_sha256$120000$dKPoFgJDsomV$byptOTJ4SuwgHziUToBiCb1VZmYu/9w8O5Fsbht8lFM=',NULL,0,'danielle42','Linda','White','erikwilliams@savage-whitehead.com',0,1,'2019-06-20 20:13:52.029419',NULL,NULL,NULL,'sheila73@ulisboa.pt',NULL,NULL,NULL,'PT',NULL,NULL,'Student','');
INSERT INTO users_appuser VALUES(289,'pbkdf2_sha256$120000$MkkI9NIKgAt8$HCc1xI6HqE+X+jHdiqyXrO/9qiOGvjRRRjfH2lDHYIQ=',NULL,0,'jonesaustin','Laurie','Graves','ricefrank@hotmail.com',0,1,'2019-06-20 20:13:52.257701',NULL,NULL,NULL,'stevenbaird@ulisboa.pt',NULL,NULL,NULL,'PT',NULL,NULL,'Student','');
INSERT INTO users_appuser VALUES(290,'pbkdf2_sha256$120000$2dMXRhUTcEcU$ERCtJyKvfrPhlwNJECdyZmsnQ7c7geqJRDp9mRy6qdc=',NULL,0,'robert65','Ashley','Chung','kennethhull@hotmail.com',0,1,'2019-06-20 20:13:52.478263',NULL,NULL,NULL,'qramos@ulisboa.pt',NULL,NULL,NULL,'PT',NULL,NULL,'Student','');
INSERT INTO users_appuser VALUES(291,'pbkdf2_sha256$120000$tRfXPrcsbAmm$yK/yf2hb4tCWxn8ZBIDfDGP4+bK1aqU1XI7utkrIpBg=',NULL,0,'gmoran','Karla','Rodriguez','mcmahonmichelle@hotmail.com',0,1,'2019-06-20 20:13:52.671160',NULL,NULL,NULL,'taylordorsey@ulisboa.pt',NULL,NULL,NULL,'PT',NULL,NULL,'Student','');
INSERT INTO users_appuser VALUES(292,'pbkdf2_sha256$120000$jizWhKlEKWsv$UPAoLUyu5CYdq2pV1ordezQaWSIso8WxHbDPt6uSJI0=',NULL,0,'jason04','Laura','Page','jgarcia@holmes.com',0,1,'2019-06-20 20:13:53.124012',NULL,NULL,NULL,'sheppardricky@ulisboa.pt',NULL,NULL,NULL,'PT',NULL,NULL,'Student','');
INSERT INTO users_appuser VALUES(293,'pbkdf2_sha256$120000$QwnNxuUaYjLG$TMzuhgDaQLtz9lykxPGimg8OuE+7vVn26ZOr35zZTfY=',NULL,0,'rileylaura','Alison','Smith','imullins@hotmail.com',0,1,'2019-06-20 20:13:53.366978',NULL,NULL,NULL,'schultzmichael@ulisboa.pt',NULL,NULL,NULL,'PT',NULL,NULL,'Student','');
INSERT INTO users_appuser VALUES(294,'pbkdf2_sha256$120000$q18BHZEqYzTT$sxXsRwyNrEpDJLCv2ofp8vp7Z2G4dqZti8tmYGIuhhk=',NULL,0,'devinwilson','Walter','Robinson','warrenalan@carson.com',0,1,'2019-06-20 20:13:53.557865',NULL,NULL,NULL,'yshort@ulisboa.pt',NULL,NULL,NULL,'PT',NULL,NULL,'Student','');
INSERT INTO users_appuser VALUES(295,'pbkdf2_sha256$120000$Z53XZKmjBhCZ$B6YMWA5z8Imm+QdIfV7eavN7aFhqo3wLqPYx6cmTPtk=',NULL,0,'kevin08','Brett','Brown','eestrada@gmail.com',0,1,'2019-06-20 20:13:53.791335',NULL,NULL,NULL,'ramosrachel@ulisboa.pt',NULL,NULL,NULL,'PT',NULL,NULL,'Student','');
INSERT INTO users_appuser VALUES(296,'pbkdf2_sha256$120000$eYQri1Fzbh0h$7UIwKB416W+N6q7DJZ2ZxT/3y8YOiGog5cari78MbRI=',NULL,0,'jason46','Catherine','Perez','browntracey@hotmail.com',0,1,'2019-06-20 20:13:54.025816',NULL,NULL,NULL,'brent65@ulisboa.pt',NULL,NULL,NULL,'PT',NULL,NULL,'Student','');
INSERT INTO users_appuser VALUES(297,'pbkdf2_sha256$120000$2nzq75BeHhJN$fO7yIEUnzIvqbCtQNXFd450v8GND68K7lWKqMDB47Ts=',NULL,0,'tapiajames','Karen','Morris','lweiss@hotmail.com',0,1,'2019-06-20 20:13:54.238477',NULL,NULL,NULL,'kaylamorgan@ulisboa.pt',NULL,NULL,NULL,'PT',NULL,NULL,'Student','');
INSERT INTO users_appuser VALUES(298,'pbkdf2_sha256$120000$S5owsyT6chJX$zU7KFX/h0onTNw6ITRK0nhNADQnkpavFWodzT/z/Rls=',NULL,0,'antonio35','Nicholas','Reid','bennettkyle@hotmail.com',0,1,'2019-06-20 20:13:54.454313',NULL,NULL,NULL,'ecaldwell@ulisboa.pt',NULL,NULL,NULL,'PT',NULL,NULL,'Student','');
INSERT INTO users_appuser VALUES(299,'pbkdf2_sha256$120000$ZEC0IKxLN37p$ZYoCX2VvsmEJ5HFsZmP5xRRclr5xx94/FLGSIFxAXxs=',NULL,0,'stacey17','Michael','Snyder','oramirez@johnson.com',0,1,'2019-06-20 20:13:54.631613',NULL,NULL,NULL,'alexiswilliams@ulisboa.pt',NULL,NULL,NULL,'PT',NULL,NULL,'Student','');
INSERT INTO users_appuser VALUES(300,'pbkdf2_sha256$120000$HxDBjv8Uhn52$Hq9Rcuhu1W/5GZMTJZq1bZNdwL9A+mMrI2WtpLX4t/E=',NULL,0,'emilytaylor','Maria','Henderson','lindseybenson@rogers.com',0,1,'2019-06-20 20:13:54.901236',NULL,NULL,NULL,'amanda11@ulisboa.pt',NULL,NULL,NULL,'PT',NULL,NULL,'Student','');
INSERT INTO users_appuser VALUES(301,'pbkdf2_sha256$120000$okZSidky6DN0$Aokf1lEw9U8sI6R7U8u5PNt8DBQkktgvnOVAuw5mLiQ=',NULL,0,'mary03','Dennis','Austin','jasonatkinson@hotmail.com',0,1,'2019-06-20 20:13:55.098241',NULL,NULL,NULL,'joseph24@ulisboa.pt',NULL,NULL,NULL,'PT',NULL,NULL,'Student','');
INSERT INTO users_appuser VALUES(302,'pbkdf2_sha256$120000$gxYh6LBjLfSR$MnL5xZeD/NoyK30ya/zamco/QbGsshZfQkg9bMhPWBc=',NULL,0,'michael08','Frank','Thomas','danielwyatt@yahoo.com',0,1,'2019-06-20 20:13:55.295181',NULL,NULL,NULL,'dawn89@ulisboa.pt',NULL,NULL,NULL,'PT',NULL,NULL,'Student','');
INSERT INTO users_appuser VALUES(303,'pbkdf2_sha256$120000$UpaQ7vytkaKy$40VKHexuEgUiE6MZUD3GB//YlqCEgrOIc4Da0g5dh5o=',NULL,0,'sherry40','James','Jacobson','wvasquez@richardson.info',0,1,'2019-06-20 20:13:55.501245',NULL,NULL,NULL,'sierrapena@ulisboa.pt',NULL,NULL,NULL,'PT',NULL,NULL,'Student','');
INSERT INTO users_appuser VALUES(304,'pbkdf2_sha256$120000$Orukxef2Op7v$70IQzbELrFxVlSoayktfEi5boVx9EBxKujBhdoTJe+o=',NULL,0,'davissamantha','Mary','Pennington','thomaspitts@hernandez.com',0,1,'2019-06-20 20:13:55.742371',NULL,NULL,NULL,'katherine38@ulisboa.pt',NULL,NULL,NULL,'PT',NULL,NULL,'Student','');
INSERT INTO users_appuser VALUES(305,'pbkdf2_sha256$120000$QCktFJGkzGKj$DzcPSDwxqeLd+nOdm+Su01Y5IH2cVNyE48cnFSm4VB0=',NULL,0,'ebenson','Jill','Smith','lisathomas@yahoo.com',0,1,'2019-06-20 20:13:55.974705',NULL,NULL,NULL,'urogers@ulisboa.pt',NULL,NULL,NULL,'PT',NULL,NULL,'Student','');
INSERT INTO users_appuser VALUES(306,'pbkdf2_sha256$120000$4O51eYD55th7$gWUh3zkwMsyYMc0BIIr6Xi+aAOijSMN0mSFMMUm0tJg=',NULL,0,'henry37','Adam','Schmidt','gjohns@hotmail.com',0,1,'2019-06-20 20:13:56.208862',NULL,NULL,NULL,'flowersrenee@ulisboa.pt',NULL,NULL,NULL,'PT',NULL,NULL,'Student','');
INSERT INTO users_appuser VALUES(307,'pbkdf2_sha256$120000$j9ZxE6JiFr0m$HZ1iarUKRBNEG3z8l4EBWGOj/Qa5uuJUpQw85IMJ3rs=',NULL,0,'johnsonmichael','Gabriela','Garcia','noahreyes@sheppard-ortiz.com',0,1,'2019-06-20 20:13:56.400147',NULL,NULL,NULL,'robinsonlauren@ulisboa.pt',NULL,NULL,NULL,'PT',NULL,NULL,'Student','');
INSERT INTO users_appuser VALUES(308,'pbkdf2_sha256$120000$8FvPRIuw7exZ$OqAr9lvv4N2DQNnYjW8KRuEL5yS80JzDVHyA4rA1uwY=',NULL,0,'torreskatherine','Melissa','Gamble','amanda76@wolfe.biz',0,1,'2019-06-20 20:13:56.592756',NULL,NULL,NULL,'byrdtyler@ulisboa.pt',NULL,NULL,NULL,'PT',NULL,NULL,'Student','');
INSERT INTO users_appuser VALUES(309,'pbkdf2_sha256$120000$ycbFgvzDmXo9$B7NTNNgWcHFmmnMMXkvHSRnCpYrU3B3HEG5DtMF6SUc=',NULL,0,'eddie60','Michael','Brown','lynnhunt@gmail.com',0,1,'2019-06-20 20:13:56.775975',NULL,NULL,NULL,'martineztimothy@ulisboa.pt',NULL,NULL,NULL,'PT',NULL,NULL,'Student','');
INSERT INTO users_appuser VALUES(310,'pbkdf2_sha256$120000$SS5QxGKCTiyN$aXowJYBDLm0pPpZ3JUbgTJsDgs/CqtvUth6AgWtI2fE=',NULL,0,'kristajohnson','Wendy','Wallace','barkerkimberly@yahoo.com',0,1,'2019-06-20 20:13:56.962745',NULL,NULL,NULL,'joseph05@ulisboa.pt',NULL,NULL,NULL,'PT',NULL,NULL,'Student','');
INSERT INTO users_appuser VALUES(311,'pbkdf2_sha256$120000$xifir221vleF$GmIzXON9nkY1j7PvPGAwXyULrsnM+QBtT2nShV7HFuI=',NULL,0,'marcusclark','Megan','Leon','sara07@gmail.com',0,1,'2019-06-20 20:13:57.151973',NULL,NULL,NULL,'william75@ulisboa.pt',NULL,NULL,NULL,'PT',NULL,NULL,'Student','');
INSERT INTO users_appuser VALUES(312,'pbkdf2_sha256$120000$qSK1nJeJhpTe$lMckouDfbLLrTSrbrr9yHF9D53SMLjD5bv6MUFs7xjU=',NULL,0,'sharonzimmerman','Christina','Turner','david47@goodwin-gray.com',0,1,'2019-06-20 20:13:57.610285',NULL,NULL,NULL,'josephvilla@ulisboa.pt',NULL,NULL,NULL,'PT',NULL,NULL,'Student','');
INSERT INTO users_appuser VALUES(313,'pbkdf2_sha256$120000$df6zNhlI1hvC$YIwQ3Tm4pcSw7WgJ2shm1TToIkBEMnUl3ChEAkmiW1c=',NULL,0,'barnesbenjamin','Mary','Green','jasmine91@gmail.com',0,1,'2019-06-20 20:13:57.946780',NULL,NULL,NULL,'paul93@ulisboa.pt',NULL,NULL,NULL,'PT',NULL,NULL,'Student','');
INSERT INTO users_appuser VALUES(314,'pbkdf2_sha256$120000$K7MC6JE2wfxU$D6hGE/p5i24SH+9RaLz3zmbcoZ9AileiNKlLhzgsuGI=',NULL,0,'yvettewilliams','Brenda','Lucas','snash@hotmail.com',0,1,'2019-06-20 20:13:58.289199',NULL,NULL,NULL,'zkennedy@ulisboa.pt',NULL,NULL,NULL,'PT',NULL,NULL,'Student','');
INSERT INTO users_appuser VALUES(315,'pbkdf2_sha256$120000$PnilLPsm6O3e$ArQuRxV/AcHTNn0rmAPQsO9NT92y6Ng2RB3RcEipwHk=',NULL,0,'powersjoseph','Krista','Gray','williammendoza@sloan-bentley.com',0,1,'2019-06-20 20:13:58.620137',NULL,NULL,NULL,'leechristopher@ulisboa.pt',NULL,NULL,NULL,'PT',NULL,NULL,'Student','');
INSERT INTO users_appuser VALUES(316,'pbkdf2_sha256$120000$HpMK8kl52VZ8$ua+N3UGXM7uEHpNs0f9YCNpfaiJrVXR77ypuR1pxh+A=',NULL,0,'jenniferdickson','Brittany','White','deanna13@hotmail.com',0,1,'2019-06-20 20:13:58.807009',NULL,NULL,NULL,'zwoodard@ulisboa.pt',NULL,NULL,NULL,'PT',NULL,NULL,'Student','');
INSERT INTO users_appuser VALUES(317,'pbkdf2_sha256$120000$k3kFcjqa0k9R$YQukRgTK1FZ/AKpIRKGtBklxD5LkfUVwOEiVCztp4Ls=',NULL,0,'fdiaz','Anna','Leonard','dianestewart@graham-baker.com',0,1,'2019-06-20 20:13:59.010254',NULL,NULL,NULL,'chelsea36@ulisboa.pt',NULL,NULL,NULL,'PT',NULL,NULL,'Student','');
INSERT INTO users_appuser VALUES(318,'pbkdf2_sha256$120000$VNtYr9LXoWb0$3Oadmb7CRuRKJyMO6OVH4zaPaw8eNZarz8LGX4hTW6Q=',NULL,0,'stephaniegarza','Raymond','Griffin','powellsuzanne@hotmail.com',0,1,'2019-06-20 20:13:59.218663',NULL,NULL,NULL,'stevensjeffrey@ulisboa.pt',NULL,NULL,NULL,'PT',NULL,NULL,'Student','');
INSERT INTO users_appuser VALUES(319,'pbkdf2_sha256$120000$S89PuKBk36g0$Pw23NDf3KBC9qTXkvudZ8t1UbAxcfi62me1T7d2Ojns=',NULL,0,'fboyd','David','Davis','hutchinsoncarolyn@gmail.com',0,1,'2019-06-20 20:13:59.382773',NULL,NULL,NULL,'zjackson@ulisboa.pt',NULL,NULL,NULL,'PT',NULL,NULL,'Student','');
INSERT INTO users_appuser VALUES(320,'pbkdf2_sha256$120000$5sGHRxm7jjRW$+i734VlgauzN1dG3MMtF13D54kKguU0Zc6hU2lIRti8=',NULL,0,'jasonlopez','Erica','Rodriguez','joycethompson@cameron.com',0,1,'2019-06-20 20:13:59.563526',NULL,NULL,NULL,'rodriguezedward@ulisboa.pt',NULL,NULL,NULL,'PT',NULL,NULL,'Student','');
INSERT INTO users_appuser VALUES(321,'pbkdf2_sha256$120000$KGcXbXTd1PNh$KrVr3i74PmIYUHYb8Ci/tPgQZFGSRBsYff090N4KFEg=',NULL,0,'colleensmall','Cathy','Butler','cyu@gmail.com',0,1,'2019-06-20 20:13:59.829156',NULL,NULL,NULL,'uvargas@ulisboa.pt',NULL,NULL,NULL,'PT',NULL,NULL,'Student','');
INSERT INTO users_appuser VALUES(322,'pbkdf2_sha256$120000$nBQKpIT5toWf$RglFqwV2ceepMe+1sgfkA3cOpTOC97VEVQCHkoUwlQI=',NULL,0,'orrdavid','Jennifer','Ibarra','hberry@pena.com',0,1,'2019-06-20 20:14:00.166860',NULL,NULL,NULL,'cohendean@ulisboa.pt',NULL,NULL,NULL,'PT',NULL,NULL,'Student','');
INSERT INTO users_appuser VALUES(323,'pbkdf2_sha256$120000$8QrZ9rCV7yXC$c/QP3j+iz/eFNWcd0rmZ5a1B7Y1tMx5kUhbRVDfnQEg=',NULL,0,'qlee','Tyler','Medina','russellhill@gmail.com',0,1,'2019-06-20 20:14:00.366760',NULL,NULL,NULL,'bennetteric@ulisboa.pt',NULL,NULL,NULL,'PT',NULL,NULL,'Student','');
INSERT INTO users_appuser VALUES(324,'pbkdf2_sha256$120000$lK9JpyXeHAnv$u8pjZ1BoYFuwJsQKDiMQk60mqlhhcUOzOEYzN8J2/Fc=',NULL,0,'morrisonbrittany','Sarah','Cole','john62@walters-nguyen.com',0,1,'2019-06-20 20:14:00.579430',NULL,NULL,NULL,'dporter@ulisboa.pt',NULL,NULL,NULL,'PT',NULL,NULL,'Student','');
INSERT INTO users_appuser VALUES(325,'pbkdf2_sha256$120000$1wHgCRBrkenb$GvjZKFK+uO0ibDh5/eQRx9TjKdvo/GAUUvGPw0jsRzM=',NULL,0,'patriciawalker','Christopher','Hunt','tmartin@yahoo.com',0,1,'2019-06-20 20:14:00.776508',NULL,NULL,NULL,'kelly29@ulisboa.pt',NULL,NULL,NULL,'PT',NULL,NULL,'Student','');
INSERT INTO users_appuser VALUES(326,'pbkdf2_sha256$120000$eMweXlnAcRt5$5/FvCAv0nm4+Vf2KR2Qm8jbHKuTUu0Q9g71WmMwsrcc=',NULL,0,'jasonmccullough','Erik','Phillips','chadpennington@gmail.com',0,1,'2019-06-20 20:14:00.949457',NULL,NULL,NULL,'william86@ulisboa.pt',NULL,NULL,NULL,'PT',NULL,NULL,'Student','');
INSERT INTO users_appuser VALUES(327,'pbkdf2_sha256$120000$4eovBiHI06nr$kjDsbAnOcgHNV2MKJ+yaGf+fR3t11U/WVEN264XnDcc=',NULL,0,'ecarter','Tiffany','Wagner','emilyreed@gmail.com',0,1,'2019-06-20 20:14:01.139908',NULL,NULL,NULL,'shannonberry@ulisboa.pt',NULL,NULL,NULL,'PT',NULL,NULL,'Student','');
INSERT INTO users_appuser VALUES(328,'pbkdf2_sha256$120000$yXWNM6ePS9X5$xYqFRuRmpOM5dcdOgjD+O3NriDmGxUO4YE7VlIcTpRU=',NULL,0,'katelyn02','Karen','Le','smithmark@solomon.com',0,1,'2019-06-20 20:14:01.343280',NULL,NULL,NULL,'victor86@ulisboa.pt',NULL,NULL,NULL,'PT',NULL,NULL,'Student','');
INSERT INTO users_appuser VALUES(329,'pbkdf2_sha256$120000$K7cYXx03Khdk$TV83bzjgIo1BtrIWkhCxLKk3wnAmX61UuDhJmzIb5HI=',NULL,0,'andrew46','Jay','Allen','sphelps@gmail.com',0,1,'2019-06-20 20:14:01.565325',NULL,NULL,NULL,'mmorales@ulisboa.pt',NULL,NULL,NULL,'PT',NULL,NULL,'Student','');
INSERT INTO users_appuser VALUES(330,'pbkdf2_sha256$120000$yJF0TGPZb1n0$EO5wdfoPQO7gQAcZh08cMdmxI0Yf0rBaMbG9hjN6m7I=',NULL,0,'jwalker','Christine','Baird','cdean@simpson.com',0,1,'2019-06-20 20:14:01.779129',NULL,NULL,NULL,'john65@ulisboa.pt',NULL,NULL,NULL,'PT',NULL,NULL,'Student','');
INSERT INTO users_appuser VALUES(331,'pbkdf2_sha256$120000$UitAxITDD202$squLI3DHcJSMFUI3xVIGB9l6B6ONnDMLawHuDzf023s=',NULL,0,'hernandezzachary','Elizabeth','Mcclure','freybenjamin@perez-ashley.com',0,1,'2019-06-20 20:14:01.974121',NULL,NULL,NULL,'joneswendy@ulisboa.pt',NULL,NULL,NULL,'PT',NULL,NULL,'Student','');
INSERT INTO users_appuser VALUES(332,'pbkdf2_sha256$120000$NEVC8ItGgH7e$AxVN5M0D+DWnYXPBhZHZufj8h2KY+IrK3tPrzvK2Sfk=',NULL,0,'martinezkelly','Daniel','Glenn','mallory19@clark.biz',0,1,'2019-06-20 20:14:02.278353',NULL,NULL,NULL,'laurennguyen@ulisboa.pt',NULL,NULL,NULL,'PT',NULL,NULL,'Student','');
INSERT INTO users_appuser VALUES(333,'pbkdf2_sha256$120000$ImQfuUR5GmEv$78U1pgkCcPv/I+RTNl00y12EnlAiumFNAUqIXmUsXPM=',NULL,0,'justinharrison','John','Hernandez','mollyrodriguez@quinn.info',0,1,'2019-06-20 20:14:02.481041',NULL,NULL,NULL,'amandamarshall@ulisboa.pt',NULL,NULL,NULL,'PT',NULL,NULL,'Student','');
INSERT INTO users_appuser VALUES(334,'pbkdf2_sha256$120000$PE16rljwo8r7$glP9V7wQNtd7otnhXkyHttX8L3yD4Lp9hCUnWBIgcow=',NULL,0,'cookenicole','Jennifer','Davis','lgraham@gates.info',0,1,'2019-06-20 20:14:02.683729',NULL,NULL,NULL,'john72@ulisboa.pt',NULL,NULL,NULL,'PT',NULL,NULL,'Student','');
INSERT INTO users_appuser VALUES(335,'pbkdf2_sha256$120000$uLoa0L269sR7$JR9IvU+8T5gjsAWNUf+TUf/dxe3TkN/2WSx11+sn1nM=',NULL,0,'ashley10','Thomas','Ford','toni86@gmail.com',0,1,'2019-06-20 20:14:02.897412',NULL,NULL,NULL,'ethanreed@ulisboa.pt',NULL,NULL,NULL,'PT',NULL,NULL,'Student','');
INSERT INTO users_appuser VALUES(336,'pbkdf2_sha256$120000$rYtRyQugPtQD$ZJ+i6cX4J/P7qbu8pW+BBFjdGPoZ4cKU9oABV01wn7E=',NULL,0,'margaret55','Angelica','Solomon','alexisfarmer@gmail.com',0,1,'2019-06-20 20:14:03.155994',NULL,NULL,NULL,'johnsonmatthew@ulisboa.pt',NULL,NULL,NULL,'PT',NULL,NULL,'Student','');
INSERT INTO users_appuser VALUES(337,'pbkdf2_sha256$120000$4aLY6SBPTC5p$khbDMDKOkoU1Aa2tfA8VpY1EsXfQGvJbqf4aFNFwMFk=',NULL,0,'mwilliams','Darrell','Smith','ramoscody@christensen.com',0,1,'2019-06-20 20:14:03.368811',NULL,NULL,NULL,'dperez@ulisboa.pt',NULL,NULL,NULL,'PT',NULL,NULL,'Student','');
INSERT INTO users_appuser VALUES(338,'pbkdf2_sha256$120000$JcOuJkvsV6nS$xPL1g8rrHhEmDPemFPkkqsscSO+1lT45yWj86MqJPq4=',NULL,0,'dfisher','Gary','Barnett','angela37@hotmail.com',0,1,'2019-06-20 20:14:03.798907',NULL,NULL,NULL,'oneillkevin@ulisboa.pt',NULL,NULL,NULL,'PT',NULL,NULL,'Student','');
INSERT INTO users_appuser VALUES(339,'pbkdf2_sha256$120000$Buq3UEq913MI$3hRqFoc1HDt+xkIMO6TVEsd4B6xed85ksaIpa5P708g=',NULL,0,'clarkderek','Leroy','Weaver','beniteztina@yahoo.com',0,1,'2019-06-20 20:14:04.080997',NULL,NULL,NULL,'syates@ulisboa.pt',NULL,NULL,NULL,'PT',NULL,NULL,'Student','');
INSERT INTO users_appuser VALUES(340,'pbkdf2_sha256$120000$rfcN1WUhldCm$CJ8sNlMzwcPKVyqEmWwhj8fJZJNGRyfYoUOIRzGoTqw=',NULL,0,'adamwright','Christina','Foley','tracy45@cameron.com',0,1,'2019-06-20 20:14:04.271472',NULL,NULL,NULL,'derrick54@ulisboa.pt',NULL,NULL,NULL,'PT',NULL,NULL,'Student','');
INSERT INTO users_appuser VALUES(341,'pbkdf2_sha256$120000$wJRIlH3jGXVN$ElIw5J1KX3MyAPPFw3sr0Qxp4IviIr/UOxKO2KKf9gQ=',NULL,0,'irandall','Nicole','Elliott','stevenmartin@hotmail.com',0,1,'2019-06-20 20:14:04.479482',NULL,NULL,NULL,'amelendez@ulisboa.pt',NULL,NULL,NULL,'PT',NULL,NULL,'Student','');
INSERT INTO users_appuser VALUES(342,'pbkdf2_sha256$120000$Tk6sDtNCooCc$a59r9a1sUrjOm/gXeELSSUbhKzt8t8HNropGFOOPQ6o=',NULL,0,'plyons','Samuel','Martinez','shawn10@williamson.com',0,1,'2019-06-20 20:14:04.653453',NULL,NULL,NULL,'keith61@ulisboa.pt',NULL,NULL,NULL,'PT',NULL,NULL,'Student','');
INSERT INTO users_appuser VALUES(343,'pbkdf2_sha256$120000$d4UgTioeKegm$lp5ht5FQbjeSiiddvradpz3X1+8NKltGTv8deTVtnK4=',NULL,0,'gregorymendoza','Kristen','Romero','wrobinson@yahoo.com',0,1,'2019-06-20 20:14:04.825500',NULL,NULL,NULL,'xkim@ulisboa.pt',NULL,NULL,NULL,'PT',NULL,NULL,'Student','');
INSERT INTO users_appuser VALUES(344,'pbkdf2_sha256$120000$5NEwT3K6IMuJ$kiP1rvP3+Pxy71W28xvsr70nLipd/XA4jS/xC757tYU=',NULL,0,'rebeccarichards','Shawn','Brooks','gmanning@parsons.net',0,1,'2019-06-20 20:14:05.013842',NULL,NULL,NULL,'thoward@ulisboa.pt',NULL,NULL,NULL,'PT',NULL,NULL,'Student','');
INSERT INTO users_appuser VALUES(345,'pbkdf2_sha256$120000$auOkUR93vany$tjkiwHJI5CrS6iNXZ4O8yY0PHz5ESEoTrUb1SQWdAlk=',NULL,0,'michelemartinez','Marissa','Gentry','matasheila@gross.com',0,1,'2019-06-20 20:14:05.206244',NULL,NULL,NULL,'simoncarlos@ulisboa.pt',NULL,NULL,NULL,'PT',NULL,NULL,'Student','');
INSERT INTO users_appuser VALUES(346,'pbkdf2_sha256$120000$xYkWnNI5oKuR$wLVmnahA8ieDmXQa0wyDmxBZlQwnWH42hDwS7SK25XI=',NULL,0,'sharon84','Brian','Wise','taylorelizabeth@gmail.com',0,1,'2019-06-20 20:14:05.383411',NULL,NULL,NULL,'andrewgilmore@ulisboa.pt',NULL,NULL,NULL,'PT',NULL,NULL,'Student','');
INSERT INTO users_appuser VALUES(347,'pbkdf2_sha256$120000$sDUG5ujRGTt9$3ylLVN+7dKWRkLRkBUuEQ7T7aqeBvvMw5eZycZjjcVg=',NULL,0,'wwade','Timothy','Mendoza','mweaver@gmail.com',0,1,'2019-06-20 20:14:05.562620',NULL,NULL,NULL,'sarahjohnson@ulisboa.pt',NULL,NULL,NULL,'PT',NULL,NULL,'Student','');
INSERT INTO users_appuser VALUES(348,'pbkdf2_sha256$120000$Rv13zFEuV1jC$3f1QxaXbfGGKoDytXjPcGwmsRT9gQQ7qwpKmoAw/AZo=',NULL,0,'juarezsteven','Jonathan','Blackwell','xterrell@sanders.org',0,1,'2019-06-20 20:14:05.771705',NULL,NULL,NULL,'grahamtodd@ulisboa.pt',NULL,NULL,NULL,'PT',NULL,NULL,'Student','');
INSERT INTO users_appuser VALUES(349,'pbkdf2_sha256$120000$ZzqOiX2ZNfYy$YO1ZqF77m5p1pdedav6bUfIQkrsWuEhSKmvs5HPlfl4=',NULL,0,'fpeterson','Robert','Mcdonald','gbutler@hotmail.com',0,1,'2019-06-20 20:14:05.994431',NULL,NULL,NULL,'christopherwolf@ulisboa.pt',NULL,NULL,NULL,'PT',NULL,NULL,'Student','');
INSERT INTO users_appuser VALUES(350,'pbkdf2_sha256$120000$WYWkXq9U4TZ4$qodbqFhTHzIBVxkQRg2W3j3uFVgavhOzDclaYf13XEk=',NULL,0,'fhall','Tanya','Walls','nbrown@burns.com',0,1,'2019-06-20 20:14:06.190032',NULL,NULL,NULL,'dhernandez@ulisboa.pt',NULL,NULL,NULL,'PT',NULL,NULL,'Student','');
INSERT INTO users_appuser VALUES(351,'pbkdf2_sha256$120000$ld181SH5hn7p$CiVboxLMfaO7LvuqbNVrFE0x5NlNlRmvfeupDTv1Kk4=',NULL,0,'maxwellmadeline','Timothy','King','margaretadams@yahoo.com',0,1,'2019-06-20 20:14:06.414993',NULL,NULL,NULL,'njohnson@ulisboa.pt',NULL,NULL,NULL,'PT',NULL,NULL,'Student','');
INSERT INTO users_appuser VALUES(352,'pbkdf2_sha256$120000$pomDfPS3J56C$5/gIazx04Eq8wc5ouHQXAeV/jIlZek2htO+vRZS3VKw=',NULL,0,'afernandez','Kathleen','Rivera','petersoncarolyn@gmail.com',0,1,'2019-06-20 20:14:06.650355',NULL,NULL,NULL,'belinda58@ulisboa.pt',NULL,NULL,NULL,'PT',NULL,NULL,'Student','');
INSERT INTO users_appuser VALUES(353,'pbkdf2_sha256$120000$ktbvBVj9oLvM$0YJlJNEXPgiWAz2Aw98EEqMqKfUAy7GI1xqkawixXD8=',NULL,0,'iansmith','Marcus','Mullins','wwilliams@hotmail.com',0,1,'2019-06-20 20:14:06.874686',NULL,NULL,NULL,'smoreno@ulisboa.pt',NULL,NULL,NULL,'PT',NULL,NULL,'Student','');
INSERT INTO users_appuser VALUES(354,'pbkdf2_sha256$120000$GSXnps2ALBXm$NvcUOlyzEcxFgaLvL2zOapdNQARE4unlEKnqB0nnXwM=',NULL,0,'billy58','Nicole','Davis','paul07@gmail.com',0,1,'2019-06-20 20:14:07.089167',NULL,NULL,NULL,'danielhall@ulisboa.pt',NULL,NULL,NULL,'PT',NULL,NULL,'Student','');
INSERT INTO users_appuser VALUES(355,'pbkdf2_sha256$120000$TqHnIRBtfBPH$d2eRaB2OnmqrQLBKcSNBmOsD+jbuuhD1BiV/9klWcHw=',NULL,0,'david69','Kevin','Owens','lunawendy@gmail.com',0,1,'2019-06-20 20:14:07.282509',NULL,NULL,NULL,'austin61@ulisboa.pt',NULL,NULL,NULL,'PT',NULL,NULL,'Student','');
INSERT INTO users_appuser VALUES(356,'pbkdf2_sha256$120000$xdZlLr4r2wxj$U2+iOlrNzjfpZj5QTiOSaFnCh7+vGwKJePA3Gv6mB7g=',NULL,0,'melendezmichael','Johnny','Green','graycindy@williams.com',0,1,'2019-06-20 20:14:07.477224',NULL,NULL,NULL,'tony83@ulisboa.pt',NULL,NULL,NULL,'PT',NULL,NULL,'Student','');
INSERT INTO users_appuser VALUES(357,'pbkdf2_sha256$120000$ByFRM0X5mhgK$8pv/dl9tNn39hQzbwhjS/WZ9K1HaLbstU1x6zTrcLDE=',NULL,0,'deborahpowell','Gregory','Rodriguez','amber16@yahoo.com',0,1,'2019-06-20 20:14:07.673316',NULL,NULL,NULL,'robertskristen@ulisboa.pt',NULL,NULL,NULL,'PT',NULL,NULL,'Student','');
INSERT INTO users_appuser VALUES(358,'pbkdf2_sha256$120000$iXQm3ypzXNU3$1O9HK/+KYDQGbtL8IF/MmYdB7g7nmWP8XdurcNf7Afo=',NULL,0,'joannovak','Stephen','Poole','petersoncarol@gmail.com',0,1,'2019-06-20 20:14:07.874944',NULL,NULL,NULL,'cgreen@ulisboa.pt',NULL,NULL,NULL,'PT',NULL,NULL,'Student','');
INSERT INTO users_appuser VALUES(359,'pbkdf2_sha256$120000$aheMm0uRpPeg$hLSZ71ArnARys95aodVrA0hK1tDoOTHLcTdtX6TgRE8=',NULL,0,'chavezmegan','Mason','Nelson','solisjuan@gmail.com',0,1,'2019-06-20 20:14:08.112583',NULL,NULL,NULL,'mathew50@ulisboa.pt',NULL,NULL,NULL,'PT',NULL,NULL,'Student','');
INSERT INTO users_appuser VALUES(360,'pbkdf2_sha256$120000$SiLVOZakRzwK$f3Uwba7dKgjIdOLmNhzjIiWfKhC67GQSgzg4vbBuhyk=',NULL,0,'paulgraham','April','Clayton','schmittmisty@lewis.com',0,1,'2019-06-20 20:14:08.452478',NULL,NULL,NULL,'kathleenwall@ulisboa.pt',NULL,NULL,NULL,'PT',NULL,NULL,'Student','');
INSERT INTO users_appuser VALUES(361,'pbkdf2_sha256$120000$vCFhnJwJc2Z4$RqGhRpUw/jqoVxerqZkeLLEDsFOK2+W8ITTGbrdCmO4=',NULL,0,'ilewis','Beth','Willis','joshuali@lawrence.com',0,1,'2019-06-20 20:14:08.820369',NULL,NULL,NULL,'dicksondiane@ulisboa.pt',NULL,NULL,NULL,'PT',NULL,NULL,'Student','');
INSERT INTO users_appuser VALUES(362,'pbkdf2_sha256$120000$ax1C8QlBi7P7$GKqPgP+rJlSmbS4Wx4lNOHc2U2uFcbJI2vYMJycGq+k=',NULL,0,'andrew76','Robert','Stevens','jamesholden@hotmail.com',0,1,'2019-06-20 20:14:09.033589',NULL,NULL,NULL,'norma73@ulisboa.pt',NULL,NULL,NULL,'PT',NULL,NULL,'Student','');
INSERT INTO users_appuser VALUES(363,'pbkdf2_sha256$120000$7WA2wTnOWmN3$bYBEaXMbIt1mWGexFaH6kXYVkuuBvM/X2vcv7o25hfM=',NULL,0,'travisgibson','Scott','Hunt','wendy38@yahoo.com',0,1,'2019-06-20 20:14:09.209971',NULL,NULL,NULL,'monica47@ulisboa.pt',NULL,NULL,NULL,'PT',NULL,NULL,'Student','');
INSERT INTO users_appuser VALUES(364,'pbkdf2_sha256$120000$GjguICOesjLi$27EY4zGCjyTbng7RVfeTkqfmrVRkxy40nVNXuQfQm74=',NULL,0,'joshua29','Emily','Flores','chelseyhunt@green.com',0,1,'2019-06-20 20:14:09.381791',NULL,NULL,NULL,'michael02@ulisboa.pt',NULL,NULL,NULL,'PT',NULL,NULL,'Student','');
INSERT INTO users_appuser VALUES(365,'pbkdf2_sha256$120000$RVM1TlktInbY$8KPvJivtAjnUAF3Nbu1OdZ6UsXpVRcZncOkFWSS4sE0=',NULL,0,'fwashington','Chad','Bryant','andrew34@morales-walters.com',0,1,'2019-06-20 20:14:09.549697',NULL,NULL,NULL,'bowersmonique@ulisboa.pt',NULL,NULL,NULL,'PT',NULL,NULL,'Student','');
INSERT INTO users_appuser VALUES(366,'pbkdf2_sha256$120000$cicZIO1p2K5w$5fML+apf7+NhVmE6ZJmjXlYfFSdl9h2jGkZ/5wiJDRU=',NULL,0,'chelsea94','Erin','Wong','rachelcarter@hotmail.com',0,1,'2019-06-20 20:14:09.794484',NULL,NULL,NULL,'jessicawoodward@ulisboa.pt',NULL,NULL,NULL,'PT',NULL,NULL,'Student','');
INSERT INTO users_appuser VALUES(367,'pbkdf2_sha256$120000$3K2y3znF9p5V$nGeUatz9VG4aiiEHgMYss3Sp/MVotaduhmMT/YNvuH8=',NULL,0,'jordangerald','Samantha','Hoover','charlesfreeman@collins.com',0,1,'2019-06-20 20:14:09.970345',NULL,NULL,NULL,'smithalexander@ulisboa.pt',NULL,NULL,NULL,'PT',NULL,NULL,'Student','');
INSERT INTO users_appuser VALUES(368,'pbkdf2_sha256$120000$6jKMiRsVysr6$wawKvfI0N0bdkfbckzgllCdgVNb5YKrwVaI5NfAmHO8=',NULL,0,'ywinters','Elizabeth','Gomez','natashabrady@gmail.com',0,1,'2019-06-20 20:14:10.141760',NULL,NULL,NULL,'lisaroman@ulisboa.pt',NULL,NULL,NULL,'PT',NULL,NULL,'Student','');
INSERT INTO users_appuser VALUES(369,'pbkdf2_sha256$120000$gpoZSf3XQdZx$xK8XRSA0nwzzP765cIwS0atzSMWsP3Mk94F/+/JkUVU=',NULL,0,'boydjason','Kayla','Dominguez','xnguyen@gmail.com',0,1,'2019-06-20 20:14:10.314406',NULL,NULL,NULL,'dreynolds@ulisboa.pt',NULL,NULL,NULL,'PT',NULL,NULL,'Student','');
INSERT INTO users_appuser VALUES(370,'pbkdf2_sha256$120000$KhJRSDJUZ2Nz$aRUZd9nJPbbKiObfB9V2nVI6AKsfH3ervWXwgIIL+Zc=',NULL,0,'michaelgould','Andrew','Williams','lisasimmons@yahoo.com',0,1,'2019-06-20 20:14:10.499877',NULL,NULL,NULL,'gavinford@ulisboa.pt',NULL,NULL,NULL,'PT',NULL,NULL,'Student','');
INSERT INTO users_appuser VALUES(371,'pbkdf2_sha256$120000$vobNMzC8XTsa$7cXGtJhc/n8xZETLaDrI/K5ZmtqpWoSbd7MtvCUaUWk=',NULL,0,'pwilliams','Dean','Gibson','blogan@hotmail.com',0,1,'2019-06-20 20:14:10.690587',NULL,NULL,NULL,'johnsonbrian@ulisboa.pt',NULL,NULL,NULL,'PT',NULL,NULL,'Student','');
INSERT INTO users_appuser VALUES(372,'pbkdf2_sha256$120000$VIdSDCKDIo9J$DbNjO/Ij0aSLP8JIVQZSZF3fwRt1llU7y6kyKDnYgU0=',NULL,0,'michael35','Kathleen','Hull','kristophergriffin@mckee-gilmore.info',0,1,'2019-06-20 20:14:10.872161',NULL,NULL,NULL,'mary05@ulisboa.pt',NULL,NULL,NULL,'PT',NULL,NULL,'Student','');
INSERT INTO users_appuser VALUES(373,'pbkdf2_sha256$120000$Oi4eA1ve93LK$xG01ZkabHR2+QJ+C8gx518wAaC0mBchUC2oycT6d5As=',NULL,0,'melissa75','Daniel','Frey','lmorgan@west-elliott.net',0,1,'2019-06-20 20:14:11.056830',NULL,NULL,NULL,'aimee41@ulisboa.pt',NULL,NULL,NULL,'PT',NULL,NULL,'Student','');
INSERT INTO users_appuser VALUES(374,'pbkdf2_sha256$120000$88JHH3zBHe62$w2RUdlf26s1H9f/Uo5iLa7FATZI/SEXCc3ZOlNxlkww=',NULL,0,'arnoldhannah','Elizabeth','Daniel','wileytimothy@hotmail.com',0,1,'2019-06-20 20:14:11.245046',NULL,NULL,NULL,'cynthiacrawford@ulisboa.pt',NULL,NULL,NULL,'PT',NULL,NULL,'Student','');
INSERT INTO users_appuser VALUES(375,'pbkdf2_sha256$120000$DqfK25C3mwdW$me1SbDZDviZIF370RhlrouW+JLW5KdiEaLGM3huYyQw=',NULL,0,'michaelgonzalez','Brooke','Gross','cabrerajessica@wallace-smith.biz',0,1,'2019-06-20 20:14:11.414841',NULL,NULL,NULL,'everettisabella@ulisboa.pt',NULL,NULL,NULL,'PT',NULL,NULL,'Student','');
INSERT INTO users_appuser VALUES(376,'pbkdf2_sha256$120000$FgiKkuBENgGZ$QP63nzOSPbdr3TLMCP/AU7quTYQZ7r2R1D9b5tfFHrI=',NULL,0,'stephaniecopeland','Erica','Singleton','ian02@zimmerman-holmes.com',0,1,'2019-06-20 20:14:11.603147',NULL,NULL,NULL,'wdunn@ulisboa.pt',NULL,NULL,NULL,'PT',NULL,NULL,'Student','');
INSERT INTO users_appuser VALUES(377,'pbkdf2_sha256$120000$C0IckDtgZDWy$FSKAURbtqGRshun8FBVqJOiFL26r84CsN57RtXoiW6A=',NULL,0,'conleymichelle','Jose','Mcdonald','ehinton@yahoo.com',0,1,'2019-06-20 20:14:11.819075',NULL,NULL,NULL,'gonzalezmichael@ulisboa.pt',NULL,NULL,NULL,'PT',NULL,NULL,'Student','');
INSERT INTO users_appuser VALUES(378,'pbkdf2_sha256$120000$tw3Uau05Jo0x$2etVytpRry4K4vhfzfN+5jzZYlSPBMVEXU1fofW8egY=',NULL,0,'williamtorres','Jessica','Morris','georgejoan@yahoo.com',0,1,'2019-06-20 20:14:11.996938',NULL,NULL,NULL,'romerocristian@ulisboa.pt',NULL,NULL,NULL,'PT',NULL,NULL,'Student','');
INSERT INTO users_appuser VALUES(379,'pbkdf2_sha256$120000$6BFoU7W2YQpL$vs8sQG/VCYFewrNnJBfbdimzvrgzKP4EEUhsZ3VUwH8=',NULL,0,'jacob72','Justin','Armstrong','margaretnguyen@hotmail.com',0,1,'2019-06-20 20:14:12.171977',NULL,NULL,NULL,'reyeselizabeth@ulisboa.pt',NULL,NULL,NULL,'PT',NULL,NULL,'Student','');
INSERT INTO users_appuser VALUES(380,'pbkdf2_sha256$120000$cosfWWakhcq1$6lX7ST3sV3wiOdhQzW+o373lrWGt5ZMW78/SjGYHnRA=',NULL,0,'kyle57','Jared','Adams','charlesphillips@cowan.com',0,1,'2019-06-20 20:14:12.359388',NULL,NULL,NULL,'fullersherri@ulisboa.pt',NULL,NULL,NULL,'PT',NULL,NULL,'Student','');
INSERT INTO users_appuser VALUES(381,'pbkdf2_sha256$120000$AxtnwicUpl0R$SodeJZHfLVbD6RUfpw59D4ZqcuDAzxPjH5FpZT1G0vo=',NULL,0,'shawn93','Rebecca','Murphy','jpacheco@hotmail.com',0,1,'2019-06-20 20:14:12.557468',NULL,NULL,NULL,'kimberly85@ulisboa.pt',NULL,NULL,NULL,'PT',NULL,NULL,'Student','');
INSERT INTO users_appuser VALUES(382,'pbkdf2_sha256$120000$n7YFpERfPkL4$Vzorfi3JY/bAzxuozl6iuDDcDAPP10ERxvk3D6IWf2o=',NULL,0,'brandonmurphy','Elizabeth','Fisher','austinharrison@harris.com',0,1,'2019-06-20 20:14:12.733531',NULL,NULL,NULL,'stephanie75@ulisboa.pt',NULL,NULL,NULL,'PT',NULL,NULL,'Student','');
INSERT INTO users_appuser VALUES(383,'pbkdf2_sha256$120000$gw0MLCzgHBAI$heP/4YpL/u7lL3eWl0FRkl/JO3VLozn9WqWTL2ixSvs=',NULL,0,'dylan54','Kathryn','Richardson','istone@davidson-rosales.com',0,1,'2019-06-20 20:14:12.910989',NULL,NULL,NULL,'caseyjohn@ulisboa.pt',NULL,NULL,NULL,'PT',NULL,NULL,'Student','');
INSERT INTO users_appuser VALUES(384,'pbkdf2_sha256$120000$5KfFSPZtHUKy$8jhZN6EziHLru1TGvxT+Hn6OHD2nWa6TCdym0/tUy80=',NULL,0,'robbinsrachel','Crystal','Bishop','gfrazier@hotmail.com',0,1,'2019-06-20 20:14:13.086485',NULL,NULL,NULL,'joneseric@ulisboa.pt',NULL,NULL,NULL,'PT',NULL,NULL,'Student','');
INSERT INTO users_appuser VALUES(385,'pbkdf2_sha256$120000$gnbPY1uM6uYj$BHzg4D6khoq2newNq+QSPigmstMup6JbqvR156QiT/0=',NULL,0,'pnelson','Allen','Jones','christopher63@hotmail.com',0,1,'2019-06-20 20:14:13.281866',NULL,NULL,NULL,'maciasdaniel@ulisboa.pt',NULL,NULL,NULL,'PT',NULL,NULL,'Student','');
INSERT INTO users_appuser VALUES(386,'pbkdf2_sha256$120000$UO26PSRdivQ6$ZpSdpgvc4zeZesry6gapTlWyE4GOvNNfUwewVDy7sl4=',NULL,0,'samanthajones','Patrick','Ramos','jay63@lynn.com',0,1,'2019-06-20 20:14:13.551723',NULL,NULL,NULL,'mjohns@ulisboa.pt',NULL,NULL,NULL,'PT',NULL,NULL,'Student','');
INSERT INTO users_appuser VALUES(387,'pbkdf2_sha256$120000$BXNK0RTCCyPf$Z6SU1gS65/KU2Hz64yuSgM4iZibV4YV9bcx1zVm6vLI=',NULL,0,'kbarnes','Aaron','Henson','wmeyer@gmail.com',0,1,'2019-06-20 20:14:13.724634',NULL,NULL,NULL,'marktaylor@ulisboa.pt',NULL,NULL,NULL,'PT',NULL,NULL,'Student','');
INSERT INTO users_appuser VALUES(388,'pbkdf2_sha256$120000$oSoaakat0sC4$mVvT4JQvq0MRCJ5mRxmBxSUKiwMncBUA5o5zXTAxOzk=',NULL,0,'barneslisa','John','Edwards','joanna85@molina-rogers.com',0,1,'2019-06-20 20:14:13.930903',NULL,NULL,NULL,'hdavis@ulisboa.pt',NULL,NULL,NULL,'PT',NULL,NULL,'Student','');
INSERT INTO users_appuser VALUES(389,'pbkdf2_sha256$120000$3hg4HJA8uTCC$2N6Wtlu0yG9N92Fgyi/+qE0U8AuolvMipvsPPXPjhbs=',NULL,0,'griffinjoseph','Andrew','Smith','daniel09@gmail.com',0,1,'2019-06-20 20:14:14.229699',NULL,NULL,NULL,'joshuahurst@ulisboa.pt',NULL,NULL,NULL,'PT',NULL,NULL,'Student','');
INSERT INTO users_appuser VALUES(390,'pbkdf2_sha256$120000$no2xTdOqhXpI$p8WHezi50Ag+Jj/touzQq1RSLdyPeZuTq80BPGkgZnY=',NULL,0,'regina80','Holly','Owens','ewalker@erickson.com',0,1,'2019-06-20 20:14:14.405678',NULL,NULL,NULL,'pattersonadrienne@ulisboa.pt',NULL,NULL,NULL,'PT',NULL,NULL,'Student','');
INSERT INTO users_appuser VALUES(391,'pbkdf2_sha256$120000$FeiLdB1PdKjj$cTe27M9nhRs0Cfs1q13/U0rp/YrhM8MBfhyMC2W0lTc=',NULL,0,'adamsadrian','Ricky','Henry','jmendoza@yahoo.com',0,1,'2019-06-20 20:14:14.597735',NULL,NULL,NULL,'james26@ulisboa.pt',NULL,NULL,NULL,'PT',NULL,NULL,'Student','');
INSERT INTO users_appuser VALUES(392,'pbkdf2_sha256$120000$5cyLTzJNtUws$Pb6zF/TnHH9rdax7/+dMgkTXLnTiM4lah9bVY7GgxCQ=',NULL,0,'jimsummers','Kari','Johnson','daniellecuevas@hotmail.com',0,1,'2019-06-20 20:14:14.775543',NULL,NULL,NULL,'melissa86@ulisboa.pt',NULL,NULL,NULL,'PT',NULL,NULL,'Student','');
INSERT INTO users_appuser VALUES(393,'pbkdf2_sha256$120000$GDphlLlpDJqe$x/DxL8xcvG6hWOz3nvmlYHYynLxnArOTNk0Tr+uujzM=',NULL,0,'angelabrown','Tami','Perry','jeanette41@tanner.com',0,1,'2019-06-20 20:14:14.960184',NULL,NULL,NULL,'mwiley@ulisboa.pt',NULL,NULL,NULL,'PT',NULL,NULL,'Student','');
INSERT INTO users_appuser VALUES(394,'pbkdf2_sha256$120000$Iwj8MWeBHuan$SeFTf2zAiKelRS1nBeDgnRHME3Rc9Wvw9HUNfYJGo+U=',NULL,0,'christopher66','David','Cole','rbennett@roberson.com',0,1,'2019-06-20 20:14:15.125314',NULL,NULL,NULL,'ftaylor@ulisboa.pt',NULL,NULL,NULL,'PT',NULL,NULL,'Student','');
INSERT INTO users_appuser VALUES(395,'pbkdf2_sha256$120000$UsPZpA8F8VoC$46x0JgOHMWNHHBY0yaErKApQ1lDH6tC8Wohyn4mPL9I=',NULL,0,'kathrynwatson','Shawn','Lewis','torresdrew@yahoo.com',0,1,'2019-06-20 20:14:15.291423',NULL,NULL,NULL,'michaelanderson@ulisboa.pt',NULL,NULL,NULL,'PT',NULL,NULL,'Student','');
INSERT INTO users_appuser VALUES(396,'pbkdf2_sha256$120000$9eMRioB3l1lZ$E40S6uGtTETep7zCIyXS9tei20DPx8IUC5Y1p/iiCcM=',NULL,0,'stevensmith','Gwendolyn','Williams','garciajoseph@gmail.com',0,1,'2019-06-20 20:14:15.467360',NULL,NULL,NULL,'petersmith@ulisboa.pt',NULL,NULL,NULL,'PT',NULL,NULL,'Student','');
INSERT INTO users_appuser VALUES(397,'pbkdf2_sha256$120000$r5LmlyjVZv6C$cWwxIpjQoDKGZRXOSaxkWYdTSPiXu5FeUV4DgmTmU5M=',NULL,0,'valenciajeffrey','Stephen','Morgan','bushryan@hotmail.com',0,1,'2019-06-20 20:14:15.696687',NULL,NULL,NULL,'benjamin02@ulisboa.pt',NULL,NULL,NULL,'PT',NULL,NULL,'Student','');
INSERT INTO users_appuser VALUES(398,'pbkdf2_sha256$120000$AR6xmtTGcBhU$tEJJgTtWqCo8JEvAdFHfyIVgy57kM+7i/ChHVJrO5sw=',NULL,0,'pwilson','Monica','Wilson','chris01@terry-navarro.com',0,1,'2019-06-20 20:14:15.893217',NULL,NULL,NULL,'brandtjon@ulisboa.pt',NULL,NULL,NULL,'PT',NULL,NULL,'Student','');
INSERT INTO users_appuser VALUES(399,'pbkdf2_sha256$120000$U3JSRuaUcjSK$Qwmr8U9u/eu1j7HgTE+JQXGldXcrWXonUjjIkfnRI0E=',NULL,0,'matthew63','John','Perez','melissawashington@hodge.com',0,1,'2019-06-20 20:14:16.063373',NULL,NULL,NULL,'thomas24@ulisboa.pt',NULL,NULL,NULL,'PT',NULL,NULL,'Student','');
INSERT INTO users_appuser VALUES(400,'pbkdf2_sha256$120000$b5xzLqkLJ4fF$CZx1ZQmNTeQnORmuEWznj7ptZUYid357ADsbu7eKWIE=',NULL,0,'kayla65','Ashley','Mata','michaelstout@yahoo.com',0,1,'2019-06-20 20:14:16.239573',NULL,NULL,NULL,'srodriguez@ulisboa.pt',NULL,NULL,NULL,'PT',NULL,NULL,'Student','');
INSERT INTO users_appuser VALUES(401,'pbkdf2_sha256$120000$RXDuIcvws8jo$+V4a6e0kcCvKwtTfpONNn7h883m3bXbKKEmIOQAhsck=',NULL,0,'joshua91','Benjamin','Martinez','figueroatraci@pope.org',0,1,'2019-06-20 20:14:16.432442',NULL,NULL,NULL,'melissasteele@ulisboa.pt',NULL,NULL,NULL,'PT',NULL,NULL,'Student','');
INSERT INTO users_appuser VALUES(402,'pbkdf2_sha256$120000$xgNMD57UOmlO$HmrwVh4rFS8gl59x1k5pctUuwRmPr4CbyFUGqj6O76g=',NULL,0,'hendersonchris','Patrick','Garcia','jasonhill@gmail.com',0,1,'2019-06-20 20:14:16.629824',NULL,NULL,NULL,'mary37@ulisboa.pt',NULL,NULL,NULL,'PT',NULL,NULL,'Student','');
INSERT INTO users_appuser VALUES(403,'pbkdf2_sha256$120000$6FXYK7sW19TD$WvqYs8/Qvgwy3SYbc/C8041Ah/Y319dKagiO/XeVug0=',NULL,0,'mcdonaldtyler','Leah','Villarreal','seanfranklin@yahoo.com',0,1,'2019-06-20 20:14:16.804652',NULL,NULL,NULL,'jonesdonald@ulisboa.pt',NULL,NULL,NULL,'PT',NULL,NULL,'Student','');
INSERT INTO users_appuser VALUES(404,'pbkdf2_sha256$120000$NcHaSHl7kT70$EoF198SYL5IjgrUgnXejAIT/ydl3ryKLiDbsfyUvPBQ=',NULL,0,'suzannehughes','Richard','Little','dfranco@contreras-williams.org',0,1,'2019-06-20 20:14:17.033787',NULL,NULL,NULL,'fcampbell@ulisboa.pt',NULL,NULL,NULL,'PT',NULL,NULL,'Student','');
INSERT INTO users_appuser VALUES(405,'pbkdf2_sha256$120000$Bcdfzp2BmOWU$mudArFohawzMtvF7EIPRY3itYBjc10+i3p7steF6/Jg=',NULL,0,'jared49','Amy','Phillips','deanerin@hotmail.com',0,1,'2019-06-20 20:14:17.216451',NULL,NULL,NULL,'gabriel62@ulisboa.pt',NULL,NULL,NULL,'PT',NULL,NULL,'Student','');
INSERT INTO users_appuser VALUES(406,'pbkdf2_sha256$120000$9YFv7smTbPR1$GmB7btLVAErEn94LEwo58LA2199yuMVBstJlW9mqbSU=',NULL,0,'ywilson','Carl','Campbell','arthurhansen@rose.com',0,1,'2019-06-20 20:14:17.386338',NULL,NULL,NULL,'amy35@ulisboa.pt',NULL,NULL,NULL,'PT',NULL,NULL,'Student','');
INSERT INTO users_appuser VALUES(407,'pbkdf2_sha256$120000$cdkKGXBHSBEe$PeoTpnVgd0lSgzBNASvPlUl/zl9Zpf8F24G382CkKj8=',NULL,0,'tina99','Mary','Cross','richardswilliam@stone.net',0,1,'2019-06-20 20:14:17.563187',NULL,NULL,NULL,'danielle85@ulisboa.pt',NULL,NULL,NULL,'PT',NULL,NULL,'Student','');
INSERT INTO users_appuser VALUES(408,'pbkdf2_sha256$120000$PjYroOSRNJyH$7FyzzXYHHUVjCsPVzy9BWX8oar4ySLjoygf75J/p/Xo=',NULL,0,'bryan98','Mason','Dunn','james34@hotmail.com',0,1,'2019-06-20 20:14:17.757449',NULL,NULL,NULL,'gillmichael@ulisboa.pt',NULL,NULL,NULL,'PT',NULL,NULL,'Student','');
INSERT INTO users_appuser VALUES(409,'pbkdf2_sha256$120000$Q3YRT3UCLqjM$AIvrafzv8HlBgRAci8soba1efx27OcuM5p8L+R699t0=',NULL,0,'rblack','Ronald','Collier','juanestrada@yahoo.com',0,1,'2019-06-20 20:14:17.944339',NULL,NULL,NULL,'jessica88@ulisboa.pt',NULL,NULL,NULL,'PT',NULL,NULL,'Student','');
INSERT INTO users_appuser VALUES(410,'pbkdf2_sha256$120000$uBmADZZ55kwj$GlXrFUADpMXRJTAWtBR9lxcfT9GCQTbFhC+JEu/6I30=',NULL,0,'cody66','Alex','Ortiz','amandaanderson@bowen.com',0,1,'2019-06-20 20:14:18.116948',NULL,NULL,NULL,'gcarrillo@ulisboa.pt',NULL,NULL,NULL,'PT',NULL,NULL,'Student','');
INSERT INTO users_appuser VALUES(411,'pbkdf2_sha256$120000$QfoNgOwfHOeT$qwsfpAH/jlj22R1RzlGZzFR1k75vQJoZjpmLlW5/tNE=',NULL,0,'zbaker','John','Sanchez','tammyfrank@kelly.com',0,1,'2019-06-20 20:14:18.291294',NULL,NULL,NULL,'pattersonlatoya@ulisboa.pt',NULL,NULL,NULL,'PT',NULL,NULL,'Student','');
INSERT INTO users_appuser VALUES(412,'pbkdf2_sha256$120000$wf71ildTCpwe$LAzJ2CInT+sWpi5P//X0EVcvsXbJ5iet773A4lZP9h0=',NULL,0,'yfrench','Nicholas','Hicks','rodriguezphilip@lin.net',0,1,'2019-06-20 20:14:18.467699',NULL,NULL,NULL,'terrimyers@ulisboa.pt',NULL,NULL,NULL,'PT',NULL,NULL,'Student','');
INSERT INTO users_appuser VALUES(413,'pbkdf2_sha256$120000$4Druy9nzCWWG$tUF4aycy+4kzcp3hlRxUr4yWDaj7nkpfA0Jj2dGxe8c=',NULL,0,'bradley56','Jordan','Lynn','ogarcia@hotmail.com',0,1,'2019-06-20 20:14:18.644749',NULL,NULL,NULL,'christophervance@ulisboa.pt',NULL,NULL,NULL,'PT',NULL,NULL,'Student','');
INSERT INTO users_appuser VALUES(414,'pbkdf2_sha256$120000$9286raffqRzo$FFjQOhAQDB0sEcAMLhTg0SmezTU0ZO0wAvBX6pduqFw=',NULL,0,'bradfordbarbara','Randall','Stewart','lsmith@hotmail.com',0,1,'2019-06-20 20:14:18.826443',NULL,NULL,NULL,'ocortez@ulisboa.pt',NULL,NULL,NULL,'PT',NULL,NULL,'Student','');
INSERT INTO users_appuser VALUES(415,'pbkdf2_sha256$120000$KBJsUtHVVnKd$9n0OEuvvQb8YLcIMEyzKj2JRUJ6DYfILZN52GkjL2sg=',NULL,0,'wmurphy','Edward','Graham','wheelerbradley@richard.com',0,1,'2019-06-20 20:14:18.992897',NULL,NULL,NULL,'asmith@ulisboa.pt',NULL,NULL,NULL,'PT',NULL,NULL,'Student','');
INSERT INTO users_appuser VALUES(416,'pbkdf2_sha256$120000$OicKm7CHWUzY$f8Xxw5tgKhHHXne9buYGeXXIgWL/SoNq8bcpQroUwFo=',NULL,0,'april17','Robert','Johnson','huntersteven@richards.info',0,1,'2019-06-20 20:14:19.177857',NULL,NULL,NULL,'patrick85@ulisboa.pt',NULL,NULL,NULL,'PT',NULL,NULL,'Student','');
INSERT INTO users_appuser VALUES(417,'pbkdf2_sha256$120000$sDL86uJn5mDQ$MQ9YcGI9czsaghgmixGww82IOGnoHQS4VqmiPTD2ITc=',NULL,0,'gashley','Scott','Norman','scarpenter@yahoo.com',0,1,'2019-06-20 20:14:19.340068',NULL,NULL,NULL,'barrettpatrick@ulisboa.pt',NULL,NULL,NULL,'PT',NULL,NULL,'Student','');
INSERT INTO users_appuser VALUES(418,'pbkdf2_sha256$120000$7V4LrqVa1K7B$/VyMjs3UM0cCrXcQt/LdOVaHT/FF8Fi0ptJJ6vH8Kq8=',NULL,0,'brooke69','Peter','Blake','aalvarez@bridges.com',0,1,'2019-06-20 20:14:19.507299',NULL,NULL,NULL,'lewispatricia@ulisboa.pt',NULL,NULL,NULL,'PT',NULL,NULL,'Student','');
INSERT INTO users_appuser VALUES(419,'pbkdf2_sha256$120000$OHIVwDpVZbDv$qxCI3ZE/evrT4YH4MiGERDHJtczMox+0k+NtKwWJksc=',NULL,0,'smithrobert','Molly','Bray','pamelahendricks@gmail.com',0,1,'2019-06-20 20:14:19.669483',NULL,NULL,NULL,'robert47@ulisboa.pt',NULL,NULL,NULL,'PT',NULL,NULL,'Student','');
INSERT INTO users_appuser VALUES(420,'pbkdf2_sha256$120000$FQHsTWFM3gy0$ou+80FK5maQuWK1O1btTKhAZ9KOkR6ClgE9jgQw8Z+M=',NULL,0,'wilsonaudrey','Mitchell','Morris','hvazquez@drake.com',0,1,'2019-06-20 20:14:19.846243',NULL,NULL,NULL,'dbaker@ulisboa.pt',NULL,NULL,NULL,'PT',NULL,NULL,'Student','');
INSERT INTO users_appuser VALUES(421,'pbkdf2_sha256$120000$1d6R7Lw16iGa$1HLt5P3dWxT7FZspKVi1S6oG3/ESvrrgyewGky6W17s=',NULL,0,'eedwards','James','French','terrijefferson@yahoo.com',0,1,'2019-06-20 20:14:20.014784',NULL,NULL,NULL,'acevedozachary@ulisboa.pt',NULL,NULL,NULL,'PT',NULL,NULL,'Student','');
INSERT INTO users_appuser VALUES(422,'pbkdf2_sha256$120000$7Xrerbbe9QsY$6yKrtqVpJqeRdIi8Xk8V0MPK+Q1Tx80E3V1GCv2PZFc=',NULL,0,'brownisaac','Bonnie','Collins','craigdavis@hotmail.com',0,1,'2019-06-20 20:14:20.191513',NULL,NULL,NULL,'timothysawyer@ulisboa.pt',NULL,NULL,NULL,'PT',NULL,NULL,'Student','');
INSERT INTO users_appuser VALUES(423,'pbkdf2_sha256$120000$hnf4rIrt4LkW$16SOGoFFJ7MifyS6e/LBhDB80LeJ4DHH3+y+cY/KSkc=',NULL,0,'stevenjohnson','Jill','Thomas','jose31@yahoo.com',0,1,'2019-06-20 20:14:20.407041',NULL,NULL,NULL,'stephen94@ulisboa.pt',NULL,NULL,NULL,'PT',NULL,NULL,'Student','');
INSERT INTO users_appuser VALUES(424,'pbkdf2_sha256$120000$v1aMiOEWq5bk$a884BJ7SzCAIHAnnXZoULS8q2xD82ZMrTPjCfIXy/0g=',NULL,0,'caleb88','Jasmine','Moore','stephanie38@wolfe.net',0,1,'2019-06-20 20:14:20.588600',NULL,NULL,NULL,'justindixon@ulisboa.pt',NULL,NULL,NULL,'PT',NULL,NULL,'Student','');
INSERT INTO users_appuser VALUES(425,'pbkdf2_sha256$120000$ddHyg4TJbwr6$Wt7gTwzwK+p9y/Fm1WQePBDQjiteEspVu8bClYTPr3I=',NULL,0,'shall','Maria','Bell','hernandezbrittany@yahoo.com',0,1,'2019-06-20 20:14:20.768556',NULL,NULL,NULL,'steven74@ulisboa.pt',NULL,NULL,NULL,'PT',NULL,NULL,'Student','');
INSERT INTO users_appuser VALUES(426,'pbkdf2_sha256$120000$LtPlo8gk61ZY$nZkDXswxo9TytWmA4jCizZzyFb7X1wKsGM+kDTJl9kQ=',NULL,0,'haleyowens','Dana','Duarte','birdkaren@wright.com',0,1,'2019-06-20 20:14:20.943570',NULL,NULL,NULL,'whitebrittany@ulisboa.pt',NULL,NULL,NULL,'PT',NULL,NULL,'Student','');
INSERT INTO users_appuser VALUES(427,'pbkdf2_sha256$120000$dzDvfj6gRfLr$EVw2/gjfXN6LZVlZPNOaqmO9/pqoVYsLxIqkGBMPca4=',NULL,0,'ohart','Kristen','Villa','wcordova@gmail.com',0,1,'2019-06-20 20:14:21.132060',NULL,NULL,NULL,'jpalmer@ulisboa.pt',NULL,NULL,NULL,'PT',NULL,NULL,'Student','');
INSERT INTO users_appuser VALUES(428,'pbkdf2_sha256$120000$5Mci5YrU7YoM$cqMk1ZIqYALZm/23sa37D8b0cOkGQMdb3vct1F/hKyI=',NULL,0,'nstevenson','Amy','Flowers','antonio28@smith-parker.com',0,1,'2019-06-20 20:14:21.300682',NULL,NULL,NULL,'orrariel@ulisboa.pt',NULL,NULL,NULL,'PT',NULL,NULL,'Student','');
INSERT INTO users_appuser VALUES(429,'pbkdf2_sha256$120000$XuzuEfndQCbu$LGlsCdkpW20zC4P6+R3aMyA79Oq2kBZ3gx8ieCQy19Q=',NULL,0,'ebradley','Nancy','Sullivan','ssilva@hotmail.com',0,1,'2019-06-20 20:14:21.461798',NULL,NULL,NULL,'wileydiane@ulisboa.pt',NULL,NULL,NULL,'PT',NULL,NULL,'Student','');
INSERT INTO users_appuser VALUES(430,'pbkdf2_sha256$120000$KH46NWHkUvWi$Q2kqDInDfNY3pUIWw2tXwBf/5+1iCPaloPE2+UvIVlE=',NULL,0,'michaelkathryn','Nancy','Turner','jamesdyer@bowers.com',0,1,'2019-06-20 20:14:21.624785',NULL,NULL,NULL,'robert90@ulisboa.pt',NULL,NULL,NULL,'PT',NULL,NULL,'Student','');
INSERT INTO users_appuser VALUES(431,'pbkdf2_sha256$120000$vjsVwbRf9dRv$o0RnIyorqYc1FgQ53goLD0VC5wAPk3HsWijOMcuJ/IA=',NULL,0,'jerome11','Alicia','Yang','heather02@gmail.com',0,1,'2019-06-20 20:14:21.822199',NULL,NULL,NULL,'adam57@ulisboa.pt',NULL,NULL,NULL,'PT',NULL,NULL,'Student','');
INSERT INTO users_appuser VALUES(432,'pbkdf2_sha256$120000$I3zyHyJRFadJ$gyzgkt4lvSJjJRUIR1i47NjVO5tpvyhxAvV8qq9qpJM=',NULL,0,'heathercox','Allison','Schwartz','garciadeanna@cole.com',0,1,'2019-06-20 20:14:22.213258',NULL,NULL,NULL,'spencerkelsey@ulisboa.pt',NULL,NULL,NULL,'PT',NULL,NULL,'Student','');
INSERT INTO users_appuser VALUES(433,'pbkdf2_sha256$120000$R2D7dEXu9Qr8$ekIoy1OGY9LzZ3icpivLEsfxW6fdOEwGTn81EWyqCLY=',NULL,0,'gbarnett','Lisa','Tucker','karen97@yahoo.com',0,1,'2019-06-20 20:14:22.448093',NULL,NULL,NULL,'sarah52@ulisboa.pt',NULL,NULL,NULL,'PT',NULL,NULL,'Student','');
INSERT INTO users_appuser VALUES(434,'pbkdf2_sha256$120000$ZBujGlsUs1uH$KQZCHXVYBGmsSTXUW94Q6S6Z79UZimMC8RLWmDD/2UU=',NULL,0,'ymoore','Stacy','Coleman','samuelwilliams@galvan-jones.net',0,1,'2019-06-20 20:14:22.626994',NULL,NULL,NULL,'mitchellrebecca@ulisboa.pt',NULL,NULL,NULL,'PT',NULL,NULL,'Student','');
INSERT INTO users_appuser VALUES(435,'pbkdf2_sha256$120000$TjWSbZQ6mQ17$YUjLdmDQE2kI4bS9/39X+Lxcu9vCMQDixHLSYW+bDTM=',NULL,0,'floreskayla','Kenneth','Ball','lorraine36@hotmail.com',0,1,'2019-06-20 20:14:22.823110',NULL,NULL,NULL,'johnsonjustin@ulisboa.pt',NULL,NULL,NULL,'PT',NULL,NULL,'Student','');
INSERT INTO users_appuser VALUES(436,'pbkdf2_sha256$120000$lCN0u0rAQrYk$0uWAzcg1V9A9EFEAdpbbzIZvOq7CL0N+wmKVjtVj+ho=',NULL,0,'kimanthony','Cynthia','Coffey','cwilliams@hotmail.com',0,1,'2019-06-20 20:14:23.004061',NULL,NULL,NULL,'millermichael@ulisboa.pt',NULL,NULL,NULL,'PT',NULL,NULL,'Student','');
INSERT INTO users_appuser VALUES(437,'pbkdf2_sha256$120000$KMKO5oKIz72m$BF4YaZs4ZOIAXTk301bG/Hq/RUgw8wXzxVqwP4dUvYA=',NULL,0,'eestes','Kim','Morrow','acallahan@gmail.com',0,1,'2019-06-20 20:14:23.183200',NULL,NULL,NULL,'jenniferbradley@ulisboa.pt',NULL,NULL,NULL,'PT',NULL,NULL,'Student','');
INSERT INTO users_appuser VALUES(438,'pbkdf2_sha256$120000$rc0qB3Rvbv68$LUzJg1Y+5dJlP0SXK7nc6jdejre0KL86njtfToEz4gM=',NULL,0,'tracywilson','Miranda','Ramirez','rebecca72@jones.com',0,1,'2019-06-20 20:14:23.419797',NULL,NULL,NULL,'pittskelly@ulisboa.pt',NULL,NULL,NULL,'PT',NULL,NULL,'Student','');
INSERT INTO users_appuser VALUES(439,'pbkdf2_sha256$120000$6zlgTZfkB6wm$Kd0p1H7cf3jYy1Gf1Y+BTHk5DZkAlTSITZfQWdsEREM=',NULL,0,'yvetteedwards','Denise','Martinez','sanchezgary@hotmail.com',0,1,'2019-06-20 20:14:23.613113',NULL,NULL,NULL,'cynthia33@ulisboa.pt',NULL,NULL,NULL,'PT',NULL,NULL,'Student','');
INSERT INTO users_appuser VALUES(440,'pbkdf2_sha256$120000$4FsK63oY6932$1i3S0Y3KYb8Z5bx4sONJ88jJtKsE+ZREt43Fj4e3WPQ=',NULL,0,'seanwhitehead','Brett','Mann','ilandry@yahoo.com',0,1,'2019-06-20 20:14:23.814771',NULL,NULL,NULL,'angelaruiz@ulisboa.pt',NULL,NULL,NULL,'PT',NULL,NULL,'Student','');
INSERT INTO users_appuser VALUES(441,'pbkdf2_sha256$120000$i9CVHNEZUvw2$bTwCbsw8oGTAWAbCNqiR97lhSYgU4osMtIclLwKqcac=',NULL,0,'wlong','Hannah','Weaver','timothy11@mathews.com',0,1,'2019-06-20 20:14:24.003084',NULL,NULL,NULL,'laurenreeves@ulisboa.pt',NULL,NULL,NULL,'PT',NULL,NULL,'Student','');
INSERT INTO users_appuser VALUES(442,'pbkdf2_sha256$120000$kVtymKTzn8WX$axfh17PLI1TXwkfHyWz++1sc//EHshiwfAxqHXYosTM=',NULL,0,'christophercook','Kimberly','Reyes','gilberttoni@hopkins-cox.com',0,1,'2019-06-20 20:14:24.192830',NULL,NULL,NULL,'uturner@ulisboa.pt',NULL,NULL,NULL,'PT',NULL,NULL,'Student','');
INSERT INTO users_appuser VALUES(443,'pbkdf2_sha256$120000$nwBRyybLyIaC$1euSuJ+OVWJRWfQR0cL5EjNXUjblf0M6X5q8+c6LLFI=',NULL,0,'medinabenjamin','John','Smith','cindydavidson@flores.org',0,1,'2019-06-20 20:14:24.386095',NULL,NULL,NULL,'corey51@ulisboa.pt',NULL,NULL,NULL,'PT',NULL,NULL,'Student','');
INSERT INTO users_appuser VALUES(444,'pbkdf2_sha256$120000$ndfxkmiEFu9I$MU1w7220uuV3bBA/Xobimm2a8/Rf5Aa9I1Fz9j+ssCU=',NULL,0,'amartin','Susan','Rasmussen','ywhite@white.com',0,1,'2019-06-20 20:14:24.596115',NULL,NULL,NULL,'robertking@ulisboa.pt',NULL,NULL,NULL,'PT',NULL,NULL,'Student','');
INSERT INTO users_appuser VALUES(445,'pbkdf2_sha256$120000$pxCJ9lH5vdEM$o6joMeXtwuSR2CkrzyQtnZGZdcC6XarP0uBwjlj2vBc=',NULL,0,'zlloyd','Robert','Mccall','ryan94@ramos.com',0,1,'2019-06-20 20:14:24.801397',NULL,NULL,NULL,'sylvia37@ulisboa.pt',NULL,NULL,NULL,'PT',NULL,NULL,'Student','');
INSERT INTO users_appuser VALUES(446,'pbkdf2_sha256$120000$9y8yiggRpKxX$nfrkygr3+JKZ49X0JLYxiBNVktyDltNDQf+HHV3WuH8=',NULL,0,'fosterjulie','John','Daniels','brandonguerrero@gmail.com',0,1,'2019-06-20 20:14:25.004065',NULL,NULL,NULL,'cody27@ulisboa.pt',NULL,NULL,NULL,'PT',NULL,NULL,'Student','');
INSERT INTO users_appuser VALUES(447,'pbkdf2_sha256$120000$ShWAJLChhjVt$TTMgffRuU4WFExbNyTo/FigDqpsepagxnZUf7aWo3Xw=',NULL,0,'normapearson','Christopher','Wilson','ogiles@berry.com',0,1,'2019-06-20 20:14:25.191823',NULL,NULL,NULL,'iannash@ulisboa.pt',NULL,NULL,NULL,'PT',NULL,NULL,'Student','');
INSERT INTO users_appuser VALUES(448,'pbkdf2_sha256$120000$zd9beajr1j2Y$A45+4iQTbmW5GofK5IKBQkryqzk0LjCZvWEC11SnGJs=',NULL,0,'victorwalter','Charles','Mullen','bwall@patterson.info',0,1,'2019-06-20 20:14:25.362530',NULL,NULL,NULL,'ryanhenson@ulisboa.pt',NULL,NULL,NULL,'PT',NULL,NULL,'Student','');
INSERT INTO users_appuser VALUES(449,'pbkdf2_sha256$120000$Fsvtlsqn9gUC$x+vKJHT2/FmMpRk5yT0gJn+PvUNvD4YT5yOMV09T8PM=',NULL,0,'jennifermassey','Gregory','Willis','jonesmarcus@gmail.com',0,1,'2019-06-20 20:14:25.529145',NULL,NULL,NULL,'agarcia@ulisboa.pt',NULL,NULL,NULL,'PT',NULL,NULL,'Student','');
INSERT INTO users_appuser VALUES(450,'pbkdf2_sha256$120000$sdeedDwu8t0W$gNijVSVYm/wpwExzlBqUr3AEML8AxehYSgQuukShQYc=',NULL,0,'dylan53','Stephen','Fox','pamelalee@yahoo.com',0,1,'2019-06-20 20:14:25.703095',NULL,NULL,NULL,'zhunt@ulisboa.pt',NULL,NULL,NULL,'PT',NULL,NULL,'Student','');
INSERT INTO users_appuser VALUES(451,'pbkdf2_sha256$120000$hrShSGOeHvzU$JIajOPVlW5c+4UBlgOSdQ+pDUhsBetBGTP9StCbfflw=',NULL,0,'parkerandrew','Jessica','Richards','travis00@hotmail.com',0,1,'2019-06-20 20:14:25.875511',NULL,NULL,NULL,'chad13@ulisboa.pt',NULL,NULL,NULL,'PT',NULL,NULL,'Student','');
INSERT INTO users_appuser VALUES(452,'pbkdf2_sha256$120000$QQWxuOdFZUSX$NX490i5zVxd0oTJzIj34YsFSivqMCXzS95g/XITOr6I=',NULL,0,'zmason','Wendy','Simpson','wmiller@smith.com',0,1,'2019-06-20 20:14:26.043985',NULL,NULL,NULL,'igillespie@ulisboa.pt',NULL,NULL,NULL,'PT',NULL,NULL,'Student','');
INSERT INTO users_appuser VALUES(453,'pbkdf2_sha256$120000$ggHrAqSgkunz$PYa0f/w6nnSL+Ggm7zMxpSxNp9v+hFaogMoGZC7id1A=',NULL,0,'elizabethballard','Victor','Ramsey','jonesapril@gmail.com',0,1,'2019-06-20 20:14:26.225050',NULL,NULL,NULL,'kwoods@ulisboa.pt',NULL,NULL,NULL,'PT',NULL,NULL,'Student','');
INSERT INTO users_appuser VALUES(454,'pbkdf2_sha256$120000$0gV1PDj6a21z$/eCYL1IqpNrc4zzWwKskcVRYBc3DTh7vcl1ve0QcczY=',NULL,0,'james49','Holly','Joyce','cberry@may-miranda.com',0,1,'2019-06-20 20:14:26.421920',NULL,NULL,NULL,'kathleen98@ulisboa.pt',NULL,NULL,NULL,'PT',NULL,NULL,'Student','');
INSERT INTO users_appuser VALUES(455,'pbkdf2_sha256$120000$zdAVP6ZUTP3X$frTCYiQD7b+egT/DEOMzSZExKn1tE3ySbRdXmBKEfAk=',NULL,0,'rbrown','Stephanie','Mendoza','wardmonica@rush.biz',0,1,'2019-06-20 20:14:26.586102',NULL,NULL,NULL,'lawsonwillie@ulisboa.pt',NULL,NULL,NULL,'PT',NULL,NULL,'Student','');
INSERT INTO users_appuser VALUES(456,'pbkdf2_sha256$120000$lqcpwVmmr0G3$HGNC7jjKTK4JW3szysqaXavwuGysqo7bvcaYvH3KlQk=',NULL,0,'susan78','James','Thomas','lcrawford@moore.com',0,1,'2019-06-20 20:14:26.752032',NULL,NULL,NULL,'williamsjoshua@ulisboa.pt',NULL,NULL,NULL,'PT',NULL,NULL,'Student','');
INSERT INTO users_appuser VALUES(457,'pbkdf2_sha256$120000$zwlZJM1IEXBv$F3PDNYEdS8OtTHUrn0oeFz4oB3sMNuR1SaS0ApjzWf8=',NULL,0,'brownjoshua','Jeremy','Reyes','dchavez@bennett.net',0,1,'2019-06-20 20:14:26.938442',NULL,NULL,NULL,'jamesreyes@ulisboa.pt',NULL,NULL,NULL,'PT',NULL,NULL,'Student','');
INSERT INTO users_appuser VALUES(458,'pbkdf2_sha256$120000$R1F7yWgrhk65$AkqSaYzm3p9hP+IFDNaa1ckKQIFkhut9465kzEpMgFg=',NULL,0,'mcfarlandtara','Jessica','Chung','sarah92@carlson.net',0,1,'2019-06-20 20:14:27.104441',NULL,NULL,NULL,'sarah88@ulisboa.pt',NULL,NULL,NULL,'PT',NULL,NULL,'Student','');
INSERT INTO users_appuser VALUES(459,'pbkdf2_sha256$120000$MTyk1K6gZJZC$vAfBrT4msmutw2m5JRqd79vOGft66XqWjMGdPYP85e0=',NULL,0,'dominguezmaria','Justin','Johnson','devinchavez@nielsen.com',0,1,'2019-06-20 20:14:27.276827',NULL,NULL,NULL,'karenmeadows@ulisboa.pt',NULL,NULL,NULL,'PT',NULL,NULL,'Student','');
INSERT INTO users_appuser VALUES(460,'pbkdf2_sha256$120000$Tui4r5QoZVr7$xnpXIrIlNsRBVmG/kFahfPzp9Kx6Y2rApjGfV8iI/T8=',NULL,0,'leejames','Kelly','Palmer','garrettmartin@miller.com',0,1,'2019-06-20 20:14:27.449655',NULL,NULL,NULL,'kylebuckley@ulisboa.pt',NULL,NULL,NULL,'PT',NULL,NULL,'Student','');
INSERT INTO users_appuser VALUES(461,'pbkdf2_sha256$120000$QPBV0ydgzwl5$RlwVhKrgkAZtYB6I0zud94vbhY+1zfMmwzBQfSe+iro=',NULL,0,'ysutton','Jeffrey','Hickman','jessica57@yahoo.com',0,1,'2019-06-20 20:14:27.618924',NULL,NULL,NULL,'smithnathan@ulisboa.pt',NULL,NULL,NULL,'PT',NULL,NULL,'Student','');
INSERT INTO users_appuser VALUES(462,'pbkdf2_sha256$120000$r673OWBxyVyO$zu1h6G4vsVmmXd9SmONiJ6036Tjtunc7QBM8Y7besq8=',NULL,0,'olsoncurtis','Erin','Larson','phillipsmorgan@jackson-coffey.org',0,1,'2019-06-20 20:14:27.801835',NULL,NULL,NULL,'swansontiffany@ulisboa.pt',NULL,NULL,NULL,'PT',NULL,NULL,'Student','');
INSERT INTO users_appuser VALUES(463,'pbkdf2_sha256$120000$w5NmLOSdb4xP$RFDL1rHEMWooYVHPSmaOk0GrdUwL5iL4Ztmphqsk1M4=',NULL,0,'collinskaren','Jeffrey','Romero','davismelinda@davis.org',0,1,'2019-06-20 20:14:28.013726',NULL,NULL,NULL,'katherinesmith@ulisboa.pt',NULL,NULL,NULL,'PT',NULL,NULL,'Student','');
INSERT INTO users_appuser VALUES(464,'pbkdf2_sha256$120000$9OZOJQsdRgsP$CaBJJ/A/0NwDF9rWfPxo5FQN5FCbYxktRmndMm+nodg=',NULL,0,'scott53','Cynthia','Mccarty','amandakim@yahoo.com',0,1,'2019-06-20 20:14:28.294955',NULL,NULL,NULL,'luis72@ulisboa.pt',NULL,NULL,NULL,'PT',NULL,NULL,'Student','');
INSERT INTO users_appuser VALUES(465,'pbkdf2_sha256$120000$qKKHbd2Ck7jF$OfQk+9hdAT7uCpWmpH7RyWxMnIMjFPDjpyJyf1ZtehI=',NULL,0,'ssanders','Timothy','Nunez','sarahmolina@bell.com',0,1,'2019-06-20 20:14:28.518821',NULL,NULL,NULL,'ssmith@ulisboa.pt',NULL,NULL,NULL,'PT',NULL,NULL,'Student','');
INSERT INTO users_appuser VALUES(466,'pbkdf2_sha256$120000$xsKzL0uVUVvb$LbBBUU9fEhUBlP+qNnEgwptSlhjVMGZvAjBum2wAJoc=',NULL,0,'cardenasbarry','Wesley','Gray','zlawson@gmail.com',0,1,'2019-06-20 20:14:28.711026',NULL,NULL,NULL,'christopherwest@ulisboa.pt',NULL,NULL,NULL,'PT',NULL,NULL,'Student','');
INSERT INTO users_appuser VALUES(467,'pbkdf2_sha256$120000$Gc0mWMwXMLq4$xbG70wLaKf5yPGGFvUZW4tgkDjHjU8sGrWKR44E5NCg=',NULL,0,'david07','James','Ray','jennifer02@landry.com',0,1,'2019-06-20 20:14:28.899914',NULL,NULL,NULL,'mitchelldavid@ulisboa.pt',NULL,NULL,NULL,'PT',NULL,NULL,'Student','');
INSERT INTO users_appuser VALUES(468,'pbkdf2_sha256$120000$HQG1V9Ydb5OA$SHO9s0Y68P2pl2SOJZ306hMKaJyRkyTvZwUFkX0NmHw=',NULL,0,'loganvargas','Steven','Landry','lisabowers@walton-woods.com',0,1,'2019-06-20 20:14:29.095909',NULL,NULL,NULL,'brandonhudson@ulisboa.pt',NULL,NULL,NULL,'PT',NULL,NULL,'Student','');
INSERT INTO users_appuser VALUES(469,'pbkdf2_sha256$120000$rqvlaa3E6ld3$nKEV7Jnimn9+7r+dxQQf3nPhNglpqaeJYyJBWB/yyZ8=',NULL,0,'wstrickland','Lynn','Barber','maldonadomonica@gmail.com',0,1,'2019-06-20 20:14:29.287583',NULL,NULL,NULL,'sharoncopeland@ulisboa.pt',NULL,NULL,NULL,'PT',NULL,NULL,'Student','');
INSERT INTO users_appuser VALUES(470,'pbkdf2_sha256$120000$YZ15V0jmEUca$xgr4jhTk8AAY1z16wikdnsCBYaw4VZC1Va/v4KKAbjY=',NULL,0,'joseph47','Marissa','Mitchell','pgeorge@day.biz',0,1,'2019-06-20 20:14:29.479508',NULL,NULL,NULL,'annaharris@ulisboa.pt',NULL,NULL,NULL,'PT',NULL,NULL,'Student','');
INSERT INTO users_appuser VALUES(471,'pbkdf2_sha256$120000$UFSmxKgF70J8$gat4i2y8STzLtIKxiN2vfiiYormv/DvAvgAqenbPHwg=',NULL,0,'joneseric','Maria','Noble','grahamlevi@richardson.com',0,1,'2019-06-20 20:14:29.661518',NULL,NULL,NULL,'eturner@ulisboa.pt',NULL,NULL,NULL,'PT',NULL,NULL,'Student','');
INSERT INTO users_appuser VALUES(472,'pbkdf2_sha256$120000$HFWYSQD0g5zB$qisjHwgxTdLHqzAsf/5DOAczhfD/XM4mrCnr50Mf8k8=',NULL,0,'cjohnson','Lacey','Hall','jasmine54@hotmail.com',0,1,'2019-06-20 20:14:29.835643',NULL,NULL,NULL,'michael31@ulisboa.pt',NULL,NULL,NULL,'PT',NULL,NULL,'Student','');
INSERT INTO users_appuser VALUES(473,'pbkdf2_sha256$120000$OBVf42Ufzvjt$PRbFFfLIpAQzyYU/6nyYoI4P4VggjvCZvwM2K9DtIO0=',NULL,0,'jaime17','Terrance','Welch','uruiz@hutchinson.com',0,1,'2019-06-20 20:14:30.036105',NULL,NULL,NULL,'millererika@ulisboa.pt',NULL,NULL,NULL,'PT',NULL,NULL,'Student','');
INSERT INTO users_appuser VALUES(474,'pbkdf2_sha256$120000$rpOxiGE3wPh9$gZpnVyA7XmHSuNuXoHT8r42uWj5yeRmqLIXKX7SCD8I=',NULL,0,'johnsonshannon','David','Park','marvincook@guerrero.biz',0,1,'2019-06-20 20:14:30.235670',NULL,NULL,NULL,'eric75@ulisboa.pt',NULL,NULL,NULL,'PT',NULL,NULL,'Student','');
INSERT INTO users_appuser VALUES(475,'pbkdf2_sha256$120000$uVm8lpY1aF8m$piK7ZD0G/kf1taHvChoiy1MplTZVTJMrnHQeLq3hkVk=',NULL,0,'justin44','Karen','Young','ithompson@munoz.org',0,1,'2019-06-20 20:14:30.556281',NULL,NULL,NULL,'smithjoseph@ulisboa.pt',NULL,NULL,NULL,'PT',NULL,NULL,'Student','');
INSERT INTO users_appuser VALUES(476,'pbkdf2_sha256$120000$s3E01vU7mYmo$fyC0YT51Gb5JqAgqlHG3aEalxlwvTe51KypMO5ST9Xc=',NULL,0,'evansalicia','Lisa','Cooper','mark53@hotmail.com',0,1,'2019-06-20 20:14:30.776995',NULL,NULL,NULL,'sspears@ulisboa.pt',NULL,NULL,NULL,'PT',NULL,NULL,'Student','');
INSERT INTO users_appuser VALUES(477,'pbkdf2_sha256$120000$AAL9hAZaJqz6$zyZMu2t9a3+/o/f9rYzT5tJae37REBr3PQSKtwk47DQ=',NULL,0,'corymitchell','Matthew','Wilson','nicole81@madden.com',0,1,'2019-06-20 20:14:30.945090',NULL,NULL,NULL,'tlarsen@ulisboa.pt',NULL,NULL,NULL,'PT',NULL,NULL,'Student','');
INSERT INTO users_appuser VALUES(478,'pbkdf2_sha256$120000$yUIs9RdJneI1$dgN0gm9jVNgdWb4y7mBSpOwnacjLJLvkZf45FGWJ6+g=',NULL,0,'acarlson','Misty','George','kevin39@wagner.info',0,1,'2019-06-20 20:14:31.111547',NULL,NULL,NULL,'kristen25@ulisboa.pt',NULL,NULL,NULL,'PT',NULL,NULL,'Student','');
INSERT INTO users_appuser VALUES(479,'pbkdf2_sha256$120000$jCfKWVWUszwI$pcLs/6EPPYtu+OwJQ8bhHMIjPb3DrXl6GBvScJV36ik=',NULL,0,'stanley81','Mary','Grant','albertwalker@clark.biz',0,1,'2019-06-20 20:14:31.279215',NULL,NULL,NULL,'ashleymiller@ulisboa.pt',NULL,NULL,NULL,'PT',NULL,NULL,'Student','');
INSERT INTO users_appuser VALUES(480,'pbkdf2_sha256$120000$CbRZc1V2LaYj$Q4nt4HZTLTsg7O75UiGKLoniM98eYIK4Iz9e9FtgVNQ=',NULL,0,'phillip76','Charles','Wilson','scottchad@terry-stevens.com',0,1,'2019-06-20 20:14:31.441960',NULL,NULL,NULL,'rachel98@ulisboa.pt',NULL,NULL,NULL,'PT',NULL,NULL,'Student','');
INSERT INTO users_appuser VALUES(481,'pbkdf2_sha256$120000$96YhIBdqm9QS$EG64z/dy+LRGC3j7UVzK1B+l45ejHleud0b7OrxcgcU=',NULL,0,'deleonronald','Jessica','Wilson','powerspeter@scott.biz',0,1,'2019-06-20 20:14:31.606796',NULL,NULL,NULL,'lisa82@ulisboa.pt',NULL,NULL,NULL,'PT',NULL,NULL,'Student','');
INSERT INTO users_appuser VALUES(482,'pbkdf2_sha256$120000$dO1FAmAvYqpG$3SIZeuLMmqw1Li4M29ojwF8t2gylZzzftRFov3WPWmo=',NULL,0,'patrickhowe','Elizabeth','Carson','jasmine41@thompson-wilson.net',0,1,'2019-06-20 20:14:31.780150',NULL,NULL,NULL,'karengonzalez@ulisboa.pt',NULL,NULL,NULL,'PT',NULL,NULL,'Student','');
INSERT INTO users_appuser VALUES(483,'pbkdf2_sha256$120000$AbF7zXgrbU1H$/Hz9rKVE8YWwacv5sRkPfml34YNOOrAnj3HCKG5kEY8=',NULL,0,'meghanpage','Jacob','Burke','elainelee@hotmail.com',0,1,'2019-06-20 20:14:31.949868',NULL,NULL,NULL,'patrick44@ulisboa.pt',NULL,NULL,NULL,'PT',NULL,NULL,'Student','');
INSERT INTO users_appuser VALUES(484,'pbkdf2_sha256$120000$TJrv8sPHqBCn$O1HvkuZFR7ZNpUXMRPYnXATMaF9QRsLOQ0efuKvL1lw=',NULL,0,'jake57','Jason','Campos','lauren14@brooks.com',0,1,'2019-06-20 20:14:32.156176',NULL,NULL,NULL,'tmunoz@ulisboa.pt',NULL,NULL,NULL,'PT',NULL,NULL,'Student','');
INSERT INTO users_appuser VALUES(485,'pbkdf2_sha256$120000$4hS7giTjc8Vq$/ZJIhKrkdw6vh3HJWDe/e0wwroesKLAHKcCKDjdaFQQ=',NULL,0,'davidjennings','Patricia','Williams','harristhomas@hudson.com',0,1,'2019-06-20 20:14:32.327746',NULL,NULL,NULL,'vmorse@ulisboa.pt',NULL,NULL,NULL,'PT',NULL,NULL,'Student','');
INSERT INTO users_appuser VALUES(486,'pbkdf2_sha256$120000$MmwA9jsltjnL$gK3SLu8xk+1m/kb6QpLl9Cv6BbTrxxt/oX9i1XbGdYs=',NULL,0,'delgadokevin','Charles','Jacobson','leevictoria@hunter.com',0,1,'2019-06-20 20:14:32.494157',NULL,NULL,NULL,'martinezkimberly@ulisboa.pt',NULL,NULL,NULL,'PT',NULL,NULL,'Student','');
INSERT INTO users_appuser VALUES(487,'pbkdf2_sha256$120000$Fb6CeFvScPrb$+TysIxrOUG0NEmqs+DguOORK9jazdKlGb8FWnVdRa6E=',NULL,0,'cscott','Lisa','Calhoun','valentinemichael@hotmail.com',0,1,'2019-06-20 20:14:32.697390',NULL,NULL,NULL,'zrhodes@ulisboa.pt',NULL,NULL,NULL,'PT',NULL,NULL,'Student','');
INSERT INTO users_appuser VALUES(488,'pbkdf2_sha256$120000$dxE1sBiX0eFg$0QTBq8VrwTmB7X0qJznlWXK2cM2scLVQ4XV0ovt0BKU=',NULL,0,'graymatthew','Angela','Curtis','robertstewart@williams-saunders.com',0,1,'2019-06-20 20:14:32.908100',NULL,NULL,NULL,'ericajohnson@ulisboa.pt',NULL,NULL,NULL,'PT',NULL,NULL,'Student','');
INSERT INTO users_appuser VALUES(489,'pbkdf2_sha256$120000$mY0AuaMQjeE8$atLNF+3KM7QmPOfCLcHjPZXuTKF0pXvKj5DxL7DGcko=',NULL,0,'sabrinarobinson','Chloe','Andersen','stephanie15@hotmail.com',0,1,'2019-06-20 20:14:33.090176',NULL,NULL,NULL,'jessica82@ulisboa.pt',NULL,NULL,NULL,'PT',NULL,NULL,'Student','');
INSERT INTO users_appuser VALUES(490,'pbkdf2_sha256$120000$AjZos7zythxh$5vXE/G8AeLK99UTumFM233Y7hTaLAykGYuijG6k97Sg=',NULL,0,'jeffreyleonard','Nichole','Adams','andrew57@avila-phillips.com',0,1,'2019-06-20 20:14:33.274620',NULL,NULL,NULL,'brownaustin@ulisboa.pt',NULL,NULL,NULL,'PT',NULL,NULL,'Student','');
INSERT INTO users_appuser VALUES(491,'pbkdf2_sha256$120000$yjcJ6eUg2Uuq$csVgSXkE1B7yH9UeuM51po+WFbj260VND9hUV0GtnhI=',NULL,0,'molson','John','Sanders','thomaspatrick@gmail.com',0,1,'2019-06-20 20:14:33.445964',NULL,NULL,NULL,'qhale@ulisboa.pt',NULL,NULL,NULL,'PT',NULL,NULL,'Student','');
INSERT INTO users_appuser VALUES(492,'pbkdf2_sha256$120000$l7r8i9QDmxdR$mifeuZ9rG0Xis/b32Vawro71iwrMi2Zs+6x/RfWELyo=',NULL,0,'kathryn75','Steven','Lee','sullivanryan@yahoo.com',0,1,'2019-06-20 20:14:33.621982',NULL,NULL,NULL,'kimberlymitchell@ulisboa.pt',NULL,NULL,NULL,'PT',NULL,NULL,'Student','');
INSERT INTO users_appuser VALUES(493,'pbkdf2_sha256$120000$1J1yblA9mo24$KCwgJZ7SpCBVzVa4xZqunN6nB8Z+3RH2dVg/kw5DXWc=',NULL,0,'johnsonronald','Randy','Baxter','halljoshua@dawson.com',0,1,'2019-06-20 20:14:33.797974',NULL,NULL,NULL,'vegamichael@ulisboa.pt',NULL,NULL,NULL,'PT',NULL,NULL,'Student','');
INSERT INTO users_appuser VALUES(494,'pbkdf2_sha256$120000$y0eSVS6abiNi$PJCXG54jbO5dduQOKCti0eQExTrogFmS9jVQu/TWKpw=',NULL,0,'anthony14','Frank','Henderson','pvincent@shaw.com',0,1,'2019-06-20 20:14:33.979662',NULL,NULL,NULL,'kimberlysantana@ulisboa.pt',NULL,NULL,NULL,'PT',NULL,NULL,'Student','');
INSERT INTO users_appuser VALUES(495,'pbkdf2_sha256$120000$q8CZLiPtnjlq$WDuuDu7Xys1KCjELD3ZkejlxJLkJ5srPSblxFs8o+MA=',NULL,0,'bennettjames','Jennifer','Myers','zacharyduran@walsh.info',0,1,'2019-06-20 20:14:34.181083',NULL,NULL,NULL,'bruce27@ulisboa.pt',NULL,NULL,NULL,'PT',NULL,NULL,'Student','');
INSERT INTO users_appuser VALUES(496,'pbkdf2_sha256$120000$SAhPp9R7G1OH$mHqjboTQTTh4Y9uS64whs2m888oZ9CaAe0h5SqOr3Bk=',NULL,0,'williamsbarbara','Lori','Hayes','hannahhoward@ruiz-dickson.net',0,1,'2019-06-20 20:14:34.370601',NULL,NULL,NULL,'jjuarez@ulisboa.pt',NULL,NULL,NULL,'PT',NULL,NULL,'Student','');
INSERT INTO users_appuser VALUES(497,'pbkdf2_sha256$120000$CQvy0KDrifzx$8DA0PkRY7VP5xsIZz2EJ0o+5JrhZER2xliDc1HkBILs=',NULL,0,'drichardson','Adriana','Jones','jessica01@reed.com',0,1,'2019-06-20 20:14:34.543148',NULL,NULL,NULL,'alyssa15@ulisboa.pt',NULL,NULL,NULL,'PT',NULL,NULL,'Student','');
INSERT INTO users_appuser VALUES(498,'pbkdf2_sha256$120000$nF4wGHOZediT$WEapTrt8CtvPndZXtax/ju15r/z03DuR7ZNDLA6xL7Q=',NULL,0,'karenwalker','Morgan','Larson','djoseph@gmail.com',0,1,'2019-06-20 20:14:34.928160',NULL,NULL,NULL,'morancharles@ulisboa.pt',NULL,NULL,NULL,'PT',NULL,NULL,'Student','');
INSERT INTO users_appuser VALUES(499,'pbkdf2_sha256$120000$QJgBepIvfyxn$tDGYNrDkOR9mfk8o87OrDt3ZGuPGNvZto+dkVhsIAXI=',NULL,0,'zrodriguez','Michelle','Green','jimmy95@diaz.com',0,1,'2019-06-20 20:14:35.092806',NULL,NULL,NULL,'toddsmith@ulisboa.pt',NULL,NULL,NULL,'PT',NULL,NULL,'Student','');
INSERT INTO users_appuser VALUES(500,'pbkdf2_sha256$120000$qYFy4BEW3CBb$8dlo7o0cQ7ouR5LnZbdu5vy/lPIVzOqcWsIw/43pb/E=',NULL,0,'agray','Carmen','Kelly','hannah59@yahoo.com',0,1,'2019-06-20 20:14:35.260434',NULL,NULL,NULL,'aarontaylor@ulisboa.pt',NULL,NULL,NULL,'PT',NULL,NULL,'Student','');
INSERT INTO users_appuser VALUES(501,'pbkdf2_sha256$120000$afHB7EvAZxcc$Jk4YPee04n0obj+ZQ1vwQ0LSQ2PkDizHF1AQEWGAPpA=',NULL,0,'hansendiana','Daisy','Richardson','markflores@rodriguez.org',0,1,'2019-06-20 20:14:35.438917',NULL,NULL,NULL,'rogerrodriguez@ulisboa.pt',NULL,NULL,NULL,'PT',NULL,NULL,'Student','');
INSERT INTO users_appuser VALUES(502,'pbkdf2_sha256$120000$tCEVeFDxLgol$Esz3V61ax9GjirxhdUTxNqsmF54EyMgJqDhcqhC94ng=',NULL,0,'cunninghamjeremy','Amanda','Hall','steven11@yahoo.com',0,1,'2019-06-20 20:14:35.648243',NULL,NULL,NULL,'pamela41@ulisboa.pt',NULL,NULL,NULL,'PT',NULL,NULL,'Student','');
INSERT INTO users_appuser VALUES(503,'pbkdf2_sha256$120000$fz9ZPoCR0Clo$7N8FKp6ZtANH0M6UbhhJBlZAqjCMLNucJip3jDuuhJM=',NULL,0,'harrispaul','Nicholas','Skinner','millersarah@yahoo.com',0,1,'2019-06-20 20:14:35.827566',NULL,NULL,NULL,'zbeard@ulisboa.pt',NULL,NULL,NULL,'PT',NULL,NULL,'Student','');
INSERT INTO users_appuser VALUES(504,'pbkdf2_sha256$120000$zssHuCoK4Sd4$sfzpmQVwrCxgaiDDui6j3lIZNiGq0Wq01bcAU2/9+uw=',NULL,0,'cynthiabright','Eric','Ramirez','bhowell@hotmail.com',0,1,'2019-06-20 20:14:36.009135',NULL,NULL,NULL,'torreslauren@ulisboa.pt',NULL,NULL,NULL,'PT',NULL,NULL,'Student','');
INSERT INTO users_appuser VALUES(505,'pbkdf2_sha256$120000$BDTjDIogcUyI$U6hqj94vwG8kv4ZJzr23ISvvWxNB9eNTNO23K18GvCs=',NULL,0,'bradleymark','Martin','Nguyen','jonescorey@pierce.com',0,1,'2019-06-20 20:14:36.290184',NULL,NULL,NULL,'turnermichael@ulisboa.pt',NULL,NULL,NULL,'PT',NULL,NULL,'Student','');
CREATE TABLE IF NOT EXISTS "django_cron_cronjoblog" ("id" integer NOT NULL PRIMARY KEY AUTOINCREMENT, "code" varchar(64) NOT NULL, "start_time" datetime NOT NULL, "end_time" datetime NOT NULL, "is_success" bool NOT NULL, "ran_at_time" time NULL, "message" text NOT NULL);
CREATE TABLE IF NOT EXISTS "courses_coursesubject" ("id" integer NOT NULL PRIMARY KEY AUTOINCREMENT, "designation" varchar(100) NOT NULL, "course_year" smallint unsigned NOT NULL, "subject_id" integer NOT NULL REFERENCES "courses_subject" ("id") DEFERRABLE INITIALLY DEFERRED, "course_id" integer NOT NULL REFERENCES "courses_course" ("id") DEFERRABLE INITIALLY DEFERRED);
INSERT INTO courses_coursesubject VALUES(1,'PTI',3,1,1);
CREATE TABLE IF NOT EXISTS "courses_coursespecification_course_programme" ("id" integer NOT NULL PRIMARY KEY AUTOINCREMENT, "coursespecification_id" integer NOT NULL REFERENCES "courses_coursespecification" ("id") DEFERRABLE INITIALLY DEFERRED, "subjectspecification_id" integer NOT NULL REFERENCES "courses_subjectspecification" ("id") DEFERRABLE INITIALLY DEFERRED);
INSERT INTO courses_coursespecification_course_programme VALUES(1,1,1);
CREATE TABLE IF NOT EXISTS "courses_course" ("id" integer NOT NULL PRIMARY KEY AUTOINCREMENT, "lective_year" date NOT NULL, "vacancies" integer unsigned NOT NULL, "coordinator_id" integer NULL REFERENCES "users_professor" ("id") DEFERRABLE INITIALLY DEFERRED, "specification_id" integer NOT NULL REFERENCES "courses_coursespecification" ("id") DEFERRABLE INITIALLY DEFERRED, "f_semester_begin_date" date NULL, "f_semester_end_date" date NULL, "s_semester_begin_date" date NULL, "s_semester_end_date" date NULL);
INSERT INTO courses_course VALUES(1,'2019-03-13',60,1,1,'2018-09-17','2018-12-19','2019-02-18','2019-05-31');
CREATE TABLE IF NOT EXISTS "ShiftStudent" ("id" integer NOT NULL PRIMARY KEY AUTOINCREMENT, "shift_id" integer NOT NULL REFERENCES "timetable_shift" ("id") DEFERRABLE INITIALLY DEFERRED, "student_id" integer NOT NULL REFERENCES "users_student" ("id") DEFERRABLE INITIALLY DEFERRED);
INSERT INTO ShiftStudent VALUES(12,1,1);
CREATE TABLE IF NOT EXISTS "timetable_shiftexchangerequest" ("id" integer NOT NULL PRIMARY KEY AUTOINCREMENT, "shift_id" integer NOT NULL REFERENCES "timetable_shift" ("id") DEFERRABLE INITIALLY DEFERRED, "student_id" integer NOT NULL REFERENCES "users_student" ("id") DEFERRABLE INITIALLY DEFERRED, "acceptance" bool NULL);
INSERT INTO timetable_shiftexchangerequest VALUES(4,3,1,0);
DELETE FROM sqlite_sequence;
INSERT INTO sqlite_sequence VALUES('django_migrations',54);
INSERT INTO sqlite_sequence VALUES('courses_subject',1);
INSERT INTO sqlite_sequence VALUES('django_content_type',32);
INSERT INTO sqlite_sequence VALUES('auth_permission',128);
INSERT INTO sqlite_sequence VALUES('django_admin_log',64);
INSERT INTO sqlite_sequence VALUES('courses_coursespecification',1);
INSERT INTO sqlite_sequence VALUES('organizations_departmentcouncil',1);
INSERT INTO sqlite_sequence VALUES('timetable_attendance',3);
INSERT INTO sqlite_sequence VALUES('timetable_lesson',1);
INSERT INTO sqlite_sequence VALUES('timetable_lessonspecification',5);
INSERT INTO sqlite_sequence VALUES('timetable_shift',4);
INSERT INTO sqlite_sequence VALUES('dashboard_userdashboardmodule',6);
INSERT INTO sqlite_sequence VALUES('organizations_faculty',2);
INSERT INTO sqlite_sequence VALUES('users_professor',1);
INSERT INTO sqlite_sequence VALUES('courses_entranceexam',2);
INSERT INTO sqlite_sequence VALUES('organizations_department',1);
INSERT INTO sqlite_sequence VALUES('users_student',503);
INSERT INTO sqlite_sequence VALUES('courses_subject_students',501);
INSERT INTO sqlite_sequence VALUES('courses_coursespecification_entrance_exams',1);
INSERT INTO sqlite_sequence VALUES('users_student_course',503);
INSERT INTO sqlite_sequence VALUES('courses_finalgrade',1);
INSERT INTO sqlite_sequence VALUES('courses_grade',1);
INSERT INTO sqlite_sequence VALUES('organizations_room',1);
INSERT INTO sqlite_sequence VALUES('users_administrator',1);
INSERT INTO sqlite_sequence VALUES('timetable_class',1);
INSERT INTO sqlite_sequence VALUES('timetable_class_shifts',1);
INSERT INTO sqlite_sequence VALUES('courses_subjectspecification',1);
INSERT INTO sqlite_sequence VALUES('users_appuser',505);
INSERT INTO sqlite_sequence VALUES('django_cron_cronjoblog',0);
INSERT INTO sqlite_sequence VALUES('courses_coursesubject',1);
INSERT INTO sqlite_sequence VALUES('courses_coursespecification_course_programme',1);
INSERT INTO sqlite_sequence VALUES('courses_course',1);
INSERT INTO sqlite_sequence VALUES('ShiftStudent',12);
INSERT INTO sqlite_sequence VALUES('timetable_shiftexchangerequest',4);
CREATE INDEX "courses_subject_subject_spec_id_69324d00" ON "courses_subject" ("subject_spec_id");
CREATE UNIQUE INDEX "django_content_type_app_label_model_76bd3d3b_uniq" ON "django_content_type" ("app_label", "model");
CREATE UNIQUE INDEX "auth_group_permissions_group_id_permission_id_0cd325b0_uniq" ON "auth_group_permissions" ("group_id", "permission_id");
CREATE INDEX "auth_group_permissions_group_id_b120cbf9" ON "auth_group_permissions" ("group_id");
CREATE INDEX "auth_group_permissions_permission_id_84c5c92e" ON "auth_group_permissions" ("permission_id");
CREATE UNIQUE INDEX "auth_permission_content_type_id_codename_01ab375a_uniq" ON "auth_permission" ("content_type_id", "codename");
CREATE INDEX "auth_permission_content_type_id_2f476e4b" ON "auth_permission" ("content_type_id");
CREATE UNIQUE INDEX "users_appuser_groups_appuser_id_group_id_43290bd6_uniq" ON "users_appuser_groups" ("appuser_id", "group_id");
CREATE INDEX "users_appuser_groups_appuser_id_dc564bd4" ON "users_appuser_groups" ("appuser_id");
CREATE INDEX "users_appuser_groups_group_id_b7d03aa4" ON "users_appuser_groups" ("group_id");
CREATE UNIQUE INDEX "users_appuser_user_permissions_appuser_id_permission_id_2e1d87b7_uniq" ON "users_appuser_user_permissions" ("appuser_id", "permission_id");
CREATE INDEX "users_appuser_user_permissions_appuser_id_7372a2b1" ON "users_appuser_user_permissions" ("appuser_id");
CREATE INDEX "users_appuser_user_permissions_permission_id_6c242eef" ON "users_appuser_user_permissions" ("permission_id");
CREATE INDEX "users_administrator_app_user_id_660f95b9" ON "users_administrator" ("app_user_id");
CREATE INDEX "users_professor_app_user_id_959f896f" ON "users_professor" ("app_user_id");
CREATE INDEX "django_admin_log_content_type_id_c4bce8eb" ON "django_admin_log" ("content_type_id");
CREATE INDEX "django_admin_log_user_id_c564eba6" ON "django_admin_log" ("user_id");
CREATE INDEX "courses_coursespecification_department_id_aec46939" ON "courses_coursespecification" ("department_id");
CREATE UNIQUE INDEX "courses_coursespecification_entrance_exams_coursespecification_id_entranceexam_id_81bf0f24_uniq" ON "courses_coursespecification_entrance_exams" ("coursespecification_id", "entranceexam_id");
CREATE INDEX "courses_coursespecification_entrance_exams_coursespecification_id_f838a6bc" ON "courses_coursespecification_entrance_exams" ("coursespecification_id");
CREATE INDEX "courses_coursespecification_entrance_exams_entranceexam_id_0085c384" ON "courses_coursespecification_entrance_exams" ("entranceexam_id");
CREATE INDEX "organizations_departmentcouncil_president_id_a9b02976" ON "organizations_departmentcouncil" ("president_id");
CREATE INDEX "organizations_departmentcouncil_vice_president_one_id_2b9a5e4f" ON "organizations_departmentcouncil" ("vice_president_one_id");
CREATE INDEX "organizations_departmentcouncil_vice_president_two_id_382324c4" ON "organizations_departmentcouncil" ("vice_president_two_id");
CREATE INDEX "django_session_expire_date_a5c62663" ON "django_session" ("expire_date");
CREATE UNIQUE INDEX "timetable_class_shifts_class_id_shift_id_685f53e7_uniq" ON "timetable_class_shifts" ("class_id", "shift_id");
CREATE INDEX "timetable_class_shifts_class_id_a298552d" ON "timetable_class_shifts" ("class_id");
CREATE INDEX "timetable_class_shifts_shift_id_383343f1" ON "timetable_class_shifts" ("shift_id");
CREATE INDEX "timetable_attendance_lesson_id_db2ec210" ON "timetable_attendance" ("lesson_id");
CREATE INDEX "timetable_attendance_student_id_bc535b79" ON "timetable_attendance" ("student_id");
CREATE UNIQUE INDEX "users_student_course_student_id_course_id_d09f458b_uniq" ON "users_student_course" ("student_id", "course_id");
CREATE INDEX "users_student_course_student_id_1332d4d8" ON "users_student_course" ("student_id");
CREATE INDEX "users_student_course_course_id_23bcb90f" ON "users_student_course" ("course_id");
CREATE INDEX "timetable_lesson_lesson_spec_id_1080e4ee" ON "timetable_lesson" ("lesson_spec_id");
CREATE INDEX "timetable_lessonspecification_room_id_39c1b450" ON "timetable_lessonspecification" ("room_id");
CREATE INDEX "timetable_lessonspecification_shift_id_3cf5a9b4" ON "timetable_lessonspecification" ("shift_id");
CREATE INDEX "timetable_shift_professor_id_1f7c25f9" ON "timetable_shift" ("professor_id");
CREATE INDEX "timetable_shift_subject_id_008cc51e" ON "timetable_shift" ("subject_id");
CREATE INDEX "organizations_department_faculty_id_3c72c0d8" ON "organizations_department" ("faculty_id");
CREATE INDEX "organizations_department_council_id_eabf2771" ON "organizations_department" ("council_id");
CREATE INDEX "users_student_app_user_id_c26c26af" ON "users_student" ("app_user_id");
CREATE INDEX "users_student_faculty_id_d1fc6447" ON "users_student" ("faculty_id");
CREATE UNIQUE INDEX "courses_subject_students_subject_id_student_id_11620a53_uniq" ON "courses_subject_students" ("subject_id", "student_id");
CREATE INDEX "courses_subject_students_subject_id_f3886f93" ON "courses_subject_students" ("subject_id");
CREATE INDEX "courses_subject_students_student_id_9b6544bf" ON "courses_subject_students" ("student_id");
CREATE INDEX "courses_finalgrade_student_id_c377c9a8" ON "courses_finalgrade" ("student_id");
CREATE INDEX "courses_finalgrade_subject_id_c925893c" ON "courses_finalgrade" ("subject_id");
CREATE INDEX "courses_grade_student_id_c3e8f92f" ON "courses_grade" ("student_id");
CREATE INDEX "courses_grade_subject_id_927c439c" ON "courses_grade" ("subject_id");
CREATE INDEX "organizations_room_department_id_5061e40a" ON "organizations_room" ("department_id");
CREATE INDEX "organizations_room_faculty_id_e130addb" ON "organizations_room" ("faculty_id");
CREATE INDEX "django_cron_cronjoblog_code_48865653" ON "django_cron_cronjoblog" ("code");
CREATE INDEX "django_cron_cronjoblog_start_time_d68c0dd9" ON "django_cron_cronjoblog" ("start_time");
CREATE INDEX "django_cron_cronjoblog_end_time_7918602a" ON "django_cron_cronjoblog" ("end_time");
CREATE INDEX "django_cron_cronjoblog_ran_at_time_7fed2751" ON "django_cron_cronjoblog" ("ran_at_time");
CREATE INDEX "django_cron_cronjoblog_code_is_success_ran_at_time_84da9606_idx" ON "django_cron_cronjoblog" ("code", "is_success", "ran_at_time");
CREATE INDEX "django_cron_cronjoblog_code_start_time_ran_at_time_8b50b8fa_idx" ON "django_cron_cronjoblog" ("code", "start_time", "ran_at_time");
CREATE INDEX "django_cron_cronjoblog_code_start_time_4fc78f9d_idx" ON "django_cron_cronjoblog" ("code", "start_time");
CREATE INDEX "courses_coursesubject_subject_id_9cbb74f9" ON "courses_coursesubject" ("subject_id");
CREATE INDEX "courses_coursesubject_course_id_960f5df5" ON "courses_coursesubject" ("course_id");
CREATE UNIQUE INDEX "courses_coursespecification_course_programme_coursespecification_id_subjectspecification_id_8b9013a1_uniq" ON "courses_coursespecification_course_programme" ("coursespecification_id", "subjectspecification_id");
CREATE INDEX "courses_coursespecification_course_programme_coursespecification_id_8ed50a2c" ON "courses_coursespecification_course_programme" ("coursespecification_id");
CREATE INDEX "courses_coursespecification_course_programme_subjectspecification_id_c636dbce" ON "courses_coursespecification_course_programme" ("subjectspecification_id");
CREATE INDEX "courses_course_coordinator_id_5b051843" ON "courses_course" ("coordinator_id");
CREATE INDEX "courses_course_specification_id_20629021" ON "courses_course" ("specification_id");
CREATE UNIQUE INDEX "ShiftStudent_shift_id_student_id_6d279b12_uniq" ON "ShiftStudent" ("shift_id", "student_id");
CREATE INDEX "ShiftStudent_shift_id_772f1f4c" ON "ShiftStudent" ("shift_id");
CREATE INDEX "ShiftStudent_student_id_0264ae0d" ON "ShiftStudent" ("student_id");
CREATE INDEX "timetable_shiftexchangerequest_shift_id_32fab793" ON "timetable_shiftexchangerequest" ("shift_id");
CREATE INDEX "timetable_shiftexchangerequest_student_id_bd5ad732" ON "timetable_shiftexchangerequest" ("student_id");
COMMIT;
