PRAGMA foreign_keys=OFF;
BEGIN TRANSACTION;
CREATE TABLE IF NOT EXISTS "django_migrations" ("id" integer NOT NULL PRIMARY KEY AUTOINCREMENT, "app" varchar(255) NOT NULL, "name" varchar(255) NOT NULL, "applied" datetime NOT NULL);
INSERT INTO django_migrations VALUES(1,'organizations','0001_initial','2019-06-28 20:06:53.533120');
INSERT INTO django_migrations VALUES(2,'courses','0001_initial','2019-06-28 20:06:53.585392');
INSERT INTO django_migrations VALUES(3,'contenttypes','0001_initial','2019-06-28 20:06:53.605147');
INSERT INTO django_migrations VALUES(4,'contenttypes','0002_remove_content_type_name','2019-06-28 20:06:53.646811');
INSERT INTO django_migrations VALUES(5,'auth','0001_initial','2019-06-28 20:06:53.694160');
INSERT INTO django_migrations VALUES(6,'auth','0002_alter_permission_name_max_length','2019-06-28 20:06:53.717562');
INSERT INTO django_migrations VALUES(7,'auth','0003_alter_user_email_max_length','2019-06-28 20:06:53.744796');
INSERT INTO django_migrations VALUES(8,'auth','0004_alter_user_username_opts','2019-06-28 20:06:53.762876');
INSERT INTO django_migrations VALUES(9,'auth','0005_alter_user_last_login_null','2019-06-28 20:06:53.787136');
INSERT INTO django_migrations VALUES(10,'auth','0006_require_contenttypes_0002','2019-06-28 20:06:53.804692');
INSERT INTO django_migrations VALUES(11,'auth','0007_alter_validators_add_error_messages','2019-06-28 20:06:53.823704');
INSERT INTO django_migrations VALUES(12,'auth','0008_alter_user_username_max_length','2019-06-28 20:06:53.841683');
INSERT INTO django_migrations VALUES(13,'auth','0009_alter_user_last_name_max_length','2019-06-28 20:06:53.872962');
INSERT INTO django_migrations VALUES(14,'users','0001_initial','2019-06-28 20:06:53.948863');
INSERT INTO django_migrations VALUES(15,'admin','0001_initial','2019-06-28 20:06:53.995561');
INSERT INTO django_migrations VALUES(16,'admin','0002_logentry_remove_auto_add','2019-06-28 20:06:54.037160');
INSERT INTO django_migrations VALUES(17,'admin','0003_logentry_add_action_flag_choices','2019-06-28 20:06:54.126906');
INSERT INTO django_migrations VALUES(18,'auth','0010_alter_group_name_max_length','2019-06-28 20:06:54.175410');
INSERT INTO django_migrations VALUES(19,'auth','0011_update_proxy_permissions','2019-06-28 20:06:54.232860');
INSERT INTO django_migrations VALUES(20,'users','0002_auto_20190316_1518','2019-06-28 20:06:54.289766');
INSERT INTO django_migrations VALUES(21,'users','0003_auto_20190316_1535','2019-06-28 20:06:54.468207');
INSERT INTO django_migrations VALUES(22,'courses','0002_auto_20190316_1512','2019-06-28 20:06:54.752951');
INSERT INTO django_migrations VALUES(23,'users','0004_auto_20190316_2223','2019-06-28 20:06:54.841008');
INSERT INTO django_migrations VALUES(24,'users','0005_auto_20190323_1426','2019-06-28 20:06:54.936100');
INSERT INTO django_migrations VALUES(25,'users','0006_auto_20190323_1759','2019-06-28 20:06:55.229192');
INSERT INTO django_migrations VALUES(26,'users','0007_auto_20190323_1800','2019-06-28 20:06:55.382871');
INSERT INTO django_migrations VALUES(27,'courses','0003_auto_20190316_2235','2019-06-28 20:06:55.434462');
INSERT INTO django_migrations VALUES(28,'courses','0004_auto_20190323_1800','2019-06-28 20:06:55.487677');
INSERT INTO django_migrations VALUES(29,'courses','0005_auto_20190323_1846','2019-06-28 20:06:55.599120');
INSERT INTO django_migrations VALUES(30,'courses','0006_auto_20190323_1850','2019-06-28 20:06:55.688454');
INSERT INTO django_migrations VALUES(31,'courses','0007_auto_20190323_1902','2019-06-28 20:06:55.838112');
INSERT INTO django_migrations VALUES(32,'courses','0008_auto_20190414_1455','2019-06-28 20:06:55.886774');
INSERT INTO django_migrations VALUES(33,'courses','0009_auto_20190430_1429','2019-06-28 20:06:55.985534');
INSERT INTO django_migrations VALUES(34,'courses','0010_auto_20190512_1311','2019-06-28 20:06:56.090554');
INSERT INTO django_migrations VALUES(35,'dashboard','0001_initial','2019-06-28 20:06:56.126635');
INSERT INTO django_migrations VALUES(36,'jet','0001_initial','2019-06-28 20:06:56.159093');
INSERT INTO django_migrations VALUES(37,'jet','0002_delete_userdashboardmodule','2019-06-28 20:06:56.185038');
INSERT INTO django_migrations VALUES(38,'organizations','0002_auto_20190316_1512','2019-06-28 20:06:56.448691');
INSERT INTO django_migrations VALUES(39,'organizations','0003_auto_20190316_2232','2019-06-28 20:06:56.509879');
INSERT INTO django_migrations VALUES(40,'organizations','0004_auto_20190323_1800','2019-06-28 20:06:56.601336');
INSERT INTO django_migrations VALUES(41,'organizations','0005_auto_20190323_1907','2019-06-28 20:06:56.649277');
INSERT INTO django_migrations VALUES(42,'organizations','0006_faculty_max_ects_per_semester','2019-06-28 20:06:56.690413');
INSERT INTO django_migrations VALUES(43,'sessions','0001_initial','2019-06-28 20:06:56.724443');
INSERT INTO django_migrations VALUES(44,'users','0008_auto_20190426_1515','2019-06-28 20:06:56.774979');
INSERT INTO django_migrations VALUES(45,'timetable','0001_initial','2019-06-28 20:06:56.977037');
INSERT INTO django_migrations VALUES(46,'timetable','0002_attendance_student','2019-06-28 20:06:57.039803');
INSERT INTO django_migrations VALUES(47,'timetable','0003_shift_professor','2019-06-28 20:06:57.109251');
INSERT INTO django_migrations VALUES(48,'timetable','0004_auto_20190323_1526','2019-06-28 20:06:57.215425');
INSERT INTO django_migrations VALUES(49,'timetable','0005_auto_20190323_1545','2019-06-28 20:06:57.472693');
INSERT INTO django_migrations VALUES(50,'timetable','0006_auto_20190323_1556','2019-06-28 20:06:57.647945');
INSERT INTO django_migrations VALUES(51,'timetable','0007_auto_20190608_1939','2019-06-28 20:06:57.730543');
INSERT INTO django_migrations VALUES(52,'timetable','0008_shiftexchangerequest','2019-06-28 20:06:57.792874');
INSERT INTO django_migrations VALUES(53,'timetable','0009_shiftexchangerequest_acceptance','2019-06-28 20:06:57.872181');
INSERT INTO django_migrations VALUES(54,'timetable','0010_shift_is_open','2019-06-28 20:06:57.921106');
CREATE TABLE IF NOT EXISTS "courses_entranceexam" ("id" integer NOT NULL PRIMARY KEY AUTOINCREMENT, "designation" varchar(50) NOT NULL, "min_classification" real NOT NULL, "field" varchar(50) NOT NULL, "weight" real NOT NULL);
CREATE TABLE IF NOT EXISTS "courses_subject" ("id" integer NOT NULL PRIMARY KEY AUTOINCREMENT, "lective_year" date NOT NULL, "semester" varchar(1) NOT NULL, "duration" smallint unsigned NOT NULL CHECK ("duration" >= 0), "subject_spec_id" integer NOT NULL REFERENCES "courses_subjectspecification" ("id") DEFERRABLE INITIALLY DEFERRED);
CREATE TABLE IF NOT EXISTS "django_content_type" ("id" integer NOT NULL PRIMARY KEY AUTOINCREMENT, "app_label" varchar(100) NOT NULL, "model" varchar(100) NOT NULL);
INSERT INTO django_content_type VALUES(1,'dashboard','userdashboardmodule');
INSERT INTO django_content_type VALUES(2,'jet','bookmark');
INSERT INTO django_content_type VALUES(3,'jet','pinnedapplication');
INSERT INTO django_content_type VALUES(4,'admin','logentry');
INSERT INTO django_content_type VALUES(5,'auth','permission');
INSERT INTO django_content_type VALUES(6,'auth','group');
INSERT INTO django_content_type VALUES(7,'contenttypes','contenttype');
INSERT INTO django_content_type VALUES(8,'sessions','session');
INSERT INTO django_content_type VALUES(9,'users','appuser');
INSERT INTO django_content_type VALUES(10,'users','administrator');
INSERT INTO django_content_type VALUES(11,'users','professor');
INSERT INTO django_content_type VALUES(12,'users','student');
INSERT INTO django_content_type VALUES(13,'courses','course');
INSERT INTO django_content_type VALUES(14,'courses','coursespecification');
INSERT INTO django_content_type VALUES(15,'courses','coursesubject');
INSERT INTO django_content_type VALUES(16,'courses','entranceexam');
INSERT INTO django_content_type VALUES(17,'courses','finalgrade');
INSERT INTO django_content_type VALUES(18,'courses','grade');
INSERT INTO django_content_type VALUES(19,'courses','subject');
INSERT INTO django_content_type VALUES(20,'courses','subjectspecification');
INSERT INTO django_content_type VALUES(21,'organizations','department');
INSERT INTO django_content_type VALUES(22,'organizations','departmentcouncil');
INSERT INTO django_content_type VALUES(23,'organizations','faculty');
INSERT INTO django_content_type VALUES(24,'organizations','room');
INSERT INTO django_content_type VALUES(25,'timetable','attendance');
INSERT INTO django_content_type VALUES(26,'timetable','class');
INSERT INTO django_content_type VALUES(27,'timetable','lesson');
INSERT INTO django_content_type VALUES(28,'timetable','lessonspecification');
INSERT INTO django_content_type VALUES(29,'timetable','shift');
INSERT INTO django_content_type VALUES(30,'timetable','shiftexchangerequest');
CREATE TABLE IF NOT EXISTS "auth_group_permissions" ("id" integer NOT NULL PRIMARY KEY AUTOINCREMENT, "group_id" integer NOT NULL REFERENCES "auth_group" ("id") DEFERRABLE INITIALLY DEFERRED, "permission_id" integer NOT NULL REFERENCES "auth_permission" ("id") DEFERRABLE INITIALLY DEFERRED);
CREATE TABLE IF NOT EXISTS "auth_permission" ("id" integer NOT NULL PRIMARY KEY AUTOINCREMENT, "content_type_id" integer NOT NULL REFERENCES "django_content_type" ("id") DEFERRABLE INITIALLY DEFERRED, "codename" varchar(100) NOT NULL, "name" varchar(255) NOT NULL);
INSERT INTO auth_permission VALUES(1,1,'add_userdashboardmodule','Can add user dashboard module');
INSERT INTO auth_permission VALUES(2,1,'change_userdashboardmodule','Can change user dashboard module');
INSERT INTO auth_permission VALUES(3,1,'delete_userdashboardmodule','Can delete user dashboard module');
INSERT INTO auth_permission VALUES(4,1,'view_userdashboardmodule','Can view user dashboard module');
INSERT INTO auth_permission VALUES(5,2,'add_bookmark','Can add bookmark');
INSERT INTO auth_permission VALUES(6,2,'change_bookmark','Can change bookmark');
INSERT INTO auth_permission VALUES(7,2,'delete_bookmark','Can delete bookmark');
INSERT INTO auth_permission VALUES(8,2,'view_bookmark','Can view bookmark');
INSERT INTO auth_permission VALUES(9,3,'add_pinnedapplication','Can add pinned application');
INSERT INTO auth_permission VALUES(10,3,'change_pinnedapplication','Can change pinned application');
INSERT INTO auth_permission VALUES(11,3,'delete_pinnedapplication','Can delete pinned application');
INSERT INTO auth_permission VALUES(12,3,'view_pinnedapplication','Can view pinned application');
INSERT INTO auth_permission VALUES(13,4,'add_logentry','Can add log entry');
INSERT INTO auth_permission VALUES(14,4,'change_logentry','Can change log entry');
INSERT INTO auth_permission VALUES(15,4,'delete_logentry','Can delete log entry');
INSERT INTO auth_permission VALUES(16,4,'view_logentry','Can view log entry');
INSERT INTO auth_permission VALUES(17,5,'add_permission','Can add permission');
INSERT INTO auth_permission VALUES(18,5,'change_permission','Can change permission');
INSERT INTO auth_permission VALUES(19,5,'delete_permission','Can delete permission');
INSERT INTO auth_permission VALUES(20,5,'view_permission','Can view permission');
INSERT INTO auth_permission VALUES(21,6,'add_group','Can add group');
INSERT INTO auth_permission VALUES(22,6,'change_group','Can change group');
INSERT INTO auth_permission VALUES(23,6,'delete_group','Can delete group');
INSERT INTO auth_permission VALUES(24,6,'view_group','Can view group');
INSERT INTO auth_permission VALUES(25,7,'add_contenttype','Can add content type');
INSERT INTO auth_permission VALUES(26,7,'change_contenttype','Can change content type');
INSERT INTO auth_permission VALUES(27,7,'delete_contenttype','Can delete content type');
INSERT INTO auth_permission VALUES(28,7,'view_contenttype','Can view content type');
INSERT INTO auth_permission VALUES(29,8,'add_session','Can add session');
INSERT INTO auth_permission VALUES(30,8,'change_session','Can change session');
INSERT INTO auth_permission VALUES(31,8,'delete_session','Can delete session');
INSERT INTO auth_permission VALUES(32,8,'view_session','Can view session');
INSERT INTO auth_permission VALUES(33,9,'add_appuser','Can add user');
INSERT INTO auth_permission VALUES(34,9,'change_appuser','Can change user');
INSERT INTO auth_permission VALUES(35,9,'delete_appuser','Can delete user');
INSERT INTO auth_permission VALUES(36,9,'view_appuser','Can view user');
INSERT INTO auth_permission VALUES(37,10,'add_administrator','Can add administrator');
INSERT INTO auth_permission VALUES(38,10,'change_administrator','Can change administrator');
INSERT INTO auth_permission VALUES(39,10,'delete_administrator','Can delete administrator');
INSERT INTO auth_permission VALUES(40,10,'view_administrator','Can view administrator');
INSERT INTO auth_permission VALUES(41,11,'add_professor','Can add professor');
INSERT INTO auth_permission VALUES(42,11,'change_professor','Can change professor');
INSERT INTO auth_permission VALUES(43,11,'delete_professor','Can delete professor');
INSERT INTO auth_permission VALUES(44,11,'view_professor','Can view professor');
INSERT INTO auth_permission VALUES(45,12,'add_student','Can add student');
INSERT INTO auth_permission VALUES(46,12,'change_student','Can change student');
INSERT INTO auth_permission VALUES(47,12,'delete_student','Can delete student');
INSERT INTO auth_permission VALUES(48,12,'view_student','Can view student');
INSERT INTO auth_permission VALUES(49,13,'add_course','Can add course');
INSERT INTO auth_permission VALUES(50,13,'change_course','Can change course');
INSERT INTO auth_permission VALUES(51,13,'delete_course','Can delete course');
INSERT INTO auth_permission VALUES(52,13,'view_course','Can view course');
INSERT INTO auth_permission VALUES(53,14,'add_coursespecification','Can add course specification');
INSERT INTO auth_permission VALUES(54,14,'change_coursespecification','Can change course specification');
INSERT INTO auth_permission VALUES(55,14,'delete_coursespecification','Can delete course specification');
INSERT INTO auth_permission VALUES(56,14,'view_coursespecification','Can view course specification');
INSERT INTO auth_permission VALUES(57,15,'add_coursesubject','Can add course subject');
INSERT INTO auth_permission VALUES(58,15,'change_coursesubject','Can change course subject');
INSERT INTO auth_permission VALUES(59,15,'delete_coursesubject','Can delete course subject');
INSERT INTO auth_permission VALUES(60,15,'view_coursesubject','Can view course subject');
INSERT INTO auth_permission VALUES(61,16,'add_entranceexam','Can add entrance exam');
INSERT INTO auth_permission VALUES(62,16,'change_entranceexam','Can change entrance exam');
INSERT INTO auth_permission VALUES(63,16,'delete_entranceexam','Can delete entrance exam');
INSERT INTO auth_permission VALUES(64,16,'view_entranceexam','Can view entrance exam');
INSERT INTO auth_permission VALUES(65,17,'add_finalgrade','Can add final grade');
INSERT INTO auth_permission VALUES(66,17,'change_finalgrade','Can change final grade');
INSERT INTO auth_permission VALUES(67,17,'delete_finalgrade','Can delete final grade');
INSERT INTO auth_permission VALUES(68,17,'view_finalgrade','Can view final grade');
INSERT INTO auth_permission VALUES(69,18,'add_grade','Can add grade');
INSERT INTO auth_permission VALUES(70,18,'change_grade','Can change grade');
INSERT INTO auth_permission VALUES(71,18,'delete_grade','Can delete grade');
INSERT INTO auth_permission VALUES(72,18,'view_grade','Can view grade');
INSERT INTO auth_permission VALUES(73,19,'add_subject','Can add subject');
INSERT INTO auth_permission VALUES(74,19,'change_subject','Can change subject');
INSERT INTO auth_permission VALUES(75,19,'delete_subject','Can delete subject');
INSERT INTO auth_permission VALUES(76,19,'view_subject','Can view subject');
INSERT INTO auth_permission VALUES(77,20,'add_subjectspecification','Can add subject specification');
INSERT INTO auth_permission VALUES(78,20,'change_subjectspecification','Can change subject specification');
INSERT INTO auth_permission VALUES(79,20,'delete_subjectspecification','Can delete subject specification');
INSERT INTO auth_permission VALUES(80,20,'view_subjectspecification','Can view subject specification');
INSERT INTO auth_permission VALUES(81,21,'add_department','Can add department');
INSERT INTO auth_permission VALUES(82,21,'change_department','Can change department');
INSERT INTO auth_permission VALUES(83,21,'delete_department','Can delete department');
INSERT INTO auth_permission VALUES(84,21,'view_department','Can view department');
INSERT INTO auth_permission VALUES(85,22,'add_departmentcouncil','Can add department council');
INSERT INTO auth_permission VALUES(86,22,'change_departmentcouncil','Can change department council');
INSERT INTO auth_permission VALUES(87,22,'delete_departmentcouncil','Can delete department council');
INSERT INTO auth_permission VALUES(88,22,'view_departmentcouncil','Can view department council');
INSERT INTO auth_permission VALUES(89,23,'add_faculty','Can add faculty');
INSERT INTO auth_permission VALUES(90,23,'change_faculty','Can change faculty');
INSERT INTO auth_permission VALUES(91,23,'delete_faculty','Can delete faculty');
INSERT INTO auth_permission VALUES(92,23,'view_faculty','Can view faculty');
INSERT INTO auth_permission VALUES(93,24,'add_room','Can add room');
INSERT INTO auth_permission VALUES(94,24,'change_room','Can change room');
INSERT INTO auth_permission VALUES(95,24,'delete_room','Can delete room');
INSERT INTO auth_permission VALUES(96,24,'view_room','Can view room');
INSERT INTO auth_permission VALUES(97,25,'add_attendance','Can add attendance');
INSERT INTO auth_permission VALUES(98,25,'change_attendance','Can change attendance');
INSERT INTO auth_permission VALUES(99,25,'delete_attendance','Can delete attendance');
INSERT INTO auth_permission VALUES(100,25,'view_attendance','Can view attendance');
INSERT INTO auth_permission VALUES(101,26,'add_class','Can add class');
INSERT INTO auth_permission VALUES(102,26,'change_class','Can change class');
INSERT INTO auth_permission VALUES(103,26,'delete_class','Can delete class');
INSERT INTO auth_permission VALUES(104,26,'view_class','Can view class');
INSERT INTO auth_permission VALUES(105,27,'add_lesson','Can add lesson');
INSERT INTO auth_permission VALUES(106,27,'change_lesson','Can change lesson');
INSERT INTO auth_permission VALUES(107,27,'delete_lesson','Can delete lesson');
INSERT INTO auth_permission VALUES(108,27,'view_lesson','Can view lesson');
INSERT INTO auth_permission VALUES(109,28,'add_lessonspecification','Can add lesson specification');
INSERT INTO auth_permission VALUES(110,28,'change_lessonspecification','Can change lesson specification');
INSERT INTO auth_permission VALUES(111,28,'delete_lessonspecification','Can delete lesson specification');
INSERT INTO auth_permission VALUES(112,28,'view_lessonspecification','Can view lesson specification');
INSERT INTO auth_permission VALUES(113,29,'add_shift','Can add shift');
INSERT INTO auth_permission VALUES(114,29,'change_shift','Can change shift');
INSERT INTO auth_permission VALUES(115,29,'delete_shift','Can delete shift');
INSERT INTO auth_permission VALUES(116,29,'view_shift','Can view shift');
INSERT INTO auth_permission VALUES(117,30,'add_shiftexchangerequest','Can add shift exchange request');
INSERT INTO auth_permission VALUES(118,30,'change_shiftexchangerequest','Can change shift exchange request');
INSERT INTO auth_permission VALUES(119,30,'delete_shiftexchangerequest','Can delete shift exchange request');
INSERT INTO auth_permission VALUES(120,30,'view_shiftexchangerequest','Can view shift exchange request');
CREATE TABLE IF NOT EXISTS "users_appuser_groups" ("id" integer NOT NULL PRIMARY KEY AUTOINCREMENT, "appuser_id" integer NOT NULL REFERENCES "users_appuser" ("id") DEFERRABLE INITIALLY DEFERRED, "group_id" integer NOT NULL REFERENCES "auth_group" ("id") DEFERRABLE INITIALLY DEFERRED);
CREATE TABLE IF NOT EXISTS "users_appuser_user_permissions" ("id" integer NOT NULL PRIMARY KEY AUTOINCREMENT, "appuser_id" integer NOT NULL REFERENCES "users_appuser" ("id") DEFERRABLE INITIALLY DEFERRED, "permission_id" integer NOT NULL REFERENCES "auth_permission" ("id") DEFERRABLE INITIALLY DEFERRED);
CREATE TABLE IF NOT EXISTS "users_administrator" ("id" integer NOT NULL PRIMARY KEY AUTOINCREMENT, "number" integer unsigned NOT NULL CHECK ("number" >= 0), "app_user_id" integer NOT NULL REFERENCES "users_appuser" ("id") DEFERRABLE INITIALLY DEFERRED);
CREATE TABLE IF NOT EXISTS "users_professor" ("id" integer NOT NULL PRIMARY KEY AUTOINCREMENT, "number" integer unsigned NOT NULL CHECK ("number" >= 0), "rank" varchar(9) NOT NULL, "app_user_id" integer NOT NULL REFERENCES "users_appuser" ("id") DEFERRABLE INITIALLY DEFERRED);
CREATE TABLE IF NOT EXISTS "django_admin_log" ("id" integer NOT NULL PRIMARY KEY AUTOINCREMENT, "action_time" datetime NOT NULL, "object_id" text NULL, "object_repr" varchar(200) NOT NULL, "change_message" text NOT NULL, "content_type_id" integer NULL REFERENCES "django_content_type" ("id") DEFERRABLE INITIALLY DEFERRED, "user_id" integer NOT NULL REFERENCES "users_appuser" ("id") DEFERRABLE INITIALLY DEFERRED, "action_flag" smallint unsigned NOT NULL CHECK ("action_flag" >= 0));
CREATE TABLE IF NOT EXISTS "auth_group" ("id" integer NOT NULL PRIMARY KEY AUTOINCREMENT, "name" varchar(150) NOT NULL UNIQUE);
CREATE TABLE IF NOT EXISTS "courses_coursespecification" ("id" integer NOT NULL PRIMARY KEY AUTOINCREMENT, "code" varchar(10) NOT NULL, "designation" varchar(100) NOT NULL, "degree" varchar(9) NOT NULL, "ects" real NOT NULL, "total_semesters" smallint unsigned NOT NULL CHECK ("total_semesters" >= 0), "field" varchar(50) NOT NULL, "status" varchar(8) NOT NULL, "regime" varchar(5) NOT NULL, "department_id" integer NOT NULL REFERENCES "organizations_department" ("id") DEFERRABLE INITIALLY DEFERRED);
CREATE TABLE IF NOT EXISTS "courses_coursespecification_entrance_exams" ("id" integer NOT NULL PRIMARY KEY AUTOINCREMENT, "coursespecification_id" integer NOT NULL REFERENCES "courses_coursespecification" ("id") DEFERRABLE INITIALLY DEFERRED, "entranceexam_id" integer NOT NULL REFERENCES "courses_entranceexam" ("id") DEFERRABLE INITIALLY DEFERRED);
CREATE TABLE IF NOT EXISTS "users_student_course" ("id" integer NOT NULL PRIMARY KEY AUTOINCREMENT, "student_id" integer NOT NULL REFERENCES "users_student" ("id") DEFERRABLE INITIALLY DEFERRED, "course_id" integer NOT NULL REFERENCES "courses_course" ("id") DEFERRABLE INITIALLY DEFERRED);
CREATE TABLE IF NOT EXISTS "users_student" ("id" integer NOT NULL PRIMARY KEY AUTOINCREMENT, "number" integer unsigned NOT NULL CHECK ("number" >= 0), "call" varchar(1) NOT NULL, "entry_grade" real NOT NULL, "app_user_id" integer NOT NULL REFERENCES "users_appuser" ("id") DEFERRABLE INITIALLY DEFERRED, "faculty_id" integer NULL REFERENCES "organizations_faculty" ("id") DEFERRABLE INITIALLY DEFERRED, "statute" varchar(8) NULL);
CREATE TABLE IF NOT EXISTS "courses_subject_students" ("id" integer NOT NULL PRIMARY KEY AUTOINCREMENT, "subject_id" integer NOT NULL REFERENCES "courses_subject" ("id") DEFERRABLE INITIALLY DEFERRED, "student_id" integer NOT NULL REFERENCES "users_student" ("id") DEFERRABLE INITIALLY DEFERRED);
CREATE TABLE IF NOT EXISTS "courses_finalgrade" ("id" integer NOT NULL PRIMARY KEY AUTOINCREMENT, "eecc" varchar(1) NOT NULL, "grade" real NOT NULL, "student_id" integer NOT NULL REFERENCES "users_student" ("id") DEFERRABLE INITIALLY DEFERRED, "subject_id" integer NOT NULL REFERENCES "courses_subject" ("id") DEFERRABLE INITIALLY DEFERRED);
CREATE TABLE IF NOT EXISTS "courses_grade" ("id" integer NOT NULL PRIMARY KEY AUTOINCREMENT, "grade" real NOT NULL, "percentage" real NOT NULL, "designation" varchar(100) NOT NULL, "student_id" integer NOT NULL REFERENCES "users_student" ("id") DEFERRABLE INITIALLY DEFERRED, "subject_id" integer NOT NULL REFERENCES "courses_subject" ("id") DEFERRABLE INITIALLY DEFERRED);
CREATE TABLE IF NOT EXISTS "courses_subjectspecification" ("id" integer NOT NULL PRIMARY KEY AUTOINCREMENT, "ects" real NOT NULL, "code" varchar(10) NOT NULL, "programme" text NOT NULL, "objectives" text NOT NULL, "evaluation_method" text NOT NULL, "bibliography" text NOT NULL, "field_shifts" smallint NOT NULL, "lab_shifts" smallint NOT NULL, "practice_shifts" smallint NOT NULL, "theory_shifts" smallint NOT NULL);
CREATE TABLE IF NOT EXISTS "courses_coursesubject" ("id" integer NOT NULL PRIMARY KEY AUTOINCREMENT, "designation" varchar(100) NOT NULL, "course_year" smallint unsigned NOT NULL CHECK ("course_year" >= 0), "subject_id" integer NOT NULL REFERENCES "courses_subject" ("id") DEFERRABLE INITIALLY DEFERRED, "course_id" integer NOT NULL REFERENCES "courses_course" ("id") DEFERRABLE INITIALLY DEFERRED);
CREATE TABLE IF NOT EXISTS "courses_coursespecification_course_programme" ("id" integer NOT NULL PRIMARY KEY AUTOINCREMENT, "coursespecification_id" integer NOT NULL REFERENCES "courses_coursespecification" ("id") DEFERRABLE INITIALLY DEFERRED, "subjectspecification_id" integer NOT NULL REFERENCES "courses_subjectspecification" ("id") DEFERRABLE INITIALLY DEFERRED);
CREATE TABLE IF NOT EXISTS "courses_course" ("id" integer NOT NULL PRIMARY KEY AUTOINCREMENT, "lective_year" date NOT NULL, "vacancies" integer unsigned NOT NULL CHECK ("vacancies" >= 0), "coordinator_id" integer NULL REFERENCES "users_professor" ("id") DEFERRABLE INITIALLY DEFERRED, "specification_id" integer NOT NULL REFERENCES "courses_coursespecification" ("id") DEFERRABLE INITIALLY DEFERRED, "f_semester_begin_date" date NULL, "f_semester_end_date" date NULL, "s_semester_begin_date" date NULL, "s_semester_end_date" date NULL);
CREATE TABLE IF NOT EXISTS "dashboard_userdashboardmodule" ("id" integer NOT NULL PRIMARY KEY AUTOINCREMENT, "title" varchar(255) NOT NULL, "module" varchar(255) NOT NULL, "app_label" varchar(255) NULL, "user" integer unsigned NOT NULL CHECK ("user" >= 0), "column" integer unsigned NOT NULL CHECK ("column" >= 0), "order" integer NOT NULL, "settings" text NOT NULL, "children" text NOT NULL, "collapsed" bool NOT NULL);
CREATE TABLE IF NOT EXISTS "jet_bookmark" ("id" integer NOT NULL PRIMARY KEY AUTOINCREMENT, "url" varchar(200) NOT NULL, "title" varchar(255) NOT NULL, "user" integer unsigned NOT NULL CHECK ("user" >= 0), "date_add" datetime NOT NULL);
CREATE TABLE IF NOT EXISTS "jet_pinnedapplication" ("id" integer NOT NULL PRIMARY KEY AUTOINCREMENT, "app_label" varchar(255) NOT NULL, "user" integer unsigned NOT NULL CHECK ("user" >= 0), "date_add" datetime NOT NULL);
CREATE TABLE IF NOT EXISTS "organizations_departmentcouncil" ("id" integer NOT NULL PRIMARY KEY AUTOINCREMENT, "president_id" integer NOT NULL REFERENCES "users_professor" ("id") DEFERRABLE INITIALLY DEFERRED, "vice_president_one_id" integer NOT NULL REFERENCES "users_professor" ("id") DEFERRABLE INITIALLY DEFERRED, "vice_president_two_id" integer NOT NULL REFERENCES "users_professor" ("id") DEFERRABLE INITIALLY DEFERRED);
CREATE TABLE IF NOT EXISTS "organizations_department" ("id" integer NOT NULL PRIMARY KEY AUTOINCREMENT, "designation" varchar(100) NOT NULL, "field" varchar(50) NOT NULL, "code" varchar(10) NOT NULL, "faculty_id" integer NOT NULL REFERENCES "organizations_faculty" ("id") DEFERRABLE INITIALLY DEFERRED, "council_id" integer NULL REFERENCES "organizations_departmentcouncil" ("id") DEFERRABLE INITIALLY DEFERRED);
CREATE TABLE IF NOT EXISTS "organizations_room" ("id" integer NOT NULL PRIMARY KEY AUTOINCREMENT, "capacity" smallint unsigned NOT NULL CHECK ("capacity" >= 0), "building" smallint unsigned NOT NULL CHECK ("building" >= 0), "floor" smallint unsigned NOT NULL CHECK ("floor" >= 0), "door" smallint unsigned NOT NULL CHECK ("door" >= 0), "department_id" integer NULL REFERENCES "organizations_department" ("id") DEFERRABLE INITIALLY DEFERRED, "faculty_id" integer NOT NULL REFERENCES "organizations_faculty" ("id") DEFERRABLE INITIALLY DEFERRED, "r_type" varchar(11) NOT NULL);
CREATE TABLE IF NOT EXISTS "organizations_faculty" ("id" integer NOT NULL PRIMARY KEY AUTOINCREMENT, "code" varchar(10) NOT NULL, "designation" varchar(200) NOT NULL, "max_ects_per_semester" smallint unsigned NOT NULL CHECK ("max_ects_per_semester" >= 0));
CREATE TABLE IF NOT EXISTS "django_session" ("session_key" varchar(40) NOT NULL PRIMARY KEY, "session_data" text NOT NULL, "expire_date" datetime NOT NULL);
CREATE TABLE IF NOT EXISTS "users_appuser" ("id" integer NOT NULL PRIMARY KEY AUTOINCREMENT, "password" varchar(128) NOT NULL, "last_login" datetime NULL, "is_superuser" bool NOT NULL, "username" varchar(150) NOT NULL UNIQUE, "first_name" varchar(30) NOT NULL, "last_name" varchar(150) NOT NULL, "email" varchar(254) NOT NULL, "is_staff" bool NOT NULL, "is_active" bool NOT NULL, "date_joined" datetime NOT NULL, "nif" integer unsigned NULL UNIQUE CHECK ("nif" >= 0), "n_cc" integer unsigned NULL UNIQUE CHECK ("n_cc" >= 0), "dob" date NULL, "institutional_email" varchar(254) NULL UNIQUE, "contact" integer unsigned NULL CHECK ("contact" >= 0), "emergency_contact" integer unsigned NULL CHECK ("emergency_contact" >= 0), "professional_occupation" text NULL, "country" varchar(2) NULL, "marital_status" varchar(8) NULL, "gender" varchar(1) NULL, "user_type" varchar(13) NULL, "display_image" varchar(100) NOT NULL);
CREATE TABLE IF NOT EXISTS "timetable_class" ("id" integer NOT NULL PRIMARY KEY AUTOINCREMENT, "code" varchar(10) NOT NULL, "designation" varchar(100) NOT NULL);
CREATE TABLE IF NOT EXISTS "timetable_class_shifts" ("id" integer NOT NULL PRIMARY KEY AUTOINCREMENT, "class_id" integer NOT NULL REFERENCES "timetable_class" ("id") DEFERRABLE INITIALLY DEFERRED, "shift_id" integer NOT NULL REFERENCES "timetable_shift" ("id") DEFERRABLE INITIALLY DEFERRED);
CREATE TABLE IF NOT EXISTS "timetable_attendance" ("id" integer NOT NULL PRIMARY KEY AUTOINCREMENT, "lesson_id" integer NOT NULL REFERENCES "timetable_lesson" ("id") DEFERRABLE INITIALLY DEFERRED, "student_id" integer NOT NULL REFERENCES "users_student" ("id") DEFERRABLE INITIALLY DEFERRED);
CREATE TABLE IF NOT EXISTS "timetable_lesson" ("id" integer NOT NULL PRIMARY KEY AUTOINCREMENT, "date" date NOT NULL, "lesson_spec_id" integer NOT NULL REFERENCES "timetable_lessonspecification" ("id") DEFERRABLE INITIALLY DEFERRED);
CREATE TABLE IF NOT EXISTS "timetable_lessonspecification" ("id" integer NOT NULL PRIMARY KEY AUTOINCREMENT, "weekday" varchar(9) NOT NULL, "time" time NOT NULL, "duration" smallint unsigned NOT NULL CHECK ("duration" >= 0), "c_type" varchar(8) NOT NULL, "room_id" integer NOT NULL REFERENCES "organizations_room" ("id") DEFERRABLE INITIALLY DEFERRED, "shift_id" integer NOT NULL REFERENCES "timetable_shift" ("id") DEFERRABLE INITIALLY DEFERRED);
CREATE TABLE IF NOT EXISTS "ShiftStudent" ("id" integer NOT NULL PRIMARY KEY AUTOINCREMENT, "shift_id" integer NOT NULL REFERENCES "timetable_shift" ("id") DEFERRABLE INITIALLY DEFERRED, "student_id" integer NOT NULL REFERENCES "users_student" ("id") DEFERRABLE INITIALLY DEFERRED);
CREATE TABLE IF NOT EXISTS "timetable_shiftexchangerequest" ("id" integer NOT NULL PRIMARY KEY AUTOINCREMENT, "shift_id" integer NOT NULL REFERENCES "timetable_shift" ("id") DEFERRABLE INITIALLY DEFERRED, "student_id" integer NOT NULL REFERENCES "users_student" ("id") DEFERRABLE INITIALLY DEFERRED, "acceptance" bool NULL);
CREATE TABLE IF NOT EXISTS "timetable_shift" ("id" integer NOT NULL PRIMARY KEY AUTOINCREMENT, "code" varchar(10) NOT NULL, "vacancies" smallint unsigned NOT NULL CHECK ("vacancies" >= 0), "professor_id" integer NOT NULL REFERENCES "users_professor" ("id") DEFERRABLE INITIALLY DEFERRED, "subject_id" integer NOT NULL REFERENCES "courses_subject" ("id") DEFERRABLE INITIALLY DEFERRED, "is_open" bool NOT NULL);
DELETE FROM sqlite_sequence;
INSERT INTO sqlite_sequence VALUES('django_migrations',54);
INSERT INTO sqlite_sequence VALUES('courses_subject',0);
INSERT INTO sqlite_sequence VALUES('django_content_type',30);
INSERT INTO sqlite_sequence VALUES('auth_permission',120);
INSERT INTO sqlite_sequence VALUES('django_admin_log',0);
INSERT INTO sqlite_sequence VALUES('auth_group',0);
INSERT INTO sqlite_sequence VALUES('courses_coursespecification',0);
INSERT INTO sqlite_sequence VALUES('users_student',0);
INSERT INTO sqlite_sequence VALUES('courses_subject_students',0);
INSERT INTO sqlite_sequence VALUES('courses_finalgrade',0);
INSERT INTO sqlite_sequence VALUES('courses_grade',0);
INSERT INTO sqlite_sequence VALUES('courses_subjectspecification',0);
INSERT INTO sqlite_sequence VALUES('courses_coursesubject',0);
INSERT INTO sqlite_sequence VALUES('courses_coursespecification_course_programme',0);
INSERT INTO sqlite_sequence VALUES('courses_course',0);
INSERT INTO sqlite_sequence VALUES('organizations_departmentcouncil',0);
INSERT INTO sqlite_sequence VALUES('organizations_department',0);
INSERT INTO sqlite_sequence VALUES('organizations_room',0);
INSERT INTO sqlite_sequence VALUES('organizations_faculty',0);
INSERT INTO sqlite_sequence VALUES('users_appuser',0);
INSERT INTO sqlite_sequence VALUES('timetable_attendance',0);
INSERT INTO sqlite_sequence VALUES('timetable_lesson',0);
INSERT INTO sqlite_sequence VALUES('timetable_lessonspecification',0);
INSERT INTO sqlite_sequence VALUES('ShiftStudent',0);
INSERT INTO sqlite_sequence VALUES('timetable_shiftexchangerequest',0);
INSERT INTO sqlite_sequence VALUES('timetable_shift',0);
CREATE INDEX "courses_subject_subject_spec_id_69324d00" ON "courses_subject" ("subject_spec_id");
CREATE UNIQUE INDEX "django_content_type_app_label_model_76bd3d3b_uniq" ON "django_content_type" ("app_label", "model");
CREATE UNIQUE INDEX "auth_group_permissions_group_id_permission_id_0cd325b0_uniq" ON "auth_group_permissions" ("group_id", "permission_id");
CREATE INDEX "auth_group_permissions_group_id_b120cbf9" ON "auth_group_permissions" ("group_id");
CREATE INDEX "auth_group_permissions_permission_id_84c5c92e" ON "auth_group_permissions" ("permission_id");
CREATE UNIQUE INDEX "auth_permission_content_type_id_codename_01ab375a_uniq" ON "auth_permission" ("content_type_id", "codename");
CREATE INDEX "auth_permission_content_type_id_2f476e4b" ON "auth_permission" ("content_type_id");
CREATE UNIQUE INDEX "users_appuser_groups_appuser_id_group_id_43290bd6_uniq" ON "users_appuser_groups" ("appuser_id", "group_id");
CREATE INDEX "users_appuser_groups_appuser_id_dc564bd4" ON "users_appuser_groups" ("appuser_id");
CREATE INDEX "users_appuser_groups_group_id_b7d03aa4" ON "users_appuser_groups" ("group_id");
CREATE UNIQUE INDEX "users_appuser_user_permissions_appuser_id_permission_id_2e1d87b7_uniq" ON "users_appuser_user_permissions" ("appuser_id", "permission_id");
CREATE INDEX "users_appuser_user_permissions_appuser_id_7372a2b1" ON "users_appuser_user_permissions" ("appuser_id");
CREATE INDEX "users_appuser_user_permissions_permission_id_6c242eef" ON "users_appuser_user_permissions" ("permission_id");
CREATE INDEX "users_administrator_app_user_id_660f95b9" ON "users_administrator" ("app_user_id");
CREATE INDEX "users_professor_app_user_id_959f896f" ON "users_professor" ("app_user_id");
CREATE INDEX "django_admin_log_content_type_id_c4bce8eb" ON "django_admin_log" ("content_type_id");
CREATE INDEX "django_admin_log_user_id_c564eba6" ON "django_admin_log" ("user_id");
CREATE INDEX "courses_coursespecification_department_id_aec46939" ON "courses_coursespecification" ("department_id");
CREATE UNIQUE INDEX "courses_coursespecification_entrance_exams_coursespecification_id_entranceexam_id_81bf0f24_uniq" ON "courses_coursespecification_entrance_exams" ("coursespecification_id", "entranceexam_id");
CREATE INDEX "courses_coursespecification_entrance_exams_coursespecification_id_f838a6bc" ON "courses_coursespecification_entrance_exams" ("coursespecification_id");
CREATE INDEX "courses_coursespecification_entrance_exams_entranceexam_id_0085c384" ON "courses_coursespecification_entrance_exams" ("entranceexam_id");
CREATE UNIQUE INDEX "users_student_course_student_id_course_id_d09f458b_uniq" ON "users_student_course" ("student_id", "course_id");
CREATE INDEX "users_student_course_student_id_1332d4d8" ON "users_student_course" ("student_id");
CREATE INDEX "users_student_course_course_id_23bcb90f" ON "users_student_course" ("course_id");
CREATE INDEX "users_student_app_user_id_c26c26af" ON "users_student" ("app_user_id");
CREATE INDEX "users_student_faculty_id_d1fc6447" ON "users_student" ("faculty_id");
CREATE UNIQUE INDEX "courses_subject_students_subject_id_student_id_11620a53_uniq" ON "courses_subject_students" ("subject_id", "student_id");
CREATE INDEX "courses_subject_students_subject_id_f3886f93" ON "courses_subject_students" ("subject_id");
CREATE INDEX "courses_subject_students_student_id_9b6544bf" ON "courses_subject_students" ("student_id");
CREATE INDEX "courses_finalgrade_student_id_c377c9a8" ON "courses_finalgrade" ("student_id");
CREATE INDEX "courses_finalgrade_subject_id_c925893c" ON "courses_finalgrade" ("subject_id");
CREATE INDEX "courses_grade_student_id_c3e8f92f" ON "courses_grade" ("student_id");
CREATE INDEX "courses_grade_subject_id_927c439c" ON "courses_grade" ("subject_id");
CREATE INDEX "courses_coursesubject_subject_id_9cbb74f9" ON "courses_coursesubject" ("subject_id");
CREATE INDEX "courses_coursesubject_course_id_960f5df5" ON "courses_coursesubject" ("course_id");
CREATE UNIQUE INDEX "courses_coursespecification_course_programme_coursespecification_id_subjectspecification_id_8b9013a1_uniq" ON "courses_coursespecification_course_programme" ("coursespecification_id", "subjectspecification_id");
CREATE INDEX "courses_coursespecification_course_programme_coursespecification_id_8ed50a2c" ON "courses_coursespecification_course_programme" ("coursespecification_id");
CREATE INDEX "courses_coursespecification_course_programme_subjectspecification_id_c636dbce" ON "courses_coursespecification_course_programme" ("subjectspecification_id");
CREATE INDEX "courses_course_coordinator_id_5b051843" ON "courses_course" ("coordinator_id");
CREATE INDEX "courses_course_specification_id_20629021" ON "courses_course" ("specification_id");
CREATE INDEX "organizations_departmentcouncil_president_id_a9b02976" ON "organizations_departmentcouncil" ("president_id");
CREATE INDEX "organizations_departmentcouncil_vice_president_one_id_2b9a5e4f" ON "organizations_departmentcouncil" ("vice_president_one_id");
CREATE INDEX "organizations_departmentcouncil_vice_president_two_id_382324c4" ON "organizations_departmentcouncil" ("vice_president_two_id");
CREATE INDEX "organizations_department_faculty_id_3c72c0d8" ON "organizations_department" ("faculty_id");
CREATE INDEX "organizations_department_council_id_eabf2771" ON "organizations_department" ("council_id");
CREATE INDEX "organizations_room_department_id_5061e40a" ON "organizations_room" ("department_id");
CREATE INDEX "organizations_room_faculty_id_e130addb" ON "organizations_room" ("faculty_id");
CREATE INDEX "django_session_expire_date_a5c62663" ON "django_session" ("expire_date");
CREATE UNIQUE INDEX "timetable_class_shifts_class_id_shift_id_685f53e7_uniq" ON "timetable_class_shifts" ("class_id", "shift_id");
CREATE INDEX "timetable_class_shifts_class_id_a298552d" ON "timetable_class_shifts" ("class_id");
CREATE INDEX "timetable_class_shifts_shift_id_383343f1" ON "timetable_class_shifts" ("shift_id");
CREATE INDEX "timetable_attendance_lesson_id_db2ec210" ON "timetable_attendance" ("lesson_id");
CREATE INDEX "timetable_attendance_student_id_bc535b79" ON "timetable_attendance" ("student_id");
CREATE INDEX "timetable_lesson_lesson_spec_id_1080e4ee" ON "timetable_lesson" ("lesson_spec_id");
CREATE INDEX "timetable_lessonspecification_room_id_39c1b450" ON "timetable_lessonspecification" ("room_id");
CREATE INDEX "timetable_lessonspecification_shift_id_3cf5a9b4" ON "timetable_lessonspecification" ("shift_id");
CREATE UNIQUE INDEX "ShiftStudent_shift_id_student_id_6d279b12_uniq" ON "ShiftStudent" ("shift_id", "student_id");
CREATE INDEX "ShiftStudent_shift_id_772f1f4c" ON "ShiftStudent" ("shift_id");
CREATE INDEX "ShiftStudent_student_id_0264ae0d" ON "ShiftStudent" ("student_id");
CREATE INDEX "timetable_shiftexchangerequest_shift_id_32fab793" ON "timetable_shiftexchangerequest" ("shift_id");
CREATE INDEX "timetable_shiftexchangerequest_student_id_bd5ad732" ON "timetable_shiftexchangerequest" ("student_id");
CREATE INDEX "timetable_shift_professor_id_1f7c25f9" ON "timetable_shift" ("professor_id");
CREATE INDEX "timetable_shift_subject_id_008cc51e" ON "timetable_shift" ("subject_id");
COMMIT;
